"row","Firma","Website","Bedarf","Geschäftsführung","Empfänger-Mail","Mail-Typ","Betreff","Anrede","Mailtext (Plain)","Mailtext (HTML)","alle gefundenen Mails"
"2","2txt – natural language generation GmbH","https://2txt.de/","Vielleicht","Johannes Bubenzer","info@2txt.de","funktional","Intro KI Bundesverband - z.Hd. Johannes Bubenzer - Data Labeling und Annotation für Ihre KI Vorhaben","Hallo Herr Bubenzer,","Hallo Herr Bubenzer,

wir stehen eng mit dem KI Bundesverband im Austausch und haben dort die Info erhalten, dass wir uns mal bei euch melden sollen, da unser Experten-Netzwerk ggf. spannend für euch sein könnte.

Wir bei PathWize sind einer der führenden Anbieter für Data Labeling und Annotation im europäischen Raum. Mit einem Netzwerk von über 250.000 Experten können wir die richtigen Köpfe in unterschiedlichen Bereichen für sämtliche Data-Labeling-Bedarfe stellen.

Unternehmen wie z.B. Mistral AI und mittelständische Firmen bis hin zu Konzernen arbeiten bereits mit uns im Rahmen ihrer KI-Vorhaben (Post- und Pre-Training von Modellen, Data Labeling anhand von Bildern, RLHF etc.) zusammen.

Wenn Sie ebenfalls Bedarfe in diesen Bereichen haben, würden wir uns freuen, wenn wir euch hier supporten könnten.

Ich freue mich auf den weiteren Austausch.

Viele Grüße
[Ihr Name]
PathWize","<p>Hallo Herr Bubenzer,</p>
<p>wir stehen eng mit dem KI Bundesverband im Austausch und haben dort die Info erhalten, dass wir uns mal bei euch melden sollen, da unser Experten-Netzwerk ggf. spannend für euch sein könnte.</p>
<p>Wir bei <a href=""https://www.gopathwize.com"">PathWize</a> sind einer der führenden Anbieter für Data Labeling und Annotation im europäischen Raum. Mit einem Netzwerk von über 250.000 Experten können wir die richtigen Köpfe in unterschiedlichen Bereichen für sämtliche Data-Labeling-Bedarfe stellen.</p>
<p>Unternehmen wie z.B. Mistral AI und mittelständische Firmen bis hin zu Konzernen arbeiten bereits mit uns im Rahmen ihrer KI-Vorhaben (Post- und Pre-Training von Modellen, Data Labeling anhand von Bildern, RLHF etc.) zusammen.</p>
<p>Wenn Sie ebenfalls Bedarfe in diesen Bereichen haben, würden wir uns freuen, wenn wir euch hier supporten könnten.</p>
<p>Ich freue mich auf den weiteren Austausch.</p>
<p>Viele Grüße<br>[Ihr Name]<br>PathWize</p>","info@2txt.de"
"4","7Learnings GmbH","https://7learnings.com/","Vielleicht","Eiko van Hettinga; Felix Hoffmann","info@7learnings.com","funktional","Intro KI Bundesverband - z.Hd. Eiko Hettinga - Data Labeling und Annotation für Ihre KI Vorhaben","Hallo Eiko Hettinga,","Hallo Eiko Hettinga,

wir stehen eng mit dem KI Bundesverband im Austausch und haben dort die Info erhalten, dass wir uns mal bei euch melden sollen, da unser Experten-Netzwerk ggf. spannend für euch sein könnte.

Wir bei PathWize sind einer der führenden Anbieter für Data Labeling und Annotation im europäischen Raum. Mit einem Netzwerk von über 250.000 Experten können wir die richtigen Köpfe in unterschiedlichen Bereichen für sämtliche Data-Labeling-Bedarfe stellen.

Unternehmen wie z.B. Mistral AI und mittelständische Firmen bis hin zu Konzernen arbeiten bereits mit uns im Rahmen ihrer KI-Vorhaben (Post- und Pre-Training von Modellen, Data Labeling anhand von Bildern, RLHF etc.) zusammen.

Wenn Sie ebenfalls Bedarfe in diesen Bereichen haben, würden wir uns freuen, wenn wir euch hier supporten könnten.

Ich freue mich auf den weiteren Austausch.

Viele Grüße
[Ihr Name]
PathWize","<p>Hallo Eiko Hettinga,</p>
<p>wir stehen eng mit dem KI Bundesverband im Austausch und haben dort die Info erhalten, dass wir uns mal bei euch melden sollen, da unser Experten-Netzwerk ggf. spannend für euch sein könnte.</p>
<p>Wir bei <a href=""https://www.gopathwize.com"">PathWize</a> sind einer der führenden Anbieter für Data Labeling und Annotation im europäischen Raum. Mit einem Netzwerk von über 250.000 Experten können wir die richtigen Köpfe in unterschiedlichen Bereichen für sämtliche Data-Labeling-Bedarfe stellen.</p>
<p>Unternehmen wie z.B. Mistral AI und mittelständische Firmen bis hin zu Konzernen arbeiten bereits mit uns im Rahmen ihrer KI-Vorhaben (Post- und Pre-Training von Modellen, Data Labeling anhand von Bildern, RLHF etc.) zusammen.</p>
<p>Wenn Sie ebenfalls Bedarfe in diesen Bereichen haben, würden wir uns freuen, wenn wir euch hier supporten könnten.</p>
<p>Ich freue mich auf den weiteren Austausch.</p>
<p>Viele Grüße<br>[Ihr Name]<br>PathWize</p>","info@7learnings.com; security@7learnings.com"
"7","hero scale GmbH (absolute scale)","https://absolute-scale.ai/","Ja","","","keine Mail gefunden","Intro KI Bundesverband - Data Labeling und Annotation für Ihre KI Vorhaben","Guten Tag,","Guten Tag,

wir stehen eng mit dem KI Bundesverband im Austausch und haben dort die Info erhalten, dass wir uns mal bei euch melden sollen, da unser Experten-Netzwerk ggf. spannend für euch sein könnte.

Wir bei PathWize sind einer der führenden Anbieter für Data Labeling und Annotation im europäischen Raum. Mit einem Netzwerk von über 250.000 Experten können wir die richtigen Köpfe in unterschiedlichen Bereichen für sämtliche Data-Labeling-Bedarfe stellen.

Unternehmen wie z.B. Mistral AI und mittelständische Firmen bis hin zu Konzernen arbeiten bereits mit uns im Rahmen ihrer KI-Vorhaben (Post- und Pre-Training von Modellen, Data Labeling anhand von Bildern, RLHF etc.) zusammen.

Wenn Sie ebenfalls Bedarfe in diesen Bereichen haben, würden wir uns freuen, wenn wir euch hier supporten könnten.

Ich freue mich auf den weiteren Austausch.

Viele Grüße
[Ihr Name]
PathWize","<p>Guten Tag,</p>
<p>wir stehen eng mit dem KI Bundesverband im Austausch und haben dort die Info erhalten, dass wir uns mal bei euch melden sollen, da unser Experten-Netzwerk ggf. spannend für euch sein könnte.</p>
<p>Wir bei <a href=""https://www.gopathwize.com"">PathWize</a> sind einer der führenden Anbieter für Data Labeling und Annotation im europäischen Raum. Mit einem Netzwerk von über 250.000 Experten können wir die richtigen Köpfe in unterschiedlichen Bereichen für sämtliche Data-Labeling-Bedarfe stellen.</p>
<p>Unternehmen wie z.B. Mistral AI und mittelständische Firmen bis hin zu Konzernen arbeiten bereits mit uns im Rahmen ihrer KI-Vorhaben (Post- und Pre-Training von Modellen, Data Labeling anhand von Bildern, RLHF etc.) zusammen.</p>
<p>Wenn Sie ebenfalls Bedarfe in diesen Bereichen haben, würden wir uns freuen, wenn wir euch hier supporten könnten.</p>
<p>Ich freue mich auf den weiteren Austausch.</p>
<p>Viele Grüße<br>[Ihr Name]<br>PathWize</p>",""
"9","Acadeo GmbH","https://www.acadeo.ai/","Vielleicht","","info@acadeo.ai","funktional","Intro KI Bundesverband - Data Labeling und Annotation für Ihre KI Vorhaben","Guten Tag,","Guten Tag,

wir stehen eng mit dem KI Bundesverband im Austausch und haben dort die Info erhalten, dass wir uns mal bei euch melden sollen, da unser Experten-Netzwerk ggf. spannend für euch sein könnte.

Wir bei PathWize sind einer der führenden Anbieter für Data Labeling und Annotation im europäischen Raum. Mit einem Netzwerk von über 250.000 Experten können wir die richtigen Köpfe in unterschiedlichen Bereichen für sämtliche Data-Labeling-Bedarfe stellen.

Unternehmen wie z.B. Mistral AI und mittelständische Firmen bis hin zu Konzernen arbeiten bereits mit uns im Rahmen ihrer KI-Vorhaben (Post- und Pre-Training von Modellen, Data Labeling anhand von Bildern, RLHF etc.) zusammen.

Wenn Sie ebenfalls Bedarfe in diesen Bereichen haben, würden wir uns freuen, wenn wir euch hier supporten könnten.

Ich freue mich auf den weiteren Austausch.

Viele Grüße
[Ihr Name]
PathWize","<p>Guten Tag,</p>
<p>wir stehen eng mit dem KI Bundesverband im Austausch und haben dort die Info erhalten, dass wir uns mal bei euch melden sollen, da unser Experten-Netzwerk ggf. spannend für euch sein könnte.</p>
<p>Wir bei <a href=""https://www.gopathwize.com"">PathWize</a> sind einer der führenden Anbieter für Data Labeling und Annotation im europäischen Raum. Mit einem Netzwerk von über 250.000 Experten können wir die richtigen Köpfe in unterschiedlichen Bereichen für sämtliche Data-Labeling-Bedarfe stellen.</p>
<p>Unternehmen wie z.B. Mistral AI und mittelständische Firmen bis hin zu Konzernen arbeiten bereits mit uns im Rahmen ihrer KI-Vorhaben (Post- und Pre-Training von Modellen, Data Labeling anhand von Bildern, RLHF etc.) zusammen.</p>
<p>Wenn Sie ebenfalls Bedarfe in diesen Bereichen haben, würden wir uns freuen, wenn wir euch hier supporten könnten.</p>
<p>Ich freue mich auf den weiteren Austausch.</p>
<p>Viele Grüße<br>[Ihr Name]<br>PathWize</p>","info@acadeo.ai"
"10","Accso – Accelerated Solutions GmbH","https://accso.de/","Vielleicht","Jürgen Artmann; Tim Bölsche; Thomas Jäger; Ralf Kachel; Dr. Wulf Oberschulte","info@accso.de","funktional","Intro KI Bundesverband - z.Hd. Jürgen Artmann - Data Labeling und Annotation für Ihre KI Vorhaben","Hallo Herr Artmann,","Hallo Herr Artmann,

wir stehen eng mit dem KI Bundesverband im Austausch und haben dort die Info erhalten, dass wir uns mal bei euch melden sollen, da unser Experten-Netzwerk ggf. spannend für euch sein könnte.

Wir bei PathWize sind einer der führenden Anbieter für Data Labeling und Annotation im europäischen Raum. Mit einem Netzwerk von über 250.000 Experten können wir die richtigen Köpfe in unterschiedlichen Bereichen für sämtliche Data-Labeling-Bedarfe stellen.

Unternehmen wie z.B. Mistral AI und mittelständische Firmen bis hin zu Konzernen arbeiten bereits mit uns im Rahmen ihrer KI-Vorhaben (Post- und Pre-Training von Modellen, Data Labeling anhand von Bildern, RLHF etc.) zusammen.

Wenn Sie ebenfalls Bedarfe in diesen Bereichen haben, würden wir uns freuen, wenn wir euch hier supporten könnten.

Ich freue mich auf den weiteren Austausch.

Viele Grüße
[Ihr Name]
PathWize","<p>Hallo Herr Artmann,</p>
<p>wir stehen eng mit dem KI Bundesverband im Austausch und haben dort die Info erhalten, dass wir uns mal bei euch melden sollen, da unser Experten-Netzwerk ggf. spannend für euch sein könnte.</p>
<p>Wir bei <a href=""https://www.gopathwize.com"">PathWize</a> sind einer der führenden Anbieter für Data Labeling und Annotation im europäischen Raum. Mit einem Netzwerk von über 250.000 Experten können wir die richtigen Köpfe in unterschiedlichen Bereichen für sämtliche Data-Labeling-Bedarfe stellen.</p>
<p>Unternehmen wie z.B. Mistral AI und mittelständische Firmen bis hin zu Konzernen arbeiten bereits mit uns im Rahmen ihrer KI-Vorhaben (Post- und Pre-Training von Modellen, Data Labeling anhand von Bildern, RLHF etc.) zusammen.</p>
<p>Wenn Sie ebenfalls Bedarfe in diesen Bereichen haben, würden wir uns freuen, wenn wir euch hier supporten könnten.</p>
<p>Ich freue mich auf den weiteren Austausch.</p>
<p>Viele Grüße<br>[Ihr Name]<br>PathWize</p>","info@accso.de"
"14","Adspert GmbH","https://www.adspert.net/","Vielleicht","Stephanie Richter; Harald Bartel","support@adspert.de","funktional (Mitarbeiter-Mail)","Intro KI Bundesverband - z.Hd. Stephanie Richter - Data Labeling und Annotation für Ihre KI Vorhaben","Hallo Frau Richter,","Hallo Frau Richter,

wir stehen eng mit dem KI Bundesverband im Austausch und haben dort die Info erhalten, dass wir uns mal bei euch melden sollen, da unser Experten-Netzwerk ggf. spannend für euch sein könnte.

Wir bei PathWize sind einer der führenden Anbieter für Data Labeling und Annotation im europäischen Raum. Mit einem Netzwerk von über 250.000 Experten können wir die richtigen Köpfe in unterschiedlichen Bereichen für sämtliche Data-Labeling-Bedarfe stellen.

Unternehmen wie z.B. Mistral AI und mittelständische Firmen bis hin zu Konzernen arbeiten bereits mit uns im Rahmen ihrer KI-Vorhaben (Post- und Pre-Training von Modellen, Data Labeling anhand von Bildern, RLHF etc.) zusammen.

Wenn Sie ebenfalls Bedarfe in diesen Bereichen haben, würden wir uns freuen, wenn wir euch hier supporten könnten.

Ich freue mich auf den weiteren Austausch.

Viele Grüße
[Ihr Name]
PathWize","<p>Hallo Frau Richter,</p>
<p>wir stehen eng mit dem KI Bundesverband im Austausch und haben dort die Info erhalten, dass wir uns mal bei euch melden sollen, da unser Experten-Netzwerk ggf. spannend für euch sein könnte.</p>
<p>Wir bei <a href=""https://www.gopathwize.com"">PathWize</a> sind einer der führenden Anbieter für Data Labeling und Annotation im europäischen Raum. Mit einem Netzwerk von über 250.000 Experten können wir die richtigen Köpfe in unterschiedlichen Bereichen für sämtliche Data-Labeling-Bedarfe stellen.</p>
<p>Unternehmen wie z.B. Mistral AI und mittelständische Firmen bis hin zu Konzernen arbeiten bereits mit uns im Rahmen ihrer KI-Vorhaben (Post- und Pre-Training von Modellen, Data Labeling anhand von Bildern, RLHF etc.) zusammen.</p>
<p>Wenn Sie ebenfalls Bedarfe in diesen Bereichen haben, würden wir uns freuen, wenn wir euch hier supporten könnten.</p>
<p>Ich freue mich auf den weiteren Austausch.</p>
<p>Viele Grüße<br>[Ihr Name]<br>PathWize</p>","support@adspert.de; security@adspert.de"
"15","Adtelligence GmbH (acceleraid)","https://acceleraid.ai/","Vielleicht","","","keine Mail gefunden","Intro KI Bundesverband - Data Labeling und Annotation für Ihre KI Vorhaben","Guten Tag,","Guten Tag,

wir stehen eng mit dem KI Bundesverband im Austausch und haben dort die Info erhalten, dass wir uns mal bei euch melden sollen, da unser Experten-Netzwerk ggf. spannend für euch sein könnte.

Wir bei PathWize sind einer der führenden Anbieter für Data Labeling und Annotation im europäischen Raum. Mit einem Netzwerk von über 250.000 Experten können wir die richtigen Köpfe in unterschiedlichen Bereichen für sämtliche Data-Labeling-Bedarfe stellen.

Unternehmen wie z.B. Mistral AI und mittelständische Firmen bis hin zu Konzernen arbeiten bereits mit uns im Rahmen ihrer KI-Vorhaben (Post- und Pre-Training von Modellen, Data Labeling anhand von Bildern, RLHF etc.) zusammen.

Wenn Sie ebenfalls Bedarfe in diesen Bereichen haben, würden wir uns freuen, wenn wir euch hier supporten könnten.

Ich freue mich auf den weiteren Austausch.

Viele Grüße
[Ihr Name]
PathWize","<p>Guten Tag,</p>
<p>wir stehen eng mit dem KI Bundesverband im Austausch und haben dort die Info erhalten, dass wir uns mal bei euch melden sollen, da unser Experten-Netzwerk ggf. spannend für euch sein könnte.</p>
<p>Wir bei <a href=""https://www.gopathwize.com"">PathWize</a> sind einer der führenden Anbieter für Data Labeling und Annotation im europäischen Raum. Mit einem Netzwerk von über 250.000 Experten können wir die richtigen Köpfe in unterschiedlichen Bereichen für sämtliche Data-Labeling-Bedarfe stellen.</p>
<p>Unternehmen wie z.B. Mistral AI und mittelständische Firmen bis hin zu Konzernen arbeiten bereits mit uns im Rahmen ihrer KI-Vorhaben (Post- und Pre-Training von Modellen, Data Labeling anhand von Bildern, RLHF etc.) zusammen.</p>
<p>Wenn Sie ebenfalls Bedarfe in diesen Bereichen haben, würden wir uns freuen, wenn wir euch hier supporten könnten.</p>
<p>Ich freue mich auf den weiteren Austausch.</p>
<p>Viele Grüße<br>[Ihr Name]<br>PathWize</p>",""
"18","AI Health Systems GmbH","https://aihealthsystems.de/","Vielleicht","","","keine Mail gefunden","Intro KI Bundesverband - Data Labeling und Annotation für Ihre KI Vorhaben","Guten Tag,","Guten Tag,

wir stehen eng mit dem KI Bundesverband im Austausch und haben dort die Info erhalten, dass wir uns mal bei euch melden sollen, da unser Experten-Netzwerk ggf. spannend für euch sein könnte.

Wir bei PathWize sind einer der führenden Anbieter für Data Labeling und Annotation im europäischen Raum. Mit einem Netzwerk von über 250.000 Experten können wir die richtigen Köpfe in unterschiedlichen Bereichen für sämtliche Data-Labeling-Bedarfe stellen.

Unternehmen wie z.B. Mistral AI und mittelständische Firmen bis hin zu Konzernen arbeiten bereits mit uns im Rahmen ihrer KI-Vorhaben (Post- und Pre-Training von Modellen, Data Labeling anhand von Bildern, RLHF etc.) zusammen.

Wenn Sie ebenfalls Bedarfe in diesen Bereichen haben, würden wir uns freuen, wenn wir euch hier supporten könnten.

Ich freue mich auf den weiteren Austausch.

Viele Grüße
[Ihr Name]
PathWize","<p>Guten Tag,</p>
<p>wir stehen eng mit dem KI Bundesverband im Austausch und haben dort die Info erhalten, dass wir uns mal bei euch melden sollen, da unser Experten-Netzwerk ggf. spannend für euch sein könnte.</p>
<p>Wir bei <a href=""https://www.gopathwize.com"">PathWize</a> sind einer der führenden Anbieter für Data Labeling und Annotation im europäischen Raum. Mit einem Netzwerk von über 250.000 Experten können wir die richtigen Köpfe in unterschiedlichen Bereichen für sämtliche Data-Labeling-Bedarfe stellen.</p>
<p>Unternehmen wie z.B. Mistral AI und mittelständische Firmen bis hin zu Konzernen arbeiten bereits mit uns im Rahmen ihrer KI-Vorhaben (Post- und Pre-Training von Modellen, Data Labeling anhand von Bildern, RLHF etc.) zusammen.</p>
<p>Wenn Sie ebenfalls Bedarfe in diesen Bereichen haben, würden wir uns freuen, wenn wir euch hier supporten könnten.</p>
<p>Ich freue mich auf den weiteren Austausch.</p>
<p>Viele Grüße<br>[Ihr Name]<br>PathWize</p>",""
"19","AI Marketplace GmbH","https://www.ki-marktplatz.com/","Vielleicht","Ruslan Bernijazov; Rik Rasor","info@ki-marktplatz.com","funktional","Intro KI Bundesverband - z.Hd. Ruslan Bernijazov - Data Labeling und Annotation für Ihre KI Vorhaben","Hallo Ruslan Bernijazov,","Hallo Ruslan Bernijazov,

wir stehen eng mit dem KI Bundesverband im Austausch und haben dort die Info erhalten, dass wir uns mal bei euch melden sollen, da unser Experten-Netzwerk ggf. spannend für euch sein könnte.

Wir bei PathWize sind einer der führenden Anbieter für Data Labeling und Annotation im europäischen Raum. Mit einem Netzwerk von über 250.000 Experten können wir die richtigen Köpfe in unterschiedlichen Bereichen für sämtliche Data-Labeling-Bedarfe stellen.

Unternehmen wie z.B. Mistral AI und mittelständische Firmen bis hin zu Konzernen arbeiten bereits mit uns im Rahmen ihrer KI-Vorhaben (Post- und Pre-Training von Modellen, Data Labeling anhand von Bildern, RLHF etc.) zusammen.

Wenn Sie ebenfalls Bedarfe in diesen Bereichen haben, würden wir uns freuen, wenn wir euch hier supporten könnten.

Ich freue mich auf den weiteren Austausch.

Viele Grüße
[Ihr Name]
PathWize","<p>Hallo Ruslan Bernijazov,</p>
<p>wir stehen eng mit dem KI Bundesverband im Austausch und haben dort die Info erhalten, dass wir uns mal bei euch melden sollen, da unser Experten-Netzwerk ggf. spannend für euch sein könnte.</p>
<p>Wir bei <a href=""https://www.gopathwize.com"">PathWize</a> sind einer der führenden Anbieter für Data Labeling und Annotation im europäischen Raum. Mit einem Netzwerk von über 250.000 Experten können wir die richtigen Köpfe in unterschiedlichen Bereichen für sämtliche Data-Labeling-Bedarfe stellen.</p>
<p>Unternehmen wie z.B. Mistral AI und mittelständische Firmen bis hin zu Konzernen arbeiten bereits mit uns im Rahmen ihrer KI-Vorhaben (Post- und Pre-Training von Modellen, Data Labeling anhand von Bildern, RLHF etc.) zusammen.</p>
<p>Wenn Sie ebenfalls Bedarfe in diesen Bereichen haben, würden wir uns freuen, wenn wir euch hier supporten könnten.</p>
<p>Ich freue mich auf den weiteren Austausch.</p>
<p>Viele Grüße<br>[Ihr Name]<br>PathWize</p>","info@ki-marktplatz.com"
"22","AI Shepherds GmbH","https://www.aishepherds.com/de/home-page-deutsch/","Vielleicht","Albert Pujol","hello@aishepherds.com","funktional","Intro KI Bundesverband - z.Hd. Albert Pujol - Data Labeling und Annotation für Ihre KI Vorhaben","Hallo Herr Pujol,","Hallo Herr Pujol,

wir stehen eng mit dem KI Bundesverband im Austausch und haben dort die Info erhalten, dass wir uns mal bei euch melden sollen, da unser Experten-Netzwerk ggf. spannend für euch sein könnte.

Wir bei PathWize sind einer der führenden Anbieter für Data Labeling und Annotation im europäischen Raum. Mit einem Netzwerk von über 250.000 Experten können wir die richtigen Köpfe in unterschiedlichen Bereichen für sämtliche Data-Labeling-Bedarfe stellen.

Unternehmen wie z.B. Mistral AI und mittelständische Firmen bis hin zu Konzernen arbeiten bereits mit uns im Rahmen ihrer KI-Vorhaben (Post- und Pre-Training von Modellen, Data Labeling anhand von Bildern, RLHF etc.) zusammen.

Wenn Sie ebenfalls Bedarfe in diesen Bereichen haben, würden wir uns freuen, wenn wir euch hier supporten könnten.

Ich freue mich auf den weiteren Austausch.

Viele Grüße
[Ihr Name]
PathWize","<p>Hallo Herr Pujol,</p>
<p>wir stehen eng mit dem KI Bundesverband im Austausch und haben dort die Info erhalten, dass wir uns mal bei euch melden sollen, da unser Experten-Netzwerk ggf. spannend für euch sein könnte.</p>
<p>Wir bei <a href=""https://www.gopathwize.com"">PathWize</a> sind einer der führenden Anbieter für Data Labeling und Annotation im europäischen Raum. Mit einem Netzwerk von über 250.000 Experten können wir die richtigen Köpfe in unterschiedlichen Bereichen für sämtliche Data-Labeling-Bedarfe stellen.</p>
<p>Unternehmen wie z.B. Mistral AI und mittelständische Firmen bis hin zu Konzernen arbeiten bereits mit uns im Rahmen ihrer KI-Vorhaben (Post- und Pre-Training von Modellen, Data Labeling anhand von Bildern, RLHF etc.) zusammen.</p>
<p>Wenn Sie ebenfalls Bedarfe in diesen Bereichen haben, würden wir uns freuen, wenn wir euch hier supporten könnten.</p>
<p>Ich freue mich auf den weiteren Austausch.</p>
<p>Viele Grüße<br>[Ihr Name]<br>PathWize</p>","hello@aishepherds.com; sales@aishepherds.com"
"24","AI Superior GmbH","https://aisuperior.com/","Ja","Sergey Sukhanov; Ivan Tankoyeu","info@aisuperior.com","funktional","Intro KI Bundesverband - z.Hd. Sergey Sukhanov - Data Labeling und Annotation für Ihre KI Vorhaben","Hallo Herr Sukhanov,","Hallo Herr Sukhanov,

wir stehen eng mit dem KI Bundesverband im Austausch und haben dort die Info erhalten, dass wir uns mal bei euch melden sollen, da unser Experten-Netzwerk ggf. spannend für euch sein könnte.

Wir bei PathWize sind einer der führenden Anbieter für Data Labeling und Annotation im europäischen Raum. Mit einem Netzwerk von über 250.000 Experten können wir die richtigen Köpfe in unterschiedlichen Bereichen für sämtliche Data-Labeling-Bedarfe stellen.

Unternehmen wie z.B. Mistral AI und mittelständische Firmen bis hin zu Konzernen arbeiten bereits mit uns im Rahmen ihrer KI-Vorhaben (Post- und Pre-Training von Modellen, Data Labeling anhand von Bildern, RLHF etc.) zusammen.

Wenn Sie ebenfalls Bedarfe in diesen Bereichen haben, würden wir uns freuen, wenn wir euch hier supporten könnten.

Ich freue mich auf den weiteren Austausch.

Viele Grüße
[Ihr Name]
PathWize","<p>Hallo Herr Sukhanov,</p>
<p>wir stehen eng mit dem KI Bundesverband im Austausch und haben dort die Info erhalten, dass wir uns mal bei euch melden sollen, da unser Experten-Netzwerk ggf. spannend für euch sein könnte.</p>
<p>Wir bei <a href=""https://www.gopathwize.com"">PathWize</a> sind einer der führenden Anbieter für Data Labeling und Annotation im europäischen Raum. Mit einem Netzwerk von über 250.000 Experten können wir die richtigen Köpfe in unterschiedlichen Bereichen für sämtliche Data-Labeling-Bedarfe stellen.</p>
<p>Unternehmen wie z.B. Mistral AI und mittelständische Firmen bis hin zu Konzernen arbeiten bereits mit uns im Rahmen ihrer KI-Vorhaben (Post- und Pre-Training von Modellen, Data Labeling anhand von Bildern, RLHF etc.) zusammen.</p>
<p>Wenn Sie ebenfalls Bedarfe in diesen Bereichen haben, würden wir uns freuen, wenn wir euch hier supporten könnten.</p>
<p>Ich freue mich auf den weiteren Austausch.</p>
<p>Viele Grüße<br>[Ihr Name]<br>PathWize</p>","info@aisuperior.com"
"25","AI Techno Center GmbH","https://www.ai-tc.de/","Vielleicht","Svetlana Badak","support@ai-tc.de","funktional (Mitarbeiter-Mail)","Intro KI Bundesverband - z.Hd. Svetlana Badak - Data Labeling und Annotation für Ihre KI Vorhaben","Hallo Frau Badak,","Hallo Frau Badak,

wir stehen eng mit dem KI Bundesverband im Austausch und haben dort die Info erhalten, dass wir uns mal bei euch melden sollen, da unser Experten-Netzwerk ggf. spannend für euch sein könnte.

Wir bei PathWize sind einer der führenden Anbieter für Data Labeling und Annotation im europäischen Raum. Mit einem Netzwerk von über 250.000 Experten können wir die richtigen Köpfe in unterschiedlichen Bereichen für sämtliche Data-Labeling-Bedarfe stellen.

Unternehmen wie z.B. Mistral AI und mittelständische Firmen bis hin zu Konzernen arbeiten bereits mit uns im Rahmen ihrer KI-Vorhaben (Post- und Pre-Training von Modellen, Data Labeling anhand von Bildern, RLHF etc.) zusammen.

Wenn Sie ebenfalls Bedarfe in diesen Bereichen haben, würden wir uns freuen, wenn wir euch hier supporten könnten.

Ich freue mich auf den weiteren Austausch.

Viele Grüße
[Ihr Name]
PathWize","<p>Hallo Frau Badak,</p>
<p>wir stehen eng mit dem KI Bundesverband im Austausch und haben dort die Info erhalten, dass wir uns mal bei euch melden sollen, da unser Experten-Netzwerk ggf. spannend für euch sein könnte.</p>
<p>Wir bei <a href=""https://www.gopathwize.com"">PathWize</a> sind einer der führenden Anbieter für Data Labeling und Annotation im europäischen Raum. Mit einem Netzwerk von über 250.000 Experten können wir die richtigen Köpfe in unterschiedlichen Bereichen für sämtliche Data-Labeling-Bedarfe stellen.</p>
<p>Unternehmen wie z.B. Mistral AI und mittelständische Firmen bis hin zu Konzernen arbeiten bereits mit uns im Rahmen ihrer KI-Vorhaben (Post- und Pre-Training von Modellen, Data Labeling anhand von Bildern, RLHF etc.) zusammen.</p>
<p>Wenn Sie ebenfalls Bedarfe in diesen Bereichen haben, würden wir uns freuen, wenn wir euch hier supporten könnten.</p>
<p>Ich freue mich auf den weiteren Austausch.</p>
<p>Viele Grüße<br>[Ihr Name]<br>PathWize</p>","support@ai-tc.de"
"27","ai-omatic solutions GmbH","https://www.ai-omatic.com/","Ja","Lena Weirauch","info@ai-omatic.com","funktional","Intro KI Bundesverband - z.Hd. Lena Weirauch - Data Labeling und Annotation für Ihre KI Vorhaben","Hallo Frau Weirauch,","Hallo Frau Weirauch,

wir stehen eng mit dem KI Bundesverband im Austausch und haben dort die Info erhalten, dass wir uns mal bei euch melden sollen, da unser Experten-Netzwerk ggf. spannend für euch sein könnte.

Wir bei PathWize sind einer der führenden Anbieter für Data Labeling und Annotation im europäischen Raum. Mit einem Netzwerk von über 250.000 Experten können wir die richtigen Köpfe in unterschiedlichen Bereichen für sämtliche Data-Labeling-Bedarfe stellen.

Unternehmen wie z.B. Mistral AI und mittelständische Firmen bis hin zu Konzernen arbeiten bereits mit uns im Rahmen ihrer KI-Vorhaben (Post- und Pre-Training von Modellen, Data Labeling anhand von Bildern, RLHF etc.) zusammen.

Wenn Sie ebenfalls Bedarfe in diesen Bereichen haben, würden wir uns freuen, wenn wir euch hier supporten könnten.

Ich freue mich auf den weiteren Austausch.

Viele Grüße
[Ihr Name]
PathWize","<p>Hallo Frau Weirauch,</p>
<p>wir stehen eng mit dem KI Bundesverband im Austausch und haben dort die Info erhalten, dass wir uns mal bei euch melden sollen, da unser Experten-Netzwerk ggf. spannend für euch sein könnte.</p>
<p>Wir bei <a href=""https://www.gopathwize.com"">PathWize</a> sind einer der führenden Anbieter für Data Labeling und Annotation im europäischen Raum. Mit einem Netzwerk von über 250.000 Experten können wir die richtigen Köpfe in unterschiedlichen Bereichen für sämtliche Data-Labeling-Bedarfe stellen.</p>
<p>Unternehmen wie z.B. Mistral AI und mittelständische Firmen bis hin zu Konzernen arbeiten bereits mit uns im Rahmen ihrer KI-Vorhaben (Post- und Pre-Training von Modellen, Data Labeling anhand von Bildern, RLHF etc.) zusammen.</p>
<p>Wenn Sie ebenfalls Bedarfe in diesen Bereichen haben, würden wir uns freuen, wenn wir euch hier supporten könnten.</p>
<p>Ich freue mich auf den weiteren Austausch.</p>
<p>Viele Grüße<br>[Ihr Name]<br>PathWize</p>","info@ai-omatic.com"
"29","Ai.Worx UG","https://aiworx.ai/","Vielleicht","Maximilian Glas","contact@aiworx.ai","funktional","Intro KI Bundesverband - z.Hd. Maximilian Glas - Data Labeling und Annotation für Ihre KI Vorhaben","Hallo Herr Glas,","Hallo Herr Glas,

wir stehen eng mit dem KI Bundesverband im Austausch und haben dort die Info erhalten, dass wir uns mal bei euch melden sollen, da unser Experten-Netzwerk ggf. spannend für euch sein könnte.

Wir bei PathWize sind einer der führenden Anbieter für Data Labeling und Annotation im europäischen Raum. Mit einem Netzwerk von über 250.000 Experten können wir die richtigen Köpfe in unterschiedlichen Bereichen für sämtliche Data-Labeling-Bedarfe stellen.

Unternehmen wie z.B. Mistral AI und mittelständische Firmen bis hin zu Konzernen arbeiten bereits mit uns im Rahmen ihrer KI-Vorhaben (Post- und Pre-Training von Modellen, Data Labeling anhand von Bildern, RLHF etc.) zusammen.

Wenn Sie ebenfalls Bedarfe in diesen Bereichen haben, würden wir uns freuen, wenn wir euch hier supporten könnten.

Ich freue mich auf den weiteren Austausch.

Viele Grüße
[Ihr Name]
PathWize","<p>Hallo Herr Glas,</p>
<p>wir stehen eng mit dem KI Bundesverband im Austausch und haben dort die Info erhalten, dass wir uns mal bei euch melden sollen, da unser Experten-Netzwerk ggf. spannend für euch sein könnte.</p>
<p>Wir bei <a href=""https://www.gopathwize.com"">PathWize</a> sind einer der führenden Anbieter für Data Labeling und Annotation im europäischen Raum. Mit einem Netzwerk von über 250.000 Experten können wir die richtigen Köpfe in unterschiedlichen Bereichen für sämtliche Data-Labeling-Bedarfe stellen.</p>
<p>Unternehmen wie z.B. Mistral AI und mittelständische Firmen bis hin zu Konzernen arbeiten bereits mit uns im Rahmen ihrer KI-Vorhaben (Post- und Pre-Training von Modellen, Data Labeling anhand von Bildern, RLHF etc.) zusammen.</p>
<p>Wenn Sie ebenfalls Bedarfe in diesen Bereichen haben, würden wir uns freuen, wenn wir euch hier supporten könnten.</p>
<p>Ich freue mich auf den weiteren Austausch.</p>
<p>Viele Grüße<br>[Ihr Name]<br>PathWize</p>","contact@aiworx.ai"
"30","AI2Connect GmbH","https://ai2connect-do.com/","Ja","","","keine Mail gefunden","Intro KI Bundesverband - Data Labeling und Annotation für Ihre KI Vorhaben","Guten Tag,","Guten Tag,

wir stehen eng mit dem KI Bundesverband im Austausch und haben dort die Info erhalten, dass wir uns mal bei euch melden sollen, da unser Experten-Netzwerk ggf. spannend für euch sein könnte.

Wir bei PathWize sind einer der führenden Anbieter für Data Labeling und Annotation im europäischen Raum. Mit einem Netzwerk von über 250.000 Experten können wir die richtigen Köpfe in unterschiedlichen Bereichen für sämtliche Data-Labeling-Bedarfe stellen.

Unternehmen wie z.B. Mistral AI und mittelständische Firmen bis hin zu Konzernen arbeiten bereits mit uns im Rahmen ihrer KI-Vorhaben (Post- und Pre-Training von Modellen, Data Labeling anhand von Bildern, RLHF etc.) zusammen.

Wenn Sie ebenfalls Bedarfe in diesen Bereichen haben, würden wir uns freuen, wenn wir euch hier supporten könnten.

Ich freue mich auf den weiteren Austausch.

Viele Grüße
[Ihr Name]
PathWize","<p>Guten Tag,</p>
<p>wir stehen eng mit dem KI Bundesverband im Austausch und haben dort die Info erhalten, dass wir uns mal bei euch melden sollen, da unser Experten-Netzwerk ggf. spannend für euch sein könnte.</p>
<p>Wir bei <a href=""https://www.gopathwize.com"">PathWize</a> sind einer der führenden Anbieter für Data Labeling und Annotation im europäischen Raum. Mit einem Netzwerk von über 250.000 Experten können wir die richtigen Köpfe in unterschiedlichen Bereichen für sämtliche Data-Labeling-Bedarfe stellen.</p>
<p>Unternehmen wie z.B. Mistral AI und mittelständische Firmen bis hin zu Konzernen arbeiten bereits mit uns im Rahmen ihrer KI-Vorhaben (Post- und Pre-Training von Modellen, Data Labeling anhand von Bildern, RLHF etc.) zusammen.</p>
<p>Wenn Sie ebenfalls Bedarfe in diesen Bereichen haben, würden wir uns freuen, wenn wir euch hier supporten könnten.</p>
<p>Ich freue mich auf den weiteren Austausch.</p>
<p>Viele Grüße<br>[Ihr Name]<br>PathWize</p>",""
"31","AiCentive GmbH","https://aicentive.com/","Vielleicht","","mail@aicentive.com","funktional","Intro KI Bundesverband - Data Labeling und Annotation für Ihre KI Vorhaben","Guten Tag,","Guten Tag,

wir stehen eng mit dem KI Bundesverband im Austausch und haben dort die Info erhalten, dass wir uns mal bei euch melden sollen, da unser Experten-Netzwerk ggf. spannend für euch sein könnte.

Wir bei PathWize sind einer der führenden Anbieter für Data Labeling und Annotation im europäischen Raum. Mit einem Netzwerk von über 250.000 Experten können wir die richtigen Köpfe in unterschiedlichen Bereichen für sämtliche Data-Labeling-Bedarfe stellen.

Unternehmen wie z.B. Mistral AI und mittelständische Firmen bis hin zu Konzernen arbeiten bereits mit uns im Rahmen ihrer KI-Vorhaben (Post- und Pre-Training von Modellen, Data Labeling anhand von Bildern, RLHF etc.) zusammen.

Wenn Sie ebenfalls Bedarfe in diesen Bereichen haben, würden wir uns freuen, wenn wir euch hier supporten könnten.

Ich freue mich auf den weiteren Austausch.

Viele Grüße
[Ihr Name]
PathWize","<p>Guten Tag,</p>
<p>wir stehen eng mit dem KI Bundesverband im Austausch und haben dort die Info erhalten, dass wir uns mal bei euch melden sollen, da unser Experten-Netzwerk ggf. spannend für euch sein könnte.</p>
<p>Wir bei <a href=""https://www.gopathwize.com"">PathWize</a> sind einer der führenden Anbieter für Data Labeling und Annotation im europäischen Raum. Mit einem Netzwerk von über 250.000 Experten können wir die richtigen Köpfe in unterschiedlichen Bereichen für sämtliche Data-Labeling-Bedarfe stellen.</p>
<p>Unternehmen wie z.B. Mistral AI und mittelständische Firmen bis hin zu Konzernen arbeiten bereits mit uns im Rahmen ihrer KI-Vorhaben (Post- und Pre-Training von Modellen, Data Labeling anhand von Bildern, RLHF etc.) zusammen.</p>
<p>Wenn Sie ebenfalls Bedarfe in diesen Bereichen haben, würden wir uns freuen, wenn wir euch hier supporten könnten.</p>
<p>Ich freue mich auf den weiteren Austausch.</p>
<p>Viele Grüße<br>[Ihr Name]<br>PathWize</p>","mail@aicentive.com"
"32","aiconix GmbH","https://www.aiconix.ai/","Ja","","","keine Mail gefunden","Intro KI Bundesverband - Data Labeling und Annotation für Ihre KI Vorhaben","Guten Tag,","Guten Tag,

wir stehen eng mit dem KI Bundesverband im Austausch und haben dort die Info erhalten, dass wir uns mal bei euch melden sollen, da unser Experten-Netzwerk ggf. spannend für euch sein könnte.

Wir bei PathWize sind einer der führenden Anbieter für Data Labeling und Annotation im europäischen Raum. Mit einem Netzwerk von über 250.000 Experten können wir die richtigen Köpfe in unterschiedlichen Bereichen für sämtliche Data-Labeling-Bedarfe stellen.

Unternehmen wie z.B. Mistral AI und mittelständische Firmen bis hin zu Konzernen arbeiten bereits mit uns im Rahmen ihrer KI-Vorhaben (Post- und Pre-Training von Modellen, Data Labeling anhand von Bildern, RLHF etc.) zusammen.

Wenn Sie ebenfalls Bedarfe in diesen Bereichen haben, würden wir uns freuen, wenn wir euch hier supporten könnten.

Ich freue mich auf den weiteren Austausch.

Viele Grüße
[Ihr Name]
PathWize","<p>Guten Tag,</p>
<p>wir stehen eng mit dem KI Bundesverband im Austausch und haben dort die Info erhalten, dass wir uns mal bei euch melden sollen, da unser Experten-Netzwerk ggf. spannend für euch sein könnte.</p>
<p>Wir bei <a href=""https://www.gopathwize.com"">PathWize</a> sind einer der führenden Anbieter für Data Labeling und Annotation im europäischen Raum. Mit einem Netzwerk von über 250.000 Experten können wir die richtigen Köpfe in unterschiedlichen Bereichen für sämtliche Data-Labeling-Bedarfe stellen.</p>
<p>Unternehmen wie z.B. Mistral AI und mittelständische Firmen bis hin zu Konzernen arbeiten bereits mit uns im Rahmen ihrer KI-Vorhaben (Post- und Pre-Training von Modellen, Data Labeling anhand von Bildern, RLHF etc.) zusammen.</p>
<p>Wenn Sie ebenfalls Bedarfe in diesen Bereichen haben, würden wir uns freuen, wenn wir euch hier supporten könnten.</p>
<p>Ich freue mich auf den weiteren Austausch.</p>
<p>Viele Grüße<br>[Ihr Name]<br>PathWize</p>",""
"34","aiio GmbH","https://www.aiio.de/","Vielleicht","Dr. Christian Graup; Knut Köchli; Jobst von Heintze; Lars Bendler","info@aiio.de","funktional","Intro KI Bundesverband - z.Hd. Christian Graup - Data Labeling und Annotation für Ihre KI Vorhaben","Hallo Herr Dr. Graup,","Hallo Herr Dr. Graup,

wir stehen eng mit dem KI Bundesverband im Austausch und haben dort die Info erhalten, dass wir uns mal bei euch melden sollen, da unser Experten-Netzwerk ggf. spannend für euch sein könnte.

Wir bei PathWize sind einer der führenden Anbieter für Data Labeling und Annotation im europäischen Raum. Mit einem Netzwerk von über 250.000 Experten können wir die richtigen Köpfe in unterschiedlichen Bereichen für sämtliche Data-Labeling-Bedarfe stellen.

Unternehmen wie z.B. Mistral AI und mittelständische Firmen bis hin zu Konzernen arbeiten bereits mit uns im Rahmen ihrer KI-Vorhaben (Post- und Pre-Training von Modellen, Data Labeling anhand von Bildern, RLHF etc.) zusammen.

Wenn Sie ebenfalls Bedarfe in diesen Bereichen haben, würden wir uns freuen, wenn wir euch hier supporten könnten.

Ich freue mich auf den weiteren Austausch.

Viele Grüße
[Ihr Name]
PathWize","<p>Hallo Herr Dr. Graup,</p>
<p>wir stehen eng mit dem KI Bundesverband im Austausch und haben dort die Info erhalten, dass wir uns mal bei euch melden sollen, da unser Experten-Netzwerk ggf. spannend für euch sein könnte.</p>
<p>Wir bei <a href=""https://www.gopathwize.com"">PathWize</a> sind einer der führenden Anbieter für Data Labeling und Annotation im europäischen Raum. Mit einem Netzwerk von über 250.000 Experten können wir die richtigen Köpfe in unterschiedlichen Bereichen für sämtliche Data-Labeling-Bedarfe stellen.</p>
<p>Unternehmen wie z.B. Mistral AI und mittelständische Firmen bis hin zu Konzernen arbeiten bereits mit uns im Rahmen ihrer KI-Vorhaben (Post- und Pre-Training von Modellen, Data Labeling anhand von Bildern, RLHF etc.) zusammen.</p>
<p>Wenn Sie ebenfalls Bedarfe in diesen Bereichen haben, würden wir uns freuen, wenn wir euch hier supporten könnten.</p>
<p>Ich freue mich auf den weiteren Austausch.</p>
<p>Viele Grüße<br>[Ihr Name]<br>PathWize</p>","info@aiio.de"
"35","Brainsuite AI (aimpower GmbH)","https://www.aimpower.ai/","Ja","Peter Krause; Dr. Christian Scheier","contact@brainsuite.ai","funktional","Intro KI Bundesverband - z.Hd. Peter Krause - Data Labeling und Annotation für Ihre KI Vorhaben","Hallo Herr Krause,","Hallo Herr Krause,

wir stehen eng mit dem KI Bundesverband im Austausch und haben dort die Info erhalten, dass wir uns mal bei euch melden sollen, da unser Experten-Netzwerk ggf. spannend für euch sein könnte.

Wir bei PathWize sind einer der führenden Anbieter für Data Labeling und Annotation im europäischen Raum. Mit einem Netzwerk von über 250.000 Experten können wir die richtigen Köpfe in unterschiedlichen Bereichen für sämtliche Data-Labeling-Bedarfe stellen.

Unternehmen wie z.B. Mistral AI und mittelständische Firmen bis hin zu Konzernen arbeiten bereits mit uns im Rahmen ihrer KI-Vorhaben (Post- und Pre-Training von Modellen, Data Labeling anhand von Bildern, RLHF etc.) zusammen.

Wenn Sie ebenfalls Bedarfe in diesen Bereichen haben, würden wir uns freuen, wenn wir euch hier supporten könnten.

Ich freue mich auf den weiteren Austausch.

Viele Grüße
[Ihr Name]
PathWize","<p>Hallo Herr Krause,</p>
<p>wir stehen eng mit dem KI Bundesverband im Austausch und haben dort die Info erhalten, dass wir uns mal bei euch melden sollen, da unser Experten-Netzwerk ggf. spannend für euch sein könnte.</p>
<p>Wir bei <a href=""https://www.gopathwize.com"">PathWize</a> sind einer der führenden Anbieter für Data Labeling und Annotation im europäischen Raum. Mit einem Netzwerk von über 250.000 Experten können wir die richtigen Köpfe in unterschiedlichen Bereichen für sämtliche Data-Labeling-Bedarfe stellen.</p>
<p>Unternehmen wie z.B. Mistral AI und mittelständische Firmen bis hin zu Konzernen arbeiten bereits mit uns im Rahmen ihrer KI-Vorhaben (Post- und Pre-Training von Modellen, Data Labeling anhand von Bildern, RLHF etc.) zusammen.</p>
<p>Wenn Sie ebenfalls Bedarfe in diesen Bereichen haben, würden wir uns freuen, wenn wir euch hier supporten könnten.</p>
<p>Ich freue mich auf den weiteren Austausch.</p>
<p>Viele Grüße<br>[Ihr Name]<br>PathWize</p>","contact@brainsuite.ai"
"36","Ainovate GmbH","https://www.ainovate.com/","Ja","Dr. Kay Stankov","info@ainovate.com","funktional","Intro KI Bundesverband - z.Hd. Kay Stankov - Data Labeling und Annotation für Ihre KI Vorhaben","Hallo Herr Dr. Stankov,","Hallo Herr Dr. Stankov,

wir stehen eng mit dem KI Bundesverband im Austausch und haben dort die Info erhalten, dass wir uns mal bei euch melden sollen, da unser Experten-Netzwerk ggf. spannend für euch sein könnte.

Wir bei PathWize sind einer der führenden Anbieter für Data Labeling und Annotation im europäischen Raum. Mit einem Netzwerk von über 250.000 Experten können wir die richtigen Köpfe in unterschiedlichen Bereichen für sämtliche Data-Labeling-Bedarfe stellen.

Unternehmen wie z.B. Mistral AI und mittelständische Firmen bis hin zu Konzernen arbeiten bereits mit uns im Rahmen ihrer KI-Vorhaben (Post- und Pre-Training von Modellen, Data Labeling anhand von Bildern, RLHF etc.) zusammen.

Wenn Sie ebenfalls Bedarfe in diesen Bereichen haben, würden wir uns freuen, wenn wir euch hier supporten könnten.

Ich freue mich auf den weiteren Austausch.

Viele Grüße
[Ihr Name]
PathWize","<p>Hallo Herr Dr. Stankov,</p>
<p>wir stehen eng mit dem KI Bundesverband im Austausch und haben dort die Info erhalten, dass wir uns mal bei euch melden sollen, da unser Experten-Netzwerk ggf. spannend für euch sein könnte.</p>
<p>Wir bei <a href=""https://www.gopathwize.com"">PathWize</a> sind einer der führenden Anbieter für Data Labeling und Annotation im europäischen Raum. Mit einem Netzwerk von über 250.000 Experten können wir die richtigen Köpfe in unterschiedlichen Bereichen für sämtliche Data-Labeling-Bedarfe stellen.</p>
<p>Unternehmen wie z.B. Mistral AI und mittelständische Firmen bis hin zu Konzernen arbeiten bereits mit uns im Rahmen ihrer KI-Vorhaben (Post- und Pre-Training von Modellen, Data Labeling anhand von Bildern, RLHF etc.) zusammen.</p>
<p>Wenn Sie ebenfalls Bedarfe in diesen Bereichen haben, würden wir uns freuen, wenn wir euch hier supporten könnten.</p>
<p>Ich freue mich auf den weiteren Austausch.</p>
<p>Viele Grüße<br>[Ihr Name]<br>PathWize</p>","info@ainovate.com"
"38","AITAD GmbH","https://aitad.de/","Ja","Viacheslav Gromov","info@aitad.de","funktional","Intro KI Bundesverband - z.Hd. Viacheslav Gromov - Data Labeling und Annotation für Ihre KI Vorhaben","Hallo Herr Gromov,","Hallo Herr Gromov,

wir stehen eng mit dem KI Bundesverband im Austausch und haben dort die Info erhalten, dass wir uns mal bei euch melden sollen, da unser Experten-Netzwerk ggf. spannend für euch sein könnte.

Wir bei PathWize sind einer der führenden Anbieter für Data Labeling und Annotation im europäischen Raum. Mit einem Netzwerk von über 250.000 Experten können wir die richtigen Köpfe in unterschiedlichen Bereichen für sämtliche Data-Labeling-Bedarfe stellen.

Unternehmen wie z.B. Mistral AI und mittelständische Firmen bis hin zu Konzernen arbeiten bereits mit uns im Rahmen ihrer KI-Vorhaben (Post- und Pre-Training von Modellen, Data Labeling anhand von Bildern, RLHF etc.) zusammen.

Wenn Sie ebenfalls Bedarfe in diesen Bereichen haben, würden wir uns freuen, wenn wir euch hier supporten könnten.

Ich freue mich auf den weiteren Austausch.

Viele Grüße
[Ihr Name]
PathWize","<p>Hallo Herr Gromov,</p>
<p>wir stehen eng mit dem KI Bundesverband im Austausch und haben dort die Info erhalten, dass wir uns mal bei euch melden sollen, da unser Experten-Netzwerk ggf. spannend für euch sein könnte.</p>
<p>Wir bei <a href=""https://www.gopathwize.com"">PathWize</a> sind einer der führenden Anbieter für Data Labeling und Annotation im europäischen Raum. Mit einem Netzwerk von über 250.000 Experten können wir die richtigen Köpfe in unterschiedlichen Bereichen für sämtliche Data-Labeling-Bedarfe stellen.</p>
<p>Unternehmen wie z.B. Mistral AI und mittelständische Firmen bis hin zu Konzernen arbeiten bereits mit uns im Rahmen ihrer KI-Vorhaben (Post- und Pre-Training von Modellen, Data Labeling anhand von Bildern, RLHF etc.) zusammen.</p>
<p>Wenn Sie ebenfalls Bedarfe in diesen Bereichen haben, würden wir uns freuen, wenn wir euch hier supporten könnten.</p>
<p>Ich freue mich auf den weiteren Austausch.</p>
<p>Viele Grüße<br>[Ihr Name]<br>PathWize</p>","info@aitad.de"
"39","aiXbrain GmbH","https://www.aixbrain.de/","Ja","Dr. Alexander Engels, Dr. Simon Goertzen","kontakt@aixbrain.de","funktional","Intro KI Bundesverband - z.Hd. Alexander Engels - Data Labeling und Annotation für Ihre KI Vorhaben","Hallo Herr Dr. Engels,","Hallo Herr Dr. Engels,

wir stehen eng mit dem KI Bundesverband im Austausch und haben dort die Info erhalten, dass wir uns mal bei euch melden sollen, da unser Experten-Netzwerk ggf. spannend für euch sein könnte.

Wir bei PathWize sind einer der führenden Anbieter für Data Labeling und Annotation im europäischen Raum. Mit einem Netzwerk von über 250.000 Experten können wir die richtigen Köpfe in unterschiedlichen Bereichen für sämtliche Data-Labeling-Bedarfe stellen.

Unternehmen wie z.B. Mistral AI und mittelständische Firmen bis hin zu Konzernen arbeiten bereits mit uns im Rahmen ihrer KI-Vorhaben (Post- und Pre-Training von Modellen, Data Labeling anhand von Bildern, RLHF etc.) zusammen.

Wenn Sie ebenfalls Bedarfe in diesen Bereichen haben, würden wir uns freuen, wenn wir euch hier supporten könnten.

Ich freue mich auf den weiteren Austausch.

Viele Grüße
[Ihr Name]
PathWize","<p>Hallo Herr Dr. Engels,</p>
<p>wir stehen eng mit dem KI Bundesverband im Austausch und haben dort die Info erhalten, dass wir uns mal bei euch melden sollen, da unser Experten-Netzwerk ggf. spannend für euch sein könnte.</p>
<p>Wir bei <a href=""https://www.gopathwize.com"">PathWize</a> sind einer der führenden Anbieter für Data Labeling und Annotation im europäischen Raum. Mit einem Netzwerk von über 250.000 Experten können wir die richtigen Köpfe in unterschiedlichen Bereichen für sämtliche Data-Labeling-Bedarfe stellen.</p>
<p>Unternehmen wie z.B. Mistral AI und mittelständische Firmen bis hin zu Konzernen arbeiten bereits mit uns im Rahmen ihrer KI-Vorhaben (Post- und Pre-Training von Modellen, Data Labeling anhand von Bildern, RLHF etc.) zusammen.</p>
<p>Wenn Sie ebenfalls Bedarfe in diesen Bereichen haben, würden wir uns freuen, wenn wir euch hier supporten könnten.</p>
<p>Ich freue mich auf den weiteren Austausch.</p>
<p>Viele Grüße<br>[Ihr Name]<br>PathWize</p>","kontakt@aixbrain.de"
"40","Aixioom Software Solutions GmbH","https://www.aixioom.ai/","Vielleicht","","","keine Mail gefunden","Intro KI Bundesverband - Data Labeling und Annotation für Ihre KI Vorhaben","Guten Tag,","Guten Tag,

wir stehen eng mit dem KI Bundesverband im Austausch und haben dort die Info erhalten, dass wir uns mal bei euch melden sollen, da unser Experten-Netzwerk ggf. spannend für euch sein könnte.

Wir bei PathWize sind einer der führenden Anbieter für Data Labeling und Annotation im europäischen Raum. Mit einem Netzwerk von über 250.000 Experten können wir die richtigen Köpfe in unterschiedlichen Bereichen für sämtliche Data-Labeling-Bedarfe stellen.

Unternehmen wie z.B. Mistral AI und mittelständische Firmen bis hin zu Konzernen arbeiten bereits mit uns im Rahmen ihrer KI-Vorhaben (Post- und Pre-Training von Modellen, Data Labeling anhand von Bildern, RLHF etc.) zusammen.

Wenn Sie ebenfalls Bedarfe in diesen Bereichen haben, würden wir uns freuen, wenn wir euch hier supporten könnten.

Ich freue mich auf den weiteren Austausch.

Viele Grüße
[Ihr Name]
PathWize","<p>Guten Tag,</p>
<p>wir stehen eng mit dem KI Bundesverband im Austausch und haben dort die Info erhalten, dass wir uns mal bei euch melden sollen, da unser Experten-Netzwerk ggf. spannend für euch sein könnte.</p>
<p>Wir bei <a href=""https://www.gopathwize.com"">PathWize</a> sind einer der führenden Anbieter für Data Labeling und Annotation im europäischen Raum. Mit einem Netzwerk von über 250.000 Experten können wir die richtigen Köpfe in unterschiedlichen Bereichen für sämtliche Data-Labeling-Bedarfe stellen.</p>
<p>Unternehmen wie z.B. Mistral AI und mittelständische Firmen bis hin zu Konzernen arbeiten bereits mit uns im Rahmen ihrer KI-Vorhaben (Post- und Pre-Training von Modellen, Data Labeling anhand von Bildern, RLHF etc.) zusammen.</p>
<p>Wenn Sie ebenfalls Bedarfe in diesen Bereichen haben, würden wir uns freuen, wenn wir euch hier supporten könnten.</p>
<p>Ich freue mich auf den weiteren Austausch.</p>
<p>Viele Grüße<br>[Ihr Name]<br>PathWize</p>",""
"41","Aleph Alpha GmbH","https://aleph-alpha.de/index.html?language=de","Ja","Reto Spoerri, Ilhan Scheer","privacy@aleph-alpha.com","funktional (Mitarbeiter-Mail)","Intro KI Bundesverband - z.Hd. Reto Spoerri - Data Labeling und Annotation für Ihre KI Vorhaben","Hallo Herr Spoerri,","Hallo Herr Spoerri,

wir stehen eng mit dem KI Bundesverband im Austausch und haben dort die Info erhalten, dass wir uns mal bei euch melden sollen, da unser Experten-Netzwerk ggf. spannend für euch sein könnte.

Wir bei PathWize sind einer der führenden Anbieter für Data Labeling und Annotation im europäischen Raum. Mit einem Netzwerk von über 250.000 Experten können wir die richtigen Köpfe in unterschiedlichen Bereichen für sämtliche Data-Labeling-Bedarfe stellen.

Unternehmen wie z.B. Mistral AI und mittelständische Firmen bis hin zu Konzernen arbeiten bereits mit uns im Rahmen ihrer KI-Vorhaben (Post- und Pre-Training von Modellen, Data Labeling anhand von Bildern, RLHF etc.) zusammen.

Wenn Sie ebenfalls Bedarfe in diesen Bereichen haben, würden wir uns freuen, wenn wir euch hier supporten könnten.

Ich freue mich auf den weiteren Austausch.

Viele Grüße
[Ihr Name]
PathWize","<p>Hallo Herr Spoerri,</p>
<p>wir stehen eng mit dem KI Bundesverband im Austausch und haben dort die Info erhalten, dass wir uns mal bei euch melden sollen, da unser Experten-Netzwerk ggf. spannend für euch sein könnte.</p>
<p>Wir bei <a href=""https://www.gopathwize.com"">PathWize</a> sind einer der führenden Anbieter für Data Labeling und Annotation im europäischen Raum. Mit einem Netzwerk von über 250.000 Experten können wir die richtigen Köpfe in unterschiedlichen Bereichen für sämtliche Data-Labeling-Bedarfe stellen.</p>
<p>Unternehmen wie z.B. Mistral AI und mittelständische Firmen bis hin zu Konzernen arbeiten bereits mit uns im Rahmen ihrer KI-Vorhaben (Post- und Pre-Training von Modellen, Data Labeling anhand von Bildern, RLHF etc.) zusammen.</p>
<p>Wenn Sie ebenfalls Bedarfe in diesen Bereichen haben, würden wir uns freuen, wenn wir euch hier supporten könnten.</p>
<p>Ich freue mich auf den weiteren Austausch.</p>
<p>Viele Grüße<br>[Ihr Name]<br>PathWize</p>","privacy@aleph-alpha.com"
"42","Alexander Thamm GmbH","https://www.alexanderthamm.com/de/","Vielleicht","Alexander Thamm","contact@alexanderthamm.com","funktional","Intro KI Bundesverband - z.Hd. Alexander Thamm - Data Labeling und Annotation für Ihre KI Vorhaben","Hallo Herr Thamm,","Hallo Herr Thamm,

wir stehen eng mit dem KI Bundesverband im Austausch und haben dort die Info erhalten, dass wir uns mal bei euch melden sollen, da unser Experten-Netzwerk ggf. spannend für euch sein könnte.

Wir bei PathWize sind einer der führenden Anbieter für Data Labeling und Annotation im europäischen Raum. Mit einem Netzwerk von über 250.000 Experten können wir die richtigen Köpfe in unterschiedlichen Bereichen für sämtliche Data-Labeling-Bedarfe stellen.

Unternehmen wie z.B. Mistral AI und mittelständische Firmen bis hin zu Konzernen arbeiten bereits mit uns im Rahmen ihrer KI-Vorhaben (Post- und Pre-Training von Modellen, Data Labeling anhand von Bildern, RLHF etc.) zusammen.

Wenn Sie ebenfalls Bedarfe in diesen Bereichen haben, würden wir uns freuen, wenn wir euch hier supporten könnten.

Ich freue mich auf den weiteren Austausch.

Viele Grüße
[Ihr Name]
PathWize","<p>Hallo Herr Thamm,</p>
<p>wir stehen eng mit dem KI Bundesverband im Austausch und haben dort die Info erhalten, dass wir uns mal bei euch melden sollen, da unser Experten-Netzwerk ggf. spannend für euch sein könnte.</p>
<p>Wir bei <a href=""https://www.gopathwize.com"">PathWize</a> sind einer der führenden Anbieter für Data Labeling und Annotation im europäischen Raum. Mit einem Netzwerk von über 250.000 Experten können wir die richtigen Köpfe in unterschiedlichen Bereichen für sämtliche Data-Labeling-Bedarfe stellen.</p>
<p>Unternehmen wie z.B. Mistral AI und mittelständische Firmen bis hin zu Konzernen arbeiten bereits mit uns im Rahmen ihrer KI-Vorhaben (Post- und Pre-Training von Modellen, Data Labeling anhand von Bildern, RLHF etc.) zusammen.</p>
<p>Wenn Sie ebenfalls Bedarfe in diesen Bereichen haben, würden wir uns freuen, wenn wir euch hier supporten könnten.</p>
<p>Ich freue mich auf den weiteren Austausch.</p>
<p>Viele Grüße<br>[Ihr Name]<br>PathWize</p>","contact@alexanderthamm.com"
"43","ALFA AI GmbH","https://www.alfa-ai.com/","Ja","","","keine Mail gefunden","Intro KI Bundesverband - Data Labeling und Annotation für Ihre KI Vorhaben","Guten Tag,","Guten Tag,

wir stehen eng mit dem KI Bundesverband im Austausch und haben dort die Info erhalten, dass wir uns mal bei euch melden sollen, da unser Experten-Netzwerk ggf. spannend für euch sein könnte.

Wir bei PathWize sind einer der führenden Anbieter für Data Labeling und Annotation im europäischen Raum. Mit einem Netzwerk von über 250.000 Experten können wir die richtigen Köpfe in unterschiedlichen Bereichen für sämtliche Data-Labeling-Bedarfe stellen.

Unternehmen wie z.B. Mistral AI und mittelständische Firmen bis hin zu Konzernen arbeiten bereits mit uns im Rahmen ihrer KI-Vorhaben (Post- und Pre-Training von Modellen, Data Labeling anhand von Bildern, RLHF etc.) zusammen.

Wenn Sie ebenfalls Bedarfe in diesen Bereichen haben, würden wir uns freuen, wenn wir euch hier supporten könnten.

Ich freue mich auf den weiteren Austausch.

Viele Grüße
[Ihr Name]
PathWize","<p>Guten Tag,</p>
<p>wir stehen eng mit dem KI Bundesverband im Austausch und haben dort die Info erhalten, dass wir uns mal bei euch melden sollen, da unser Experten-Netzwerk ggf. spannend für euch sein könnte.</p>
<p>Wir bei <a href=""https://www.gopathwize.com"">PathWize</a> sind einer der führenden Anbieter für Data Labeling und Annotation im europäischen Raum. Mit einem Netzwerk von über 250.000 Experten können wir die richtigen Köpfe in unterschiedlichen Bereichen für sämtliche Data-Labeling-Bedarfe stellen.</p>
<p>Unternehmen wie z.B. Mistral AI und mittelständische Firmen bis hin zu Konzernen arbeiten bereits mit uns im Rahmen ihrer KI-Vorhaben (Post- und Pre-Training von Modellen, Data Labeling anhand von Bildern, RLHF etc.) zusammen.</p>
<p>Wenn Sie ebenfalls Bedarfe in diesen Bereichen haben, würden wir uns freuen, wenn wir euch hier supporten könnten.</p>
<p>Ich freue mich auf den weiteren Austausch.</p>
<p>Viele Grüße<br>[Ihr Name]<br>PathWize</p>",""
"45","Alpha Analytics","https://alpha-analytics.de/","Vielleicht","Konstanze Olschewski","info@alpha-analytics.de","funktional","Intro KI Bundesverband - z.Hd. Konstanze Olschewski - Data Labeling und Annotation für Ihre KI Vorhaben","Hallo Frau Olschewski,","Hallo Frau Olschewski,

wir stehen eng mit dem KI Bundesverband im Austausch und haben dort die Info erhalten, dass wir uns mal bei euch melden sollen, da unser Experten-Netzwerk ggf. spannend für euch sein könnte.

Wir bei PathWize sind einer der führenden Anbieter für Data Labeling und Annotation im europäischen Raum. Mit einem Netzwerk von über 250.000 Experten können wir die richtigen Köpfe in unterschiedlichen Bereichen für sämtliche Data-Labeling-Bedarfe stellen.

Unternehmen wie z.B. Mistral AI und mittelständische Firmen bis hin zu Konzernen arbeiten bereits mit uns im Rahmen ihrer KI-Vorhaben (Post- und Pre-Training von Modellen, Data Labeling anhand von Bildern, RLHF etc.) zusammen.

Wenn Sie ebenfalls Bedarfe in diesen Bereichen haben, würden wir uns freuen, wenn wir euch hier supporten könnten.

Ich freue mich auf den weiteren Austausch.

Viele Grüße
[Ihr Name]
PathWize","<p>Hallo Frau Olschewski,</p>
<p>wir stehen eng mit dem KI Bundesverband im Austausch und haben dort die Info erhalten, dass wir uns mal bei euch melden sollen, da unser Experten-Netzwerk ggf. spannend für euch sein könnte.</p>
<p>Wir bei <a href=""https://www.gopathwize.com"">PathWize</a> sind einer der führenden Anbieter für Data Labeling und Annotation im europäischen Raum. Mit einem Netzwerk von über 250.000 Experten können wir die richtigen Köpfe in unterschiedlichen Bereichen für sämtliche Data-Labeling-Bedarfe stellen.</p>
<p>Unternehmen wie z.B. Mistral AI und mittelständische Firmen bis hin zu Konzernen arbeiten bereits mit uns im Rahmen ihrer KI-Vorhaben (Post- und Pre-Training von Modellen, Data Labeling anhand von Bildern, RLHF etc.) zusammen.</p>
<p>Wenn Sie ebenfalls Bedarfe in diesen Bereichen haben, würden wir uns freuen, wenn wir euch hier supporten könnten.</p>
<p>Ich freue mich auf den weiteren Austausch.</p>
<p>Viele Grüße<br>[Ihr Name]<br>PathWize</p>","info@alpha-analytics.de"
"46","alphaspeech (alpha NT GmbH)","https://alphaspeech.de/","Ja","Dr. Rico Petrick","sprich-mit-uns@alphaspeech.de","funktional (Mitarbeiter-Mail)","Intro KI Bundesverband - z.Hd. Rico Petrick - Data Labeling und Annotation für Ihre KI Vorhaben","Hallo Herr Dr. Petrick,","Hallo Herr Dr. Petrick,

wir stehen eng mit dem KI Bundesverband im Austausch und haben dort die Info erhalten, dass wir uns mal bei euch melden sollen, da unser Experten-Netzwerk ggf. spannend für euch sein könnte.

Wir bei PathWize sind einer der führenden Anbieter für Data Labeling und Annotation im europäischen Raum. Mit einem Netzwerk von über 250.000 Experten können wir die richtigen Köpfe in unterschiedlichen Bereichen für sämtliche Data-Labeling-Bedarfe stellen.

Unternehmen wie z.B. Mistral AI und mittelständische Firmen bis hin zu Konzernen arbeiten bereits mit uns im Rahmen ihrer KI-Vorhaben (Post- und Pre-Training von Modellen, Data Labeling anhand von Bildern, RLHF etc.) zusammen.

Wenn Sie ebenfalls Bedarfe in diesen Bereichen haben, würden wir uns freuen, wenn wir euch hier supporten könnten.

Ich freue mich auf den weiteren Austausch.

Viele Grüße
[Ihr Name]
PathWize","<p>Hallo Herr Dr. Petrick,</p>
<p>wir stehen eng mit dem KI Bundesverband im Austausch und haben dort die Info erhalten, dass wir uns mal bei euch melden sollen, da unser Experten-Netzwerk ggf. spannend für euch sein könnte.</p>
<p>Wir bei <a href=""https://www.gopathwize.com"">PathWize</a> sind einer der führenden Anbieter für Data Labeling und Annotation im europäischen Raum. Mit einem Netzwerk von über 250.000 Experten können wir die richtigen Köpfe in unterschiedlichen Bereichen für sämtliche Data-Labeling-Bedarfe stellen.</p>
<p>Unternehmen wie z.B. Mistral AI und mittelständische Firmen bis hin zu Konzernen arbeiten bereits mit uns im Rahmen ihrer KI-Vorhaben (Post- und Pre-Training von Modellen, Data Labeling anhand von Bildern, RLHF etc.) zusammen.</p>
<p>Wenn Sie ebenfalls Bedarfe in diesen Bereichen haben, würden wir uns freuen, wenn wir euch hier supporten könnten.</p>
<p>Ich freue mich auf den weiteren Austausch.</p>
<p>Viele Grüße<br>[Ihr Name]<br>PathWize</p>","sprich-mit-uns@alphaspeech.de; support@alphaspeech.de"
"47","Alphos-Services (AKAIA)","https://www.alphos-services.com/","Vielleicht","","contact@alphos-services.com","funktional","Intro KI Bundesverband - Data Labeling und Annotation für Ihre KI Vorhaben","Guten Tag,","Guten Tag,

wir stehen eng mit dem KI Bundesverband im Austausch und haben dort die Info erhalten, dass wir uns mal bei euch melden sollen, da unser Experten-Netzwerk ggf. spannend für euch sein könnte.

Wir bei PathWize sind einer der führenden Anbieter für Data Labeling und Annotation im europäischen Raum. Mit einem Netzwerk von über 250.000 Experten können wir die richtigen Köpfe in unterschiedlichen Bereichen für sämtliche Data-Labeling-Bedarfe stellen.

Unternehmen wie z.B. Mistral AI und mittelständische Firmen bis hin zu Konzernen arbeiten bereits mit uns im Rahmen ihrer KI-Vorhaben (Post- und Pre-Training von Modellen, Data Labeling anhand von Bildern, RLHF etc.) zusammen.

Wenn Sie ebenfalls Bedarfe in diesen Bereichen haben, würden wir uns freuen, wenn wir euch hier supporten könnten.

Ich freue mich auf den weiteren Austausch.

Viele Grüße
[Ihr Name]
PathWize","<p>Guten Tag,</p>
<p>wir stehen eng mit dem KI Bundesverband im Austausch und haben dort die Info erhalten, dass wir uns mal bei euch melden sollen, da unser Experten-Netzwerk ggf. spannend für euch sein könnte.</p>
<p>Wir bei <a href=""https://www.gopathwize.com"">PathWize</a> sind einer der führenden Anbieter für Data Labeling und Annotation im europäischen Raum. Mit einem Netzwerk von über 250.000 Experten können wir die richtigen Köpfe in unterschiedlichen Bereichen für sämtliche Data-Labeling-Bedarfe stellen.</p>
<p>Unternehmen wie z.B. Mistral AI und mittelständische Firmen bis hin zu Konzernen arbeiten bereits mit uns im Rahmen ihrer KI-Vorhaben (Post- und Pre-Training von Modellen, Data Labeling anhand von Bildern, RLHF etc.) zusammen.</p>
<p>Wenn Sie ebenfalls Bedarfe in diesen Bereichen haben, würden wir uns freuen, wenn wir euch hier supporten könnten.</p>
<p>Ich freue mich auf den weiteren Austausch.</p>
<p>Viele Grüße<br>[Ihr Name]<br>PathWize</p>","contact@alphos-services.com; bewerbung@alphos-services.com"
"48","AMAI GmbH","https://am.ai/","Ja","Dr. Juergen Stumpp","info@am.ai","funktional","Intro KI Bundesverband - z.Hd. Juergen Stumpp - Data Labeling und Annotation für Ihre KI Vorhaben","Hallo Herr Dr. Stumpp,","Hallo Herr Dr. Stumpp,

wir stehen eng mit dem KI Bundesverband im Austausch und haben dort die Info erhalten, dass wir uns mal bei euch melden sollen, da unser Experten-Netzwerk ggf. spannend für euch sein könnte.

Wir bei PathWize sind einer der führenden Anbieter für Data Labeling und Annotation im europäischen Raum. Mit einem Netzwerk von über 250.000 Experten können wir die richtigen Köpfe in unterschiedlichen Bereichen für sämtliche Data-Labeling-Bedarfe stellen.

Unternehmen wie z.B. Mistral AI und mittelständische Firmen bis hin zu Konzernen arbeiten bereits mit uns im Rahmen ihrer KI-Vorhaben (Post- und Pre-Training von Modellen, Data Labeling anhand von Bildern, RLHF etc.) zusammen.

Wenn Sie ebenfalls Bedarfe in diesen Bereichen haben, würden wir uns freuen, wenn wir euch hier supporten könnten.

Ich freue mich auf den weiteren Austausch.

Viele Grüße
[Ihr Name]
PathWize","<p>Hallo Herr Dr. Stumpp,</p>
<p>wir stehen eng mit dem KI Bundesverband im Austausch und haben dort die Info erhalten, dass wir uns mal bei euch melden sollen, da unser Experten-Netzwerk ggf. spannend für euch sein könnte.</p>
<p>Wir bei <a href=""https://www.gopathwize.com"">PathWize</a> sind einer der führenden Anbieter für Data Labeling und Annotation im europäischen Raum. Mit einem Netzwerk von über 250.000 Experten können wir die richtigen Köpfe in unterschiedlichen Bereichen für sämtliche Data-Labeling-Bedarfe stellen.</p>
<p>Unternehmen wie z.B. Mistral AI und mittelständische Firmen bis hin zu Konzernen arbeiten bereits mit uns im Rahmen ihrer KI-Vorhaben (Post- und Pre-Training von Modellen, Data Labeling anhand von Bildern, RLHF etc.) zusammen.</p>
<p>Wenn Sie ebenfalls Bedarfe in diesen Bereichen haben, würden wir uns freuen, wenn wir euch hier supporten könnten.</p>
<p>Ich freue mich auf den weiteren Austausch.</p>
<p>Viele Grüße<br>[Ihr Name]<br>PathWize</p>","info@am.ai"
"49","Amber Tech GmbH (amberSearch)","https://ambersearch.de/","Vielleicht","Philipp Reissel, Bastian Maiworm, Igli Manaj","","keine Mail gefunden","Intro KI Bundesverband - z.Hd. Philipp Reissel - Data Labeling und Annotation für Ihre KI Vorhaben","Hallo Herr Reissel,","Hallo Herr Reissel,

wir stehen eng mit dem KI Bundesverband im Austausch und haben dort die Info erhalten, dass wir uns mal bei euch melden sollen, da unser Experten-Netzwerk ggf. spannend für euch sein könnte.

Wir bei PathWize sind einer der führenden Anbieter für Data Labeling und Annotation im europäischen Raum. Mit einem Netzwerk von über 250.000 Experten können wir die richtigen Köpfe in unterschiedlichen Bereichen für sämtliche Data-Labeling-Bedarfe stellen.

Unternehmen wie z.B. Mistral AI und mittelständische Firmen bis hin zu Konzernen arbeiten bereits mit uns im Rahmen ihrer KI-Vorhaben (Post- und Pre-Training von Modellen, Data Labeling anhand von Bildern, RLHF etc.) zusammen.

Wenn Sie ebenfalls Bedarfe in diesen Bereichen haben, würden wir uns freuen, wenn wir euch hier supporten könnten.

Ich freue mich auf den weiteren Austausch.

Viele Grüße
[Ihr Name]
PathWize","<p>Hallo Herr Reissel,</p>
<p>wir stehen eng mit dem KI Bundesverband im Austausch und haben dort die Info erhalten, dass wir uns mal bei euch melden sollen, da unser Experten-Netzwerk ggf. spannend für euch sein könnte.</p>
<p>Wir bei <a href=""https://www.gopathwize.com"">PathWize</a> sind einer der führenden Anbieter für Data Labeling und Annotation im europäischen Raum. Mit einem Netzwerk von über 250.000 Experten können wir die richtigen Köpfe in unterschiedlichen Bereichen für sämtliche Data-Labeling-Bedarfe stellen.</p>
<p>Unternehmen wie z.B. Mistral AI und mittelständische Firmen bis hin zu Konzernen arbeiten bereits mit uns im Rahmen ihrer KI-Vorhaben (Post- und Pre-Training von Modellen, Data Labeling anhand von Bildern, RLHF etc.) zusammen.</p>
<p>Wenn Sie ebenfalls Bedarfe in diesen Bereichen haben, würden wir uns freuen, wenn wir euch hier supporten könnten.</p>
<p>Ich freue mich auf den weiteren Austausch.</p>
<p>Viele Grüße<br>[Ihr Name]<br>PathWize</p>",""
"50","Ambrosys GmbH","https://www.ambrosys.de/","Vielleicht","","info@ambrosys.de","funktional","Intro KI Bundesverband - Data Labeling und Annotation für Ihre KI Vorhaben","Guten Tag,","Guten Tag,

wir stehen eng mit dem KI Bundesverband im Austausch und haben dort die Info erhalten, dass wir uns mal bei euch melden sollen, da unser Experten-Netzwerk ggf. spannend für euch sein könnte.

Wir bei PathWize sind einer der führenden Anbieter für Data Labeling und Annotation im europäischen Raum. Mit einem Netzwerk von über 250.000 Experten können wir die richtigen Köpfe in unterschiedlichen Bereichen für sämtliche Data-Labeling-Bedarfe stellen.

Unternehmen wie z.B. Mistral AI und mittelständische Firmen bis hin zu Konzernen arbeiten bereits mit uns im Rahmen ihrer KI-Vorhaben (Post- und Pre-Training von Modellen, Data Labeling anhand von Bildern, RLHF etc.) zusammen.

Wenn Sie ebenfalls Bedarfe in diesen Bereichen haben, würden wir uns freuen, wenn wir euch hier supporten könnten.

Ich freue mich auf den weiteren Austausch.

Viele Grüße
[Ihr Name]
PathWize","<p>Guten Tag,</p>
<p>wir stehen eng mit dem KI Bundesverband im Austausch und haben dort die Info erhalten, dass wir uns mal bei euch melden sollen, da unser Experten-Netzwerk ggf. spannend für euch sein könnte.</p>
<p>Wir bei <a href=""https://www.gopathwize.com"">PathWize</a> sind einer der führenden Anbieter für Data Labeling und Annotation im europäischen Raum. Mit einem Netzwerk von über 250.000 Experten können wir die richtigen Köpfe in unterschiedlichen Bereichen für sämtliche Data-Labeling-Bedarfe stellen.</p>
<p>Unternehmen wie z.B. Mistral AI und mittelständische Firmen bis hin zu Konzernen arbeiten bereits mit uns im Rahmen ihrer KI-Vorhaben (Post- und Pre-Training von Modellen, Data Labeling anhand von Bildern, RLHF etc.) zusammen.</p>
<p>Wenn Sie ebenfalls Bedarfe in diesen Bereichen haben, würden wir uns freuen, wenn wir euch hier supporten könnten.</p>
<p>Ich freue mich auf den weiteren Austausch.</p>
<p>Viele Grüße<br>[Ihr Name]<br>PathWize</p>","info@ambrosys.de"
"51","AMERIA AG","https://www.ameria.com/","Ja","","info@ameria.com","funktional","Intro KI Bundesverband - Data Labeling und Annotation für Ihre KI Vorhaben","Guten Tag,","Guten Tag,

wir stehen eng mit dem KI Bundesverband im Austausch und haben dort die Info erhalten, dass wir uns mal bei euch melden sollen, da unser Experten-Netzwerk ggf. spannend für euch sein könnte.

Wir bei PathWize sind einer der führenden Anbieter für Data Labeling und Annotation im europäischen Raum. Mit einem Netzwerk von über 250.000 Experten können wir die richtigen Köpfe in unterschiedlichen Bereichen für sämtliche Data-Labeling-Bedarfe stellen.

Unternehmen wie z.B. Mistral AI und mittelständische Firmen bis hin zu Konzernen arbeiten bereits mit uns im Rahmen ihrer KI-Vorhaben (Post- und Pre-Training von Modellen, Data Labeling anhand von Bildern, RLHF etc.) zusammen.

Wenn Sie ebenfalls Bedarfe in diesen Bereichen haben, würden wir uns freuen, wenn wir euch hier supporten könnten.

Ich freue mich auf den weiteren Austausch.

Viele Grüße
[Ihr Name]
PathWize","<p>Guten Tag,</p>
<p>wir stehen eng mit dem KI Bundesverband im Austausch und haben dort die Info erhalten, dass wir uns mal bei euch melden sollen, da unser Experten-Netzwerk ggf. spannend für euch sein könnte.</p>
<p>Wir bei <a href=""https://www.gopathwize.com"">PathWize</a> sind einer der führenden Anbieter für Data Labeling und Annotation im europäischen Raum. Mit einem Netzwerk von über 250.000 Experten können wir die richtigen Köpfe in unterschiedlichen Bereichen für sämtliche Data-Labeling-Bedarfe stellen.</p>
<p>Unternehmen wie z.B. Mistral AI und mittelständische Firmen bis hin zu Konzernen arbeiten bereits mit uns im Rahmen ihrer KI-Vorhaben (Post- und Pre-Training von Modellen, Data Labeling anhand von Bildern, RLHF etc.) zusammen.</p>
<p>Wenn Sie ebenfalls Bedarfe in diesen Bereichen haben, würden wir uns freuen, wenn wir euch hier supporten könnten.</p>
<p>Ich freue mich auf den weiteren Austausch.</p>
<p>Viele Grüße<br>[Ihr Name]<br>PathWize</p>","info@ameria.com"
"52","AMEXIS GmbH","https://www.amexis.io/","Vielleicht","Dipl.-Kfm. Christian Wild","contact@amexis.io","funktional","Intro KI Bundesverband - z.Hd. Christian Wild - Data Labeling und Annotation für Ihre KI Vorhaben","Hallo Herr Dipl.-Kfm. Wild,","Hallo Herr Dipl.-Kfm. Wild,

wir stehen eng mit dem KI Bundesverband im Austausch und haben dort die Info erhalten, dass wir uns mal bei euch melden sollen, da unser Experten-Netzwerk ggf. spannend für euch sein könnte.

Wir bei PathWize sind einer der führenden Anbieter für Data Labeling und Annotation im europäischen Raum. Mit einem Netzwerk von über 250.000 Experten können wir die richtigen Köpfe in unterschiedlichen Bereichen für sämtliche Data-Labeling-Bedarfe stellen.

Unternehmen wie z.B. Mistral AI und mittelständische Firmen bis hin zu Konzernen arbeiten bereits mit uns im Rahmen ihrer KI-Vorhaben (Post- und Pre-Training von Modellen, Data Labeling anhand von Bildern, RLHF etc.) zusammen.

Wenn Sie ebenfalls Bedarfe in diesen Bereichen haben, würden wir uns freuen, wenn wir euch hier supporten könnten.

Ich freue mich auf den weiteren Austausch.

Viele Grüße
[Ihr Name]
PathWize","<p>Hallo Herr Dipl.-Kfm. Wild,</p>
<p>wir stehen eng mit dem KI Bundesverband im Austausch und haben dort die Info erhalten, dass wir uns mal bei euch melden sollen, da unser Experten-Netzwerk ggf. spannend für euch sein könnte.</p>
<p>Wir bei <a href=""https://www.gopathwize.com"">PathWize</a> sind einer der führenden Anbieter für Data Labeling und Annotation im europäischen Raum. Mit einem Netzwerk von über 250.000 Experten können wir die richtigen Köpfe in unterschiedlichen Bereichen für sämtliche Data-Labeling-Bedarfe stellen.</p>
<p>Unternehmen wie z.B. Mistral AI und mittelständische Firmen bis hin zu Konzernen arbeiten bereits mit uns im Rahmen ihrer KI-Vorhaben (Post- und Pre-Training von Modellen, Data Labeling anhand von Bildern, RLHF etc.) zusammen.</p>
<p>Wenn Sie ebenfalls Bedarfe in diesen Bereichen haben, würden wir uns freuen, wenn wir euch hier supporten könnten.</p>
<p>Ich freue mich auf den weiteren Austausch.</p>
<p>Viele Grüße<br>[Ihr Name]<br>PathWize</p>","contact@amexis.io"
"54","Ankercloud GmbH","https://www.ankercloud.com/","Vielleicht","Judith Evers","info@ankercloud.com","funktional","Intro KI Bundesverband - z.Hd. Judith Evers - Data Labeling und Annotation für Ihre KI Vorhaben","Hallo Frau Evers,","Hallo Frau Evers,

wir stehen eng mit dem KI Bundesverband im Austausch und haben dort die Info erhalten, dass wir uns mal bei euch melden sollen, da unser Experten-Netzwerk ggf. spannend für euch sein könnte.

Wir bei PathWize sind einer der führenden Anbieter für Data Labeling und Annotation im europäischen Raum. Mit einem Netzwerk von über 250.000 Experten können wir die richtigen Köpfe in unterschiedlichen Bereichen für sämtliche Data-Labeling-Bedarfe stellen.

Unternehmen wie z.B. Mistral AI und mittelständische Firmen bis hin zu Konzernen arbeiten bereits mit uns im Rahmen ihrer KI-Vorhaben (Post- und Pre-Training von Modellen, Data Labeling anhand von Bildern, RLHF etc.) zusammen.

Wenn Sie ebenfalls Bedarfe in diesen Bereichen haben, würden wir uns freuen, wenn wir euch hier supporten könnten.

Ich freue mich auf den weiteren Austausch.

Viele Grüße
[Ihr Name]
PathWize","<p>Hallo Frau Evers,</p>
<p>wir stehen eng mit dem KI Bundesverband im Austausch und haben dort die Info erhalten, dass wir uns mal bei euch melden sollen, da unser Experten-Netzwerk ggf. spannend für euch sein könnte.</p>
<p>Wir bei <a href=""https://www.gopathwize.com"">PathWize</a> sind einer der führenden Anbieter für Data Labeling und Annotation im europäischen Raum. Mit einem Netzwerk von über 250.000 Experten können wir die richtigen Köpfe in unterschiedlichen Bereichen für sämtliche Data-Labeling-Bedarfe stellen.</p>
<p>Unternehmen wie z.B. Mistral AI und mittelständische Firmen bis hin zu Konzernen arbeiten bereits mit uns im Rahmen ihrer KI-Vorhaben (Post- und Pre-Training von Modellen, Data Labeling anhand von Bildern, RLHF etc.) zusammen.</p>
<p>Wenn Sie ebenfalls Bedarfe in diesen Bereichen haben, würden wir uns freuen, wenn wir euch hier supporten könnten.</p>
<p>Ich freue mich auf den weiteren Austausch.</p>
<p>Viele Grüße<br>[Ihr Name]<br>PathWize</p>","info@ankercloud.com"
"55","AONIC GmbH","https://aonic.de/","Vielleicht","Dr.-Ing. Gregor Bachmann, Grischa Jacobs","info@aonic.de","funktional","Intro KI Bundesverband - z.Hd. Gregor Bachmann - Data Labeling und Annotation für Ihre KI Vorhaben","Hallo Herr Dr.-Ing. Bachmann,","Hallo Herr Dr.-Ing. Bachmann,

wir stehen eng mit dem KI Bundesverband im Austausch und haben dort die Info erhalten, dass wir uns mal bei euch melden sollen, da unser Experten-Netzwerk ggf. spannend für euch sein könnte.

Wir bei PathWize sind einer der führenden Anbieter für Data Labeling und Annotation im europäischen Raum. Mit einem Netzwerk von über 250.000 Experten können wir die richtigen Köpfe in unterschiedlichen Bereichen für sämtliche Data-Labeling-Bedarfe stellen.

Unternehmen wie z.B. Mistral AI und mittelständische Firmen bis hin zu Konzernen arbeiten bereits mit uns im Rahmen ihrer KI-Vorhaben (Post- und Pre-Training von Modellen, Data Labeling anhand von Bildern, RLHF etc.) zusammen.

Wenn Sie ebenfalls Bedarfe in diesen Bereichen haben, würden wir uns freuen, wenn wir euch hier supporten könnten.

Ich freue mich auf den weiteren Austausch.

Viele Grüße
[Ihr Name]
PathWize","<p>Hallo Herr Dr.-Ing. Bachmann,</p>
<p>wir stehen eng mit dem KI Bundesverband im Austausch und haben dort die Info erhalten, dass wir uns mal bei euch melden sollen, da unser Experten-Netzwerk ggf. spannend für euch sein könnte.</p>
<p>Wir bei <a href=""https://www.gopathwize.com"">PathWize</a> sind einer der führenden Anbieter für Data Labeling und Annotation im europäischen Raum. Mit einem Netzwerk von über 250.000 Experten können wir die richtigen Köpfe in unterschiedlichen Bereichen für sämtliche Data-Labeling-Bedarfe stellen.</p>
<p>Unternehmen wie z.B. Mistral AI und mittelständische Firmen bis hin zu Konzernen arbeiten bereits mit uns im Rahmen ihrer KI-Vorhaben (Post- und Pre-Training von Modellen, Data Labeling anhand von Bildern, RLHF etc.) zusammen.</p>
<p>Wenn Sie ebenfalls Bedarfe in diesen Bereichen haben, würden wir uns freuen, wenn wir euch hier supporten könnten.</p>
<p>Ich freue mich auf den weiteren Austausch.</p>
<p>Viele Grüße<br>[Ihr Name]<br>PathWize</p>","info@aonic.de"
"56","App Logik GmbH","https://www.app-logik.de/","Vielleicht","Christopher Borchert","dev@app-logik.de","funktional (Mitarbeiter-Mail)","Intro KI Bundesverband - z.Hd. Christopher Borchert - Data Labeling und Annotation für Ihre KI Vorhaben","Hallo Herr Borchert,","Hallo Herr Borchert,

wir stehen eng mit dem KI Bundesverband im Austausch und haben dort die Info erhalten, dass wir uns mal bei euch melden sollen, da unser Experten-Netzwerk ggf. spannend für euch sein könnte.

Wir bei PathWize sind einer der führenden Anbieter für Data Labeling und Annotation im europäischen Raum. Mit einem Netzwerk von über 250.000 Experten können wir die richtigen Köpfe in unterschiedlichen Bereichen für sämtliche Data-Labeling-Bedarfe stellen.

Unternehmen wie z.B. Mistral AI und mittelständische Firmen bis hin zu Konzernen arbeiten bereits mit uns im Rahmen ihrer KI-Vorhaben (Post- und Pre-Training von Modellen, Data Labeling anhand von Bildern, RLHF etc.) zusammen.

Wenn Sie ebenfalls Bedarfe in diesen Bereichen haben, würden wir uns freuen, wenn wir euch hier supporten könnten.

Ich freue mich auf den weiteren Austausch.

Viele Grüße
[Ihr Name]
PathWize","<p>Hallo Herr Borchert,</p>
<p>wir stehen eng mit dem KI Bundesverband im Austausch und haben dort die Info erhalten, dass wir uns mal bei euch melden sollen, da unser Experten-Netzwerk ggf. spannend für euch sein könnte.</p>
<p>Wir bei <a href=""https://www.gopathwize.com"">PathWize</a> sind einer der führenden Anbieter für Data Labeling und Annotation im europäischen Raum. Mit einem Netzwerk von über 250.000 Experten können wir die richtigen Köpfe in unterschiedlichen Bereichen für sämtliche Data-Labeling-Bedarfe stellen.</p>
<p>Unternehmen wie z.B. Mistral AI und mittelständische Firmen bis hin zu Konzernen arbeiten bereits mit uns im Rahmen ihrer KI-Vorhaben (Post- und Pre-Training von Modellen, Data Labeling anhand von Bildern, RLHF etc.) zusammen.</p>
<p>Wenn Sie ebenfalls Bedarfe in diesen Bereichen haben, würden wir uns freuen, wenn wir euch hier supporten könnten.</p>
<p>Ich freue mich auf den weiteren Austausch.</p>
<p>Viele Grüße<br>[Ihr Name]<br>PathWize</p>","dev@app-logik.de"
"57","april.eleven GmbH (Venta AI)","https://www.getventa.ai/","Vielleicht","","info@getventa.ai","funktional","Intro KI Bundesverband - Data Labeling und Annotation für Ihre KI Vorhaben","Guten Tag,","Guten Tag,

wir stehen eng mit dem KI Bundesverband im Austausch und haben dort die Info erhalten, dass wir uns mal bei euch melden sollen, da unser Experten-Netzwerk ggf. spannend für euch sein könnte.

Wir bei PathWize sind einer der führenden Anbieter für Data Labeling und Annotation im europäischen Raum. Mit einem Netzwerk von über 250.000 Experten können wir die richtigen Köpfe in unterschiedlichen Bereichen für sämtliche Data-Labeling-Bedarfe stellen.

Unternehmen wie z.B. Mistral AI und mittelständische Firmen bis hin zu Konzernen arbeiten bereits mit uns im Rahmen ihrer KI-Vorhaben (Post- und Pre-Training von Modellen, Data Labeling anhand von Bildern, RLHF etc.) zusammen.

Wenn Sie ebenfalls Bedarfe in diesen Bereichen haben, würden wir uns freuen, wenn wir euch hier supporten könnten.

Ich freue mich auf den weiteren Austausch.

Viele Grüße
[Ihr Name]
PathWize","<p>Guten Tag,</p>
<p>wir stehen eng mit dem KI Bundesverband im Austausch und haben dort die Info erhalten, dass wir uns mal bei euch melden sollen, da unser Experten-Netzwerk ggf. spannend für euch sein könnte.</p>
<p>Wir bei <a href=""https://www.gopathwize.com"">PathWize</a> sind einer der führenden Anbieter für Data Labeling und Annotation im europäischen Raum. Mit einem Netzwerk von über 250.000 Experten können wir die richtigen Köpfe in unterschiedlichen Bereichen für sämtliche Data-Labeling-Bedarfe stellen.</p>
<p>Unternehmen wie z.B. Mistral AI und mittelständische Firmen bis hin zu Konzernen arbeiten bereits mit uns im Rahmen ihrer KI-Vorhaben (Post- und Pre-Training von Modellen, Data Labeling anhand von Bildern, RLHF etc.) zusammen.</p>
<p>Wenn Sie ebenfalls Bedarfe in diesen Bereichen haben, würden wir uns freuen, wenn wir euch hier supporten könnten.</p>
<p>Ich freue mich auf den weiteren Austausch.</p>
<p>Viele Grüße<br>[Ihr Name]<br>PathWize</p>","info@getventa.ai"
"58","Aristander.AI","https://aristander.ai/","Ja","","","keine Mail gefunden","Intro KI Bundesverband - Data Labeling und Annotation für Ihre KI Vorhaben","Guten Tag,","Guten Tag,

wir stehen eng mit dem KI Bundesverband im Austausch und haben dort die Info erhalten, dass wir uns mal bei euch melden sollen, da unser Experten-Netzwerk ggf. spannend für euch sein könnte.

Wir bei PathWize sind einer der führenden Anbieter für Data Labeling und Annotation im europäischen Raum. Mit einem Netzwerk von über 250.000 Experten können wir die richtigen Köpfe in unterschiedlichen Bereichen für sämtliche Data-Labeling-Bedarfe stellen.

Unternehmen wie z.B. Mistral AI und mittelständische Firmen bis hin zu Konzernen arbeiten bereits mit uns im Rahmen ihrer KI-Vorhaben (Post- und Pre-Training von Modellen, Data Labeling anhand von Bildern, RLHF etc.) zusammen.

Wenn Sie ebenfalls Bedarfe in diesen Bereichen haben, würden wir uns freuen, wenn wir euch hier supporten könnten.

Ich freue mich auf den weiteren Austausch.

Viele Grüße
[Ihr Name]
PathWize","<p>Guten Tag,</p>
<p>wir stehen eng mit dem KI Bundesverband im Austausch und haben dort die Info erhalten, dass wir uns mal bei euch melden sollen, da unser Experten-Netzwerk ggf. spannend für euch sein könnte.</p>
<p>Wir bei <a href=""https://www.gopathwize.com"">PathWize</a> sind einer der führenden Anbieter für Data Labeling und Annotation im europäischen Raum. Mit einem Netzwerk von über 250.000 Experten können wir die richtigen Köpfe in unterschiedlichen Bereichen für sämtliche Data-Labeling-Bedarfe stellen.</p>
<p>Unternehmen wie z.B. Mistral AI und mittelständische Firmen bis hin zu Konzernen arbeiten bereits mit uns im Rahmen ihrer KI-Vorhaben (Post- und Pre-Training von Modellen, Data Labeling anhand von Bildern, RLHF etc.) zusammen.</p>
<p>Wenn Sie ebenfalls Bedarfe in diesen Bereichen haben, würden wir uns freuen, wenn wir euch hier supporten könnten.</p>
<p>Ich freue mich auf den weiteren Austausch.</p>
<p>Viele Grüße<br>[Ihr Name]<br>PathWize</p>",""
"59","Artefact Germany GmbH","https://www.artefact.com/de/","Vielleicht","Olivier Verwilghen","olivier.verwilghen@artefact.com","direkt (rekonstruiert)","Intro KI Bundesverband - Data Labeling und Annotation für Ihre KI Vorhaben","Hallo Herr Verwilghen,","Hallo Herr Verwilghen,

wir stehen eng mit dem KI Bundesverband im Austausch und haben dort die Info erhalten, dass wir uns mal bei euch melden sollen, da unser Experten-Netzwerk ggf. spannend für euch sein könnte.

Wir bei PathWize sind einer der führenden Anbieter für Data Labeling und Annotation im europäischen Raum. Mit einem Netzwerk von über 250.000 Experten können wir die richtigen Köpfe in unterschiedlichen Bereichen für sämtliche Data-Labeling-Bedarfe stellen.

Unternehmen wie z.B. Mistral AI und mittelständische Firmen bis hin zu Konzernen arbeiten bereits mit uns im Rahmen ihrer KI-Vorhaben (Post- und Pre-Training von Modellen, Data Labeling anhand von Bildern, RLHF etc.) zusammen.

Wenn Sie ebenfalls Bedarfe in diesen Bereichen haben, würden wir uns freuen, wenn wir euch hier supporten könnten.

Ich freue mich auf den weiteren Austausch.

Viele Grüße
[Ihr Name]
PathWize","<p>Hallo Herr Verwilghen,</p>
<p>wir stehen eng mit dem KI Bundesverband im Austausch und haben dort die Info erhalten, dass wir uns mal bei euch melden sollen, da unser Experten-Netzwerk ggf. spannend für euch sein könnte.</p>
<p>Wir bei <a href=""https://www.gopathwize.com"">PathWize</a> sind einer der führenden Anbieter für Data Labeling und Annotation im europäischen Raum. Mit einem Netzwerk von über 250.000 Experten können wir die richtigen Köpfe in unterschiedlichen Bereichen für sämtliche Data-Labeling-Bedarfe stellen.</p>
<p>Unternehmen wie z.B. Mistral AI und mittelständische Firmen bis hin zu Konzernen arbeiten bereits mit uns im Rahmen ihrer KI-Vorhaben (Post- und Pre-Training von Modellen, Data Labeling anhand von Bildern, RLHF etc.) zusammen.</p>
<p>Wenn Sie ebenfalls Bedarfe in diesen Bereichen haben, würden wir uns freuen, wenn wir euch hier supporten könnten.</p>
<p>Ich freue mich auf den weiteren Austausch.</p>
<p>Viele Grüße<br>[Ihr Name]<br>PathWize</p>","hello-germany@artefact.com; andres.oksenberg@artefact.com"
"60","artiquare GmbH","https://www.artiquare.com/","Vielleicht","Asaad Almutareb","","keine Mail gefunden","Intro KI Bundesverband - z.Hd. Asaad Almutareb - Data Labeling und Annotation für Ihre KI Vorhaben","Hallo Asaad Almutareb,","Hallo Asaad Almutareb,

wir stehen eng mit dem KI Bundesverband im Austausch und haben dort die Info erhalten, dass wir uns mal bei euch melden sollen, da unser Experten-Netzwerk ggf. spannend für euch sein könnte.

Wir bei PathWize sind einer der führenden Anbieter für Data Labeling und Annotation im europäischen Raum. Mit einem Netzwerk von über 250.000 Experten können wir die richtigen Köpfe in unterschiedlichen Bereichen für sämtliche Data-Labeling-Bedarfe stellen.

Unternehmen wie z.B. Mistral AI und mittelständische Firmen bis hin zu Konzernen arbeiten bereits mit uns im Rahmen ihrer KI-Vorhaben (Post- und Pre-Training von Modellen, Data Labeling anhand von Bildern, RLHF etc.) zusammen.

Wenn Sie ebenfalls Bedarfe in diesen Bereichen haben, würden wir uns freuen, wenn wir euch hier supporten könnten.

Ich freue mich auf den weiteren Austausch.

Viele Grüße
[Ihr Name]
PathWize","<p>Hallo Asaad Almutareb,</p>
<p>wir stehen eng mit dem KI Bundesverband im Austausch und haben dort die Info erhalten, dass wir uns mal bei euch melden sollen, da unser Experten-Netzwerk ggf. spannend für euch sein könnte.</p>
<p>Wir bei <a href=""https://www.gopathwize.com"">PathWize</a> sind einer der führenden Anbieter für Data Labeling und Annotation im europäischen Raum. Mit einem Netzwerk von über 250.000 Experten können wir die richtigen Köpfe in unterschiedlichen Bereichen für sämtliche Data-Labeling-Bedarfe stellen.</p>
<p>Unternehmen wie z.B. Mistral AI und mittelständische Firmen bis hin zu Konzernen arbeiten bereits mit uns im Rahmen ihrer KI-Vorhaben (Post- und Pre-Training von Modellen, Data Labeling anhand von Bildern, RLHF etc.) zusammen.</p>
<p>Wenn Sie ebenfalls Bedarfe in diesen Bereichen haben, würden wir uns freuen, wenn wir euch hier supporten könnten.</p>
<p>Ich freue mich auf den weiteren Austausch.</p>
<p>Viele Grüße<br>[Ihr Name]<br>PathWize</p>",""
"61","arttac solutions GmbH","https://arttacsolutions.de/","Vielleicht","Felix Meusel, Max Klein","info@arttacsolutions.de","funktional","Intro KI Bundesverband - z.Hd. Felix Meusel - Data Labeling und Annotation für Ihre KI Vorhaben","Hallo Herr Meusel,","Hallo Herr Meusel,

wir stehen eng mit dem KI Bundesverband im Austausch und haben dort die Info erhalten, dass wir uns mal bei euch melden sollen, da unser Experten-Netzwerk ggf. spannend für euch sein könnte.

Wir bei PathWize sind einer der führenden Anbieter für Data Labeling und Annotation im europäischen Raum. Mit einem Netzwerk von über 250.000 Experten können wir die richtigen Köpfe in unterschiedlichen Bereichen für sämtliche Data-Labeling-Bedarfe stellen.

Unternehmen wie z.B. Mistral AI und mittelständische Firmen bis hin zu Konzernen arbeiten bereits mit uns im Rahmen ihrer KI-Vorhaben (Post- und Pre-Training von Modellen, Data Labeling anhand von Bildern, RLHF etc.) zusammen.

Wenn Sie ebenfalls Bedarfe in diesen Bereichen haben, würden wir uns freuen, wenn wir euch hier supporten könnten.

Ich freue mich auf den weiteren Austausch.

Viele Grüße
[Ihr Name]
PathWize","<p>Hallo Herr Meusel,</p>
<p>wir stehen eng mit dem KI Bundesverband im Austausch und haben dort die Info erhalten, dass wir uns mal bei euch melden sollen, da unser Experten-Netzwerk ggf. spannend für euch sein könnte.</p>
<p>Wir bei <a href=""https://www.gopathwize.com"">PathWize</a> sind einer der führenden Anbieter für Data Labeling und Annotation im europäischen Raum. Mit einem Netzwerk von über 250.000 Experten können wir die richtigen Köpfe in unterschiedlichen Bereichen für sämtliche Data-Labeling-Bedarfe stellen.</p>
<p>Unternehmen wie z.B. Mistral AI und mittelständische Firmen bis hin zu Konzernen arbeiten bereits mit uns im Rahmen ihrer KI-Vorhaben (Post- und Pre-Training von Modellen, Data Labeling anhand von Bildern, RLHF etc.) zusammen.</p>
<p>Wenn Sie ebenfalls Bedarfe in diesen Bereichen haben, würden wir uns freuen, wenn wir euch hier supporten könnten.</p>
<p>Ich freue mich auf den weiteren Austausch.</p>
<p>Viele Grüße<br>[Ihr Name]<br>PathWize</p>","info@arttacsolutions.de"
"62","AskBrian GmbH","https://www.askbrian.ai/","Vielleicht","Adam Conlon","hi@askbrian.ai","funktional (Mitarbeiter-Mail)","Intro KI Bundesverband - z.Hd. Adam Conlon - Data Labeling und Annotation für Ihre KI Vorhaben","Hallo Herr Conlon,","Hallo Herr Conlon,

wir stehen eng mit dem KI Bundesverband im Austausch und haben dort die Info erhalten, dass wir uns mal bei euch melden sollen, da unser Experten-Netzwerk ggf. spannend für euch sein könnte.

Wir bei PathWize sind einer der führenden Anbieter für Data Labeling und Annotation im europäischen Raum. Mit einem Netzwerk von über 250.000 Experten können wir die richtigen Köpfe in unterschiedlichen Bereichen für sämtliche Data-Labeling-Bedarfe stellen.

Unternehmen wie z.B. Mistral AI und mittelständische Firmen bis hin zu Konzernen arbeiten bereits mit uns im Rahmen ihrer KI-Vorhaben (Post- und Pre-Training von Modellen, Data Labeling anhand von Bildern, RLHF etc.) zusammen.

Wenn Sie ebenfalls Bedarfe in diesen Bereichen haben, würden wir uns freuen, wenn wir euch hier supporten könnten.

Ich freue mich auf den weiteren Austausch.

Viele Grüße
[Ihr Name]
PathWize","<p>Hallo Herr Conlon,</p>
<p>wir stehen eng mit dem KI Bundesverband im Austausch und haben dort die Info erhalten, dass wir uns mal bei euch melden sollen, da unser Experten-Netzwerk ggf. spannend für euch sein könnte.</p>
<p>Wir bei <a href=""https://www.gopathwize.com"">PathWize</a> sind einer der führenden Anbieter für Data Labeling und Annotation im europäischen Raum. Mit einem Netzwerk von über 250.000 Experten können wir die richtigen Köpfe in unterschiedlichen Bereichen für sämtliche Data-Labeling-Bedarfe stellen.</p>
<p>Unternehmen wie z.B. Mistral AI und mittelständische Firmen bis hin zu Konzernen arbeiten bereits mit uns im Rahmen ihrer KI-Vorhaben (Post- und Pre-Training von Modellen, Data Labeling anhand von Bildern, RLHF etc.) zusammen.</p>
<p>Wenn Sie ebenfalls Bedarfe in diesen Bereichen haben, würden wir uns freuen, wenn wir euch hier supporten könnten.</p>
<p>Ich freue mich auf den weiteren Austausch.</p>
<p>Viele Grüße<br>[Ihr Name]<br>PathWize</p>","hi@askbrian.ai"
"63","AskUI","https://www.askui.com/","Ja","Jonas August Menesklou, Dominik Zacharias Klotz","info@askui.com","funktional","Intro KI Bundesverband - z.Hd. Jonas Menesklou - Data Labeling und Annotation für Ihre KI Vorhaben","Hallo Herr Menesklou,","Hallo Herr Menesklou,

wir stehen eng mit dem KI Bundesverband im Austausch und haben dort die Info erhalten, dass wir uns mal bei euch melden sollen, da unser Experten-Netzwerk ggf. spannend für euch sein könnte.

Wir bei PathWize sind einer der führenden Anbieter für Data Labeling und Annotation im europäischen Raum. Mit einem Netzwerk von über 250.000 Experten können wir die richtigen Köpfe in unterschiedlichen Bereichen für sämtliche Data-Labeling-Bedarfe stellen.

Unternehmen wie z.B. Mistral AI und mittelständische Firmen bis hin zu Konzernen arbeiten bereits mit uns im Rahmen ihrer KI-Vorhaben (Post- und Pre-Training von Modellen, Data Labeling anhand von Bildern, RLHF etc.) zusammen.

Wenn Sie ebenfalls Bedarfe in diesen Bereichen haben, würden wir uns freuen, wenn wir euch hier supporten könnten.

Ich freue mich auf den weiteren Austausch.

Viele Grüße
[Ihr Name]
PathWize","<p>Hallo Herr Menesklou,</p>
<p>wir stehen eng mit dem KI Bundesverband im Austausch und haben dort die Info erhalten, dass wir uns mal bei euch melden sollen, da unser Experten-Netzwerk ggf. spannend für euch sein könnte.</p>
<p>Wir bei <a href=""https://www.gopathwize.com"">PathWize</a> sind einer der führenden Anbieter für Data Labeling und Annotation im europäischen Raum. Mit einem Netzwerk von über 250.000 Experten können wir die richtigen Köpfe in unterschiedlichen Bereichen für sämtliche Data-Labeling-Bedarfe stellen.</p>
<p>Unternehmen wie z.B. Mistral AI und mittelständische Firmen bis hin zu Konzernen arbeiten bereits mit uns im Rahmen ihrer KI-Vorhaben (Post- und Pre-Training von Modellen, Data Labeling anhand von Bildern, RLHF etc.) zusammen.</p>
<p>Wenn Sie ebenfalls Bedarfe in diesen Bereichen haben, würden wir uns freuen, wenn wir euch hier supporten könnten.</p>
<p>Ich freue mich auf den weiteren Austausch.</p>
<p>Viele Grüße<br>[Ihr Name]<br>PathWize</p>","info@askui.com"
"64","Audavis GmbH","https://www.audavis.ai/","Ja","Philipp Roebruck, Benjamin Aunkofer, Otrek Wilke","hello@audavis.ai","funktional","Intro KI Bundesverband - z.Hd. Philipp Roebruck - Data Labeling und Annotation für Ihre KI Vorhaben","Hallo Herr Roebruck,","Hallo Herr Roebruck,

wir stehen eng mit dem KI Bundesverband im Austausch und haben dort die Info erhalten, dass wir uns mal bei euch melden sollen, da unser Experten-Netzwerk ggf. spannend für euch sein könnte.

Wir bei PathWize sind einer der führenden Anbieter für Data Labeling und Annotation im europäischen Raum. Mit einem Netzwerk von über 250.000 Experten können wir die richtigen Köpfe in unterschiedlichen Bereichen für sämtliche Data-Labeling-Bedarfe stellen.

Unternehmen wie z.B. Mistral AI und mittelständische Firmen bis hin zu Konzernen arbeiten bereits mit uns im Rahmen ihrer KI-Vorhaben (Post- und Pre-Training von Modellen, Data Labeling anhand von Bildern, RLHF etc.) zusammen.

Wenn Sie ebenfalls Bedarfe in diesen Bereichen haben, würden wir uns freuen, wenn wir euch hier supporten könnten.

Ich freue mich auf den weiteren Austausch.

Viele Grüße
[Ihr Name]
PathWize","<p>Hallo Herr Roebruck,</p>
<p>wir stehen eng mit dem KI Bundesverband im Austausch und haben dort die Info erhalten, dass wir uns mal bei euch melden sollen, da unser Experten-Netzwerk ggf. spannend für euch sein könnte.</p>
<p>Wir bei <a href=""https://www.gopathwize.com"">PathWize</a> sind einer der führenden Anbieter für Data Labeling und Annotation im europäischen Raum. Mit einem Netzwerk von über 250.000 Experten können wir die richtigen Köpfe in unterschiedlichen Bereichen für sämtliche Data-Labeling-Bedarfe stellen.</p>
<p>Unternehmen wie z.B. Mistral AI und mittelständische Firmen bis hin zu Konzernen arbeiten bereits mit uns im Rahmen ihrer KI-Vorhaben (Post- und Pre-Training von Modellen, Data Labeling anhand von Bildern, RLHF etc.) zusammen.</p>
<p>Wenn Sie ebenfalls Bedarfe in diesen Bereichen haben, würden wir uns freuen, wenn wir euch hier supporten könnten.</p>
<p>Ich freue mich auf den weiteren Austausch.</p>
<p>Viele Grüße<br>[Ihr Name]<br>PathWize</p>","hello@audavis.ai"
"65","audEERING GmbH","https://www.audeering.com/","Ja","Prof. Dagmar Schuller","info@audeering.com","funktional","Intro KI Bundesverband - z.Hd. Dagmar Schuller - Data Labeling und Annotation für Ihre KI Vorhaben","Hallo Frau Prof. Schuller,","Hallo Frau Prof. Schuller,

wir stehen eng mit dem KI Bundesverband im Austausch und haben dort die Info erhalten, dass wir uns mal bei euch melden sollen, da unser Experten-Netzwerk ggf. spannend für euch sein könnte.

Wir bei PathWize sind einer der führenden Anbieter für Data Labeling und Annotation im europäischen Raum. Mit einem Netzwerk von über 250.000 Experten können wir die richtigen Köpfe in unterschiedlichen Bereichen für sämtliche Data-Labeling-Bedarfe stellen.

Unternehmen wie z.B. Mistral AI und mittelständische Firmen bis hin zu Konzernen arbeiten bereits mit uns im Rahmen ihrer KI-Vorhaben (Post- und Pre-Training von Modellen, Data Labeling anhand von Bildern, RLHF etc.) zusammen.

Wenn Sie ebenfalls Bedarfe in diesen Bereichen haben, würden wir uns freuen, wenn wir euch hier supporten könnten.

Ich freue mich auf den weiteren Austausch.

Viele Grüße
[Ihr Name]
PathWize","<p>Hallo Frau Prof. Schuller,</p>
<p>wir stehen eng mit dem KI Bundesverband im Austausch und haben dort die Info erhalten, dass wir uns mal bei euch melden sollen, da unser Experten-Netzwerk ggf. spannend für euch sein könnte.</p>
<p>Wir bei <a href=""https://www.gopathwize.com"">PathWize</a> sind einer der führenden Anbieter für Data Labeling und Annotation im europäischen Raum. Mit einem Netzwerk von über 250.000 Experten können wir die richtigen Köpfe in unterschiedlichen Bereichen für sämtliche Data-Labeling-Bedarfe stellen.</p>
<p>Unternehmen wie z.B. Mistral AI und mittelständische Firmen bis hin zu Konzernen arbeiten bereits mit uns im Rahmen ihrer KI-Vorhaben (Post- und Pre-Training von Modellen, Data Labeling anhand von Bildern, RLHF etc.) zusammen.</p>
<p>Wenn Sie ebenfalls Bedarfe in diesen Bereichen haben, würden wir uns freuen, wenn wir euch hier supporten könnten.</p>
<p>Ich freue mich auf den weiteren Austausch.</p>
<p>Viele Grüße<br>[Ihr Name]<br>PathWize</p>","info@audeering.com"
"66","aurismatic GmbH","https://aurismatic.com/","Ja","","info@aurismatic.com","funktional","Intro KI Bundesverband - Data Labeling und Annotation für Ihre KI Vorhaben","Guten Tag,","Guten Tag,

wir stehen eng mit dem KI Bundesverband im Austausch und haben dort die Info erhalten, dass wir uns mal bei euch melden sollen, da unser Experten-Netzwerk ggf. spannend für euch sein könnte.

Wir bei PathWize sind einer der führenden Anbieter für Data Labeling und Annotation im europäischen Raum. Mit einem Netzwerk von über 250.000 Experten können wir die richtigen Köpfe in unterschiedlichen Bereichen für sämtliche Data-Labeling-Bedarfe stellen.

Unternehmen wie z.B. Mistral AI und mittelständische Firmen bis hin zu Konzernen arbeiten bereits mit uns im Rahmen ihrer KI-Vorhaben (Post- und Pre-Training von Modellen, Data Labeling anhand von Bildern, RLHF etc.) zusammen.

Wenn Sie ebenfalls Bedarfe in diesen Bereichen haben, würden wir uns freuen, wenn wir euch hier supporten könnten.

Ich freue mich auf den weiteren Austausch.

Viele Grüße
[Ihr Name]
PathWize","<p>Guten Tag,</p>
<p>wir stehen eng mit dem KI Bundesverband im Austausch und haben dort die Info erhalten, dass wir uns mal bei euch melden sollen, da unser Experten-Netzwerk ggf. spannend für euch sein könnte.</p>
<p>Wir bei <a href=""https://www.gopathwize.com"">PathWize</a> sind einer der führenden Anbieter für Data Labeling und Annotation im europäischen Raum. Mit einem Netzwerk von über 250.000 Experten können wir die richtigen Köpfe in unterschiedlichen Bereichen für sämtliche Data-Labeling-Bedarfe stellen.</p>
<p>Unternehmen wie z.B. Mistral AI und mittelständische Firmen bis hin zu Konzernen arbeiten bereits mit uns im Rahmen ihrer KI-Vorhaben (Post- und Pre-Training von Modellen, Data Labeling anhand von Bildern, RLHF etc.) zusammen.</p>
<p>Wenn Sie ebenfalls Bedarfe in diesen Bereichen haben, würden wir uns freuen, wenn wir euch hier supporten könnten.</p>
<p>Ich freue mich auf den weiteren Austausch.</p>
<p>Viele Grüße<br>[Ihr Name]<br>PathWize</p>","info@aurismatic.com"
"67","AURYAL","https://www.auryal.com/","Ja","","","keine Mail gefunden","Intro KI Bundesverband - Data Labeling und Annotation für Ihre KI Vorhaben","Guten Tag,","Guten Tag,

wir stehen eng mit dem KI Bundesverband im Austausch und haben dort die Info erhalten, dass wir uns mal bei euch melden sollen, da unser Experten-Netzwerk ggf. spannend für euch sein könnte.

Wir bei PathWize sind einer der führenden Anbieter für Data Labeling und Annotation im europäischen Raum. Mit einem Netzwerk von über 250.000 Experten können wir die richtigen Köpfe in unterschiedlichen Bereichen für sämtliche Data-Labeling-Bedarfe stellen.

Unternehmen wie z.B. Mistral AI und mittelständische Firmen bis hin zu Konzernen arbeiten bereits mit uns im Rahmen ihrer KI-Vorhaben (Post- und Pre-Training von Modellen, Data Labeling anhand von Bildern, RLHF etc.) zusammen.

Wenn Sie ebenfalls Bedarfe in diesen Bereichen haben, würden wir uns freuen, wenn wir euch hier supporten könnten.

Ich freue mich auf den weiteren Austausch.

Viele Grüße
[Ihr Name]
PathWize","<p>Guten Tag,</p>
<p>wir stehen eng mit dem KI Bundesverband im Austausch und haben dort die Info erhalten, dass wir uns mal bei euch melden sollen, da unser Experten-Netzwerk ggf. spannend für euch sein könnte.</p>
<p>Wir bei <a href=""https://www.gopathwize.com"">PathWize</a> sind einer der führenden Anbieter für Data Labeling und Annotation im europäischen Raum. Mit einem Netzwerk von über 250.000 Experten können wir die richtigen Köpfe in unterschiedlichen Bereichen für sämtliche Data-Labeling-Bedarfe stellen.</p>
<p>Unternehmen wie z.B. Mistral AI und mittelständische Firmen bis hin zu Konzernen arbeiten bereits mit uns im Rahmen ihrer KI-Vorhaben (Post- und Pre-Training von Modellen, Data Labeling anhand von Bildern, RLHF etc.) zusammen.</p>
<p>Wenn Sie ebenfalls Bedarfe in diesen Bereichen haben, würden wir uns freuen, wenn wir euch hier supporten könnten.</p>
<p>Ich freue mich auf den weiteren Austausch.</p>
<p>Viele Grüße<br>[Ihr Name]<br>PathWize</p>",""
"68","automaited (aiConomix GmbH)","https://www.automaited.com/","Vielleicht","Denis Golovin, Eric Marre, Alexander Schwabauer, Patrick Müller","kontakt@automaited.com","funktional","Intro KI Bundesverband - z.Hd. Denis Golovin - Data Labeling und Annotation für Ihre KI Vorhaben","Hallo Herr Golovin,","Hallo Herr Golovin,

wir stehen eng mit dem KI Bundesverband im Austausch und haben dort die Info erhalten, dass wir uns mal bei euch melden sollen, da unser Experten-Netzwerk ggf. spannend für euch sein könnte.

Wir bei PathWize sind einer der führenden Anbieter für Data Labeling und Annotation im europäischen Raum. Mit einem Netzwerk von über 250.000 Experten können wir die richtigen Köpfe in unterschiedlichen Bereichen für sämtliche Data-Labeling-Bedarfe stellen.

Unternehmen wie z.B. Mistral AI und mittelständische Firmen bis hin zu Konzernen arbeiten bereits mit uns im Rahmen ihrer KI-Vorhaben (Post- und Pre-Training von Modellen, Data Labeling anhand von Bildern, RLHF etc.) zusammen.

Wenn Sie ebenfalls Bedarfe in diesen Bereichen haben, würden wir uns freuen, wenn wir euch hier supporten könnten.

Ich freue mich auf den weiteren Austausch.

Viele Grüße
[Ihr Name]
PathWize","<p>Hallo Herr Golovin,</p>
<p>wir stehen eng mit dem KI Bundesverband im Austausch und haben dort die Info erhalten, dass wir uns mal bei euch melden sollen, da unser Experten-Netzwerk ggf. spannend für euch sein könnte.</p>
<p>Wir bei <a href=""https://www.gopathwize.com"">PathWize</a> sind einer der führenden Anbieter für Data Labeling und Annotation im europäischen Raum. Mit einem Netzwerk von über 250.000 Experten können wir die richtigen Köpfe in unterschiedlichen Bereichen für sämtliche Data-Labeling-Bedarfe stellen.</p>
<p>Unternehmen wie z.B. Mistral AI und mittelständische Firmen bis hin zu Konzernen arbeiten bereits mit uns im Rahmen ihrer KI-Vorhaben (Post- und Pre-Training von Modellen, Data Labeling anhand von Bildern, RLHF etc.) zusammen.</p>
<p>Wenn Sie ebenfalls Bedarfe in diesen Bereichen haben, würden wir uns freuen, wenn wir euch hier supporten könnten.</p>
<p>Ich freue mich auf den weiteren Austausch.</p>
<p>Viele Grüße<br>[Ihr Name]<br>PathWize</p>","contact@automaited.com; kontakt@automaited.com; contact@aiconomix.com"
"69","AutomatIQ Synergies GmbH","https://www.automatiq-synergies.de/","Ja","Sven Giesler, Niklas Wölfl, Heinrich Lingemann","info@automatiq-synergies.de","funktional","Intro KI Bundesverband - z.Hd. Sven Giesler - Data Labeling und Annotation für Ihre KI Vorhaben","Hallo Herr Giesler,","Hallo Herr Giesler,

wir stehen eng mit dem KI Bundesverband im Austausch und haben dort die Info erhalten, dass wir uns mal bei euch melden sollen, da unser Experten-Netzwerk ggf. spannend für euch sein könnte.

Wir bei PathWize sind einer der führenden Anbieter für Data Labeling und Annotation im europäischen Raum. Mit einem Netzwerk von über 250.000 Experten können wir die richtigen Köpfe in unterschiedlichen Bereichen für sämtliche Data-Labeling-Bedarfe stellen.

Unternehmen wie z.B. Mistral AI und mittelständische Firmen bis hin zu Konzernen arbeiten bereits mit uns im Rahmen ihrer KI-Vorhaben (Post- und Pre-Training von Modellen, Data Labeling anhand von Bildern, RLHF etc.) zusammen.

Wenn Sie ebenfalls Bedarfe in diesen Bereichen haben, würden wir uns freuen, wenn wir euch hier supporten könnten.

Ich freue mich auf den weiteren Austausch.

Viele Grüße
[Ihr Name]
PathWize","<p>Hallo Herr Giesler,</p>
<p>wir stehen eng mit dem KI Bundesverband im Austausch und haben dort die Info erhalten, dass wir uns mal bei euch melden sollen, da unser Experten-Netzwerk ggf. spannend für euch sein könnte.</p>
<p>Wir bei <a href=""https://www.gopathwize.com"">PathWize</a> sind einer der führenden Anbieter für Data Labeling und Annotation im europäischen Raum. Mit einem Netzwerk von über 250.000 Experten können wir die richtigen Köpfe in unterschiedlichen Bereichen für sämtliche Data-Labeling-Bedarfe stellen.</p>
<p>Unternehmen wie z.B. Mistral AI und mittelständische Firmen bis hin zu Konzernen arbeiten bereits mit uns im Rahmen ihrer KI-Vorhaben (Post- und Pre-Training von Modellen, Data Labeling anhand von Bildern, RLHF etc.) zusammen.</p>
<p>Wenn Sie ebenfalls Bedarfe in diesen Bereichen haben, würden wir uns freuen, wenn wir euch hier supporten könnten.</p>
<p>Ich freue mich auf den weiteren Austausch.</p>
<p>Viele Grüße<br>[Ihr Name]<br>PathWize</p>","info@automatiq-synergies.de"
"70","avameo","https://www.avameo.de/","Vielleicht","Andreas Mertens","office@avameo.de","funktional","Intro KI Bundesverband - z.Hd. Andreas Mertens - Data Labeling und Annotation für Ihre KI Vorhaben","Hallo Herr Mertens,","Hallo Herr Mertens,

wir stehen eng mit dem KI Bundesverband im Austausch und haben dort die Info erhalten, dass wir uns mal bei euch melden sollen, da unser Experten-Netzwerk ggf. spannend für euch sein könnte.

Wir bei PathWize sind einer der führenden Anbieter für Data Labeling und Annotation im europäischen Raum. Mit einem Netzwerk von über 250.000 Experten können wir die richtigen Köpfe in unterschiedlichen Bereichen für sämtliche Data-Labeling-Bedarfe stellen.

Unternehmen wie z.B. Mistral AI und mittelständische Firmen bis hin zu Konzernen arbeiten bereits mit uns im Rahmen ihrer KI-Vorhaben (Post- und Pre-Training von Modellen, Data Labeling anhand von Bildern, RLHF etc.) zusammen.

Wenn Sie ebenfalls Bedarfe in diesen Bereichen haben, würden wir uns freuen, wenn wir euch hier supporten könnten.

Ich freue mich auf den weiteren Austausch.

Viele Grüße
[Ihr Name]
PathWize","<p>Hallo Herr Mertens,</p>
<p>wir stehen eng mit dem KI Bundesverband im Austausch und haben dort die Info erhalten, dass wir uns mal bei euch melden sollen, da unser Experten-Netzwerk ggf. spannend für euch sein könnte.</p>
<p>Wir bei <a href=""https://www.gopathwize.com"">PathWize</a> sind einer der führenden Anbieter für Data Labeling und Annotation im europäischen Raum. Mit einem Netzwerk von über 250.000 Experten können wir die richtigen Köpfe in unterschiedlichen Bereichen für sämtliche Data-Labeling-Bedarfe stellen.</p>
<p>Unternehmen wie z.B. Mistral AI und mittelständische Firmen bis hin zu Konzernen arbeiten bereits mit uns im Rahmen ihrer KI-Vorhaben (Post- und Pre-Training von Modellen, Data Labeling anhand von Bildern, RLHF etc.) zusammen.</p>
<p>Wenn Sie ebenfalls Bedarfe in diesen Bereichen haben, würden wir uns freuen, wenn wir euch hier supporten könnten.</p>
<p>Ich freue mich auf den weiteren Austausch.</p>
<p>Viele Grüße<br>[Ihr Name]<br>PathWize</p>","office@avameo.de"
"71","axio concept GmbH","https://www.axioconcept.com/","Ja","Marco Bürckel","","keine Mail gefunden","Intro KI Bundesverband - z.Hd. Marco Bürckel - Data Labeling und Annotation für Ihre KI Vorhaben","Hallo Herr Bürckel,","Hallo Herr Bürckel,

wir stehen eng mit dem KI Bundesverband im Austausch und haben dort die Info erhalten, dass wir uns mal bei euch melden sollen, da unser Experten-Netzwerk ggf. spannend für euch sein könnte.

Wir bei PathWize sind einer der führenden Anbieter für Data Labeling und Annotation im europäischen Raum. Mit einem Netzwerk von über 250.000 Experten können wir die richtigen Köpfe in unterschiedlichen Bereichen für sämtliche Data-Labeling-Bedarfe stellen.

Unternehmen wie z.B. Mistral AI und mittelständische Firmen bis hin zu Konzernen arbeiten bereits mit uns im Rahmen ihrer KI-Vorhaben (Post- und Pre-Training von Modellen, Data Labeling anhand von Bildern, RLHF etc.) zusammen.

Wenn Sie ebenfalls Bedarfe in diesen Bereichen haben, würden wir uns freuen, wenn wir euch hier supporten könnten.

Ich freue mich auf den weiteren Austausch.

Viele Grüße
[Ihr Name]
PathWize","<p>Hallo Herr Bürckel,</p>
<p>wir stehen eng mit dem KI Bundesverband im Austausch und haben dort die Info erhalten, dass wir uns mal bei euch melden sollen, da unser Experten-Netzwerk ggf. spannend für euch sein könnte.</p>
<p>Wir bei <a href=""https://www.gopathwize.com"">PathWize</a> sind einer der führenden Anbieter für Data Labeling und Annotation im europäischen Raum. Mit einem Netzwerk von über 250.000 Experten können wir die richtigen Köpfe in unterschiedlichen Bereichen für sämtliche Data-Labeling-Bedarfe stellen.</p>
<p>Unternehmen wie z.B. Mistral AI und mittelständische Firmen bis hin zu Konzernen arbeiten bereits mit uns im Rahmen ihrer KI-Vorhaben (Post- und Pre-Training von Modellen, Data Labeling anhand von Bildern, RLHF etc.) zusammen.</p>
<p>Wenn Sie ebenfalls Bedarfe in diesen Bereichen haben, würden wir uns freuen, wenn wir euch hier supporten könnten.</p>
<p>Ich freue mich auf den weiteren Austausch.</p>
<p>Viele Grüße<br>[Ihr Name]<br>PathWize</p>",""
"72","b.telligent Deutschland GmbH","https://www.btelligent.com/","Vielleicht","Sebastian Amtage, Klaus Blaschek, Kai Kalchthaler","info@btelligent.com","funktional","Intro KI Bundesverband - z.Hd. Sebastian Amtage - Data Labeling und Annotation für Ihre KI Vorhaben","Hallo Herr Amtage,","Hallo Herr Amtage,

wir stehen eng mit dem KI Bundesverband im Austausch und haben dort die Info erhalten, dass wir uns mal bei euch melden sollen, da unser Experten-Netzwerk ggf. spannend für euch sein könnte.

Wir bei PathWize sind einer der führenden Anbieter für Data Labeling und Annotation im europäischen Raum. Mit einem Netzwerk von über 250.000 Experten können wir die richtigen Köpfe in unterschiedlichen Bereichen für sämtliche Data-Labeling-Bedarfe stellen.

Unternehmen wie z.B. Mistral AI und mittelständische Firmen bis hin zu Konzernen arbeiten bereits mit uns im Rahmen ihrer KI-Vorhaben (Post- und Pre-Training von Modellen, Data Labeling anhand von Bildern, RLHF etc.) zusammen.

Wenn Sie ebenfalls Bedarfe in diesen Bereichen haben, würden wir uns freuen, wenn wir euch hier supporten könnten.

Ich freue mich auf den weiteren Austausch.

Viele Grüße
[Ihr Name]
PathWize","<p>Hallo Herr Amtage,</p>
<p>wir stehen eng mit dem KI Bundesverband im Austausch und haben dort die Info erhalten, dass wir uns mal bei euch melden sollen, da unser Experten-Netzwerk ggf. spannend für euch sein könnte.</p>
<p>Wir bei <a href=""https://www.gopathwize.com"">PathWize</a> sind einer der führenden Anbieter für Data Labeling und Annotation im europäischen Raum. Mit einem Netzwerk von über 250.000 Experten können wir die richtigen Köpfe in unterschiedlichen Bereichen für sämtliche Data-Labeling-Bedarfe stellen.</p>
<p>Unternehmen wie z.B. Mistral AI und mittelständische Firmen bis hin zu Konzernen arbeiten bereits mit uns im Rahmen ihrer KI-Vorhaben (Post- und Pre-Training von Modellen, Data Labeling anhand von Bildern, RLHF etc.) zusammen.</p>
<p>Wenn Sie ebenfalls Bedarfe in diesen Bereichen haben, würden wir uns freuen, wenn wir euch hier supporten könnten.</p>
<p>Ich freue mich auf den weiteren Austausch.</p>
<p>Viele Grüße<br>[Ihr Name]<br>PathWize</p>","info@btelligent.com; sales@btelligent.com"
"73","baitechdata (Baitech Data)","https://baitechdata.de/","Vielleicht","Matthias Rothfuchs","willkommen@baitechdata.com","funktional (Mitarbeiter-Mail)","Intro KI Bundesverband - z.Hd. Matthias Rothfuchs - Data Labeling und Annotation für Ihre KI Vorhaben","Hallo Herr Rothfuchs,","Hallo Herr Rothfuchs,

wir stehen eng mit dem KI Bundesverband im Austausch und haben dort die Info erhalten, dass wir uns mal bei euch melden sollen, da unser Experten-Netzwerk ggf. spannend für euch sein könnte.

Wir bei PathWize sind einer der führenden Anbieter für Data Labeling und Annotation im europäischen Raum. Mit einem Netzwerk von über 250.000 Experten können wir die richtigen Köpfe in unterschiedlichen Bereichen für sämtliche Data-Labeling-Bedarfe stellen.

Unternehmen wie z.B. Mistral AI und mittelständische Firmen bis hin zu Konzernen arbeiten bereits mit uns im Rahmen ihrer KI-Vorhaben (Post- und Pre-Training von Modellen, Data Labeling anhand von Bildern, RLHF etc.) zusammen.

Wenn Sie ebenfalls Bedarfe in diesen Bereichen haben, würden wir uns freuen, wenn wir euch hier supporten könnten.

Ich freue mich auf den weiteren Austausch.

Viele Grüße
[Ihr Name]
PathWize","<p>Hallo Herr Rothfuchs,</p>
<p>wir stehen eng mit dem KI Bundesverband im Austausch und haben dort die Info erhalten, dass wir uns mal bei euch melden sollen, da unser Experten-Netzwerk ggf. spannend für euch sein könnte.</p>
<p>Wir bei <a href=""https://www.gopathwize.com"">PathWize</a> sind einer der führenden Anbieter für Data Labeling und Annotation im europäischen Raum. Mit einem Netzwerk von über 250.000 Experten können wir die richtigen Köpfe in unterschiedlichen Bereichen für sämtliche Data-Labeling-Bedarfe stellen.</p>
<p>Unternehmen wie z.B. Mistral AI und mittelständische Firmen bis hin zu Konzernen arbeiten bereits mit uns im Rahmen ihrer KI-Vorhaben (Post- und Pre-Training von Modellen, Data Labeling anhand von Bildern, RLHF etc.) zusammen.</p>
<p>Wenn Sie ebenfalls Bedarfe in diesen Bereichen haben, würden wir uns freuen, wenn wir euch hier supporten könnten.</p>
<p>Ich freue mich auf den weiteren Austausch.</p>
<p>Viele Grüße<br>[Ihr Name]<br>PathWize</p>","willkommen@baitechdata.com"
"75","Bartz & Bartz GmbH","https://www.bartzundbartz.de/","Vielleicht","Eva Bartz","info@bartzundbartz.de","funktional","Intro KI Bundesverband - z.Hd. Eva Bartz - Data Labeling und Annotation für Ihre KI Vorhaben","Hallo Frau Bartz,","Hallo Frau Bartz,

wir stehen eng mit dem KI Bundesverband im Austausch und haben dort die Info erhalten, dass wir uns mal bei euch melden sollen, da unser Experten-Netzwerk ggf. spannend für euch sein könnte.

Wir bei PathWize sind einer der führenden Anbieter für Data Labeling und Annotation im europäischen Raum. Mit einem Netzwerk von über 250.000 Experten können wir die richtigen Köpfe in unterschiedlichen Bereichen für sämtliche Data-Labeling-Bedarfe stellen.

Unternehmen wie z.B. Mistral AI und mittelständische Firmen bis hin zu Konzernen arbeiten bereits mit uns im Rahmen ihrer KI-Vorhaben (Post- und Pre-Training von Modellen, Data Labeling anhand von Bildern, RLHF etc.) zusammen.

Wenn Sie ebenfalls Bedarfe in diesen Bereichen haben, würden wir uns freuen, wenn wir euch hier supporten könnten.

Ich freue mich auf den weiteren Austausch.

Viele Grüße
[Ihr Name]
PathWize","<p>Hallo Frau Bartz,</p>
<p>wir stehen eng mit dem KI Bundesverband im Austausch und haben dort die Info erhalten, dass wir uns mal bei euch melden sollen, da unser Experten-Netzwerk ggf. spannend für euch sein könnte.</p>
<p>Wir bei <a href=""https://www.gopathwize.com"">PathWize</a> sind einer der führenden Anbieter für Data Labeling und Annotation im europäischen Raum. Mit einem Netzwerk von über 250.000 Experten können wir die richtigen Köpfe in unterschiedlichen Bereichen für sämtliche Data-Labeling-Bedarfe stellen.</p>
<p>Unternehmen wie z.B. Mistral AI und mittelständische Firmen bis hin zu Konzernen arbeiten bereits mit uns im Rahmen ihrer KI-Vorhaben (Post- und Pre-Training von Modellen, Data Labeling anhand von Bildern, RLHF etc.) zusammen.</p>
<p>Wenn Sie ebenfalls Bedarfe in diesen Bereichen haben, würden wir uns freuen, wenn wir euch hier supporten könnten.</p>
<p>Ich freue mich auf den weiteren Austausch.</p>
<p>Viele Grüße<br>[Ihr Name]<br>PathWize</p>","info@bartzundbartz.de"
"77","BavMind UG (haftungsbeschränkt)","https://bavmind.com/","Vielleicht","","","keine Mail gefunden","Intro KI Bundesverband - Data Labeling und Annotation für Ihre KI Vorhaben","Guten Tag,","Guten Tag,

wir stehen eng mit dem KI Bundesverband im Austausch und haben dort die Info erhalten, dass wir uns mal bei euch melden sollen, da unser Experten-Netzwerk ggf. spannend für euch sein könnte.

Wir bei PathWize sind einer der führenden Anbieter für Data Labeling und Annotation im europäischen Raum. Mit einem Netzwerk von über 250.000 Experten können wir die richtigen Köpfe in unterschiedlichen Bereichen für sämtliche Data-Labeling-Bedarfe stellen.

Unternehmen wie z.B. Mistral AI und mittelständische Firmen bis hin zu Konzernen arbeiten bereits mit uns im Rahmen ihrer KI-Vorhaben (Post- und Pre-Training von Modellen, Data Labeling anhand von Bildern, RLHF etc.) zusammen.

Wenn Sie ebenfalls Bedarfe in diesen Bereichen haben, würden wir uns freuen, wenn wir euch hier supporten könnten.

Ich freue mich auf den weiteren Austausch.

Viele Grüße
[Ihr Name]
PathWize","<p>Guten Tag,</p>
<p>wir stehen eng mit dem KI Bundesverband im Austausch und haben dort die Info erhalten, dass wir uns mal bei euch melden sollen, da unser Experten-Netzwerk ggf. spannend für euch sein könnte.</p>
<p>Wir bei <a href=""https://www.gopathwize.com"">PathWize</a> sind einer der führenden Anbieter für Data Labeling und Annotation im europäischen Raum. Mit einem Netzwerk von über 250.000 Experten können wir die richtigen Köpfe in unterschiedlichen Bereichen für sämtliche Data-Labeling-Bedarfe stellen.</p>
<p>Unternehmen wie z.B. Mistral AI und mittelständische Firmen bis hin zu Konzernen arbeiten bereits mit uns im Rahmen ihrer KI-Vorhaben (Post- und Pre-Training von Modellen, Data Labeling anhand von Bildern, RLHF etc.) zusammen.</p>
<p>Wenn Sie ebenfalls Bedarfe in diesen Bereichen haben, würden wir uns freuen, wenn wir euch hier supporten könnten.</p>
<p>Ich freue mich auf den weiteren Austausch.</p>
<p>Viele Grüße<br>[Ihr Name]<br>PathWize</p>",""
"79","beebucket GmbH","https://www.beebucket.ai/","Ja","Florian Mauer-Endler","hello@beebucket.ai","funktional","Intro KI Bundesverband - z.Hd. Florian Mauer-Endler - Data Labeling und Annotation für Ihre KI Vorhaben","Hallo Herr Mauer-Endler,","Hallo Herr Mauer-Endler,

wir stehen eng mit dem KI Bundesverband im Austausch und haben dort die Info erhalten, dass wir uns mal bei euch melden sollen, da unser Experten-Netzwerk ggf. spannend für euch sein könnte.

Wir bei PathWize sind einer der führenden Anbieter für Data Labeling und Annotation im europäischen Raum. Mit einem Netzwerk von über 250.000 Experten können wir die richtigen Köpfe in unterschiedlichen Bereichen für sämtliche Data-Labeling-Bedarfe stellen.

Unternehmen wie z.B. Mistral AI und mittelständische Firmen bis hin zu Konzernen arbeiten bereits mit uns im Rahmen ihrer KI-Vorhaben (Post- und Pre-Training von Modellen, Data Labeling anhand von Bildern, RLHF etc.) zusammen.

Wenn Sie ebenfalls Bedarfe in diesen Bereichen haben, würden wir uns freuen, wenn wir euch hier supporten könnten.

Ich freue mich auf den weiteren Austausch.

Viele Grüße
[Ihr Name]
PathWize","<p>Hallo Herr Mauer-Endler,</p>
<p>wir stehen eng mit dem KI Bundesverband im Austausch und haben dort die Info erhalten, dass wir uns mal bei euch melden sollen, da unser Experten-Netzwerk ggf. spannend für euch sein könnte.</p>
<p>Wir bei <a href=""https://www.gopathwize.com"">PathWize</a> sind einer der führenden Anbieter für Data Labeling und Annotation im europäischen Raum. Mit einem Netzwerk von über 250.000 Experten können wir die richtigen Köpfe in unterschiedlichen Bereichen für sämtliche Data-Labeling-Bedarfe stellen.</p>
<p>Unternehmen wie z.B. Mistral AI und mittelständische Firmen bis hin zu Konzernen arbeiten bereits mit uns im Rahmen ihrer KI-Vorhaben (Post- und Pre-Training von Modellen, Data Labeling anhand von Bildern, RLHF etc.) zusammen.</p>
<p>Wenn Sie ebenfalls Bedarfe in diesen Bereichen haben, würden wir uns freuen, wenn wir euch hier supporten könnten.</p>
<p>Ich freue mich auf den weiteren Austausch.</p>
<p>Viele Grüße<br>[Ihr Name]<br>PathWize</p>","hello@beebucket.ai"
"80","Benthos gGmbH","https://www.benthos.ai/","Vielleicht","Francielly Monteiro (Geschäftsführerin)","info@benthos.ai","funktional","Intro KI Bundesverband - z.Hd. Francielly Monteiro - Data Labeling und Annotation für Ihre KI Vorhaben","Hallo Frau Monteiro,","Hallo Frau Monteiro,

wir stehen eng mit dem KI Bundesverband im Austausch und haben dort die Info erhalten, dass wir uns mal bei euch melden sollen, da unser Experten-Netzwerk ggf. spannend für euch sein könnte.

Wir bei PathWize sind einer der führenden Anbieter für Data Labeling und Annotation im europäischen Raum. Mit einem Netzwerk von über 250.000 Experten können wir die richtigen Köpfe in unterschiedlichen Bereichen für sämtliche Data-Labeling-Bedarfe stellen.

Unternehmen wie z.B. Mistral AI und mittelständische Firmen bis hin zu Konzernen arbeiten bereits mit uns im Rahmen ihrer KI-Vorhaben (Post- und Pre-Training von Modellen, Data Labeling anhand von Bildern, RLHF etc.) zusammen.

Wenn Sie ebenfalls Bedarfe in diesen Bereichen haben, würden wir uns freuen, wenn wir euch hier supporten könnten.

Ich freue mich auf den weiteren Austausch.

Viele Grüße
[Ihr Name]
PathWize","<p>Hallo Frau Monteiro,</p>
<p>wir stehen eng mit dem KI Bundesverband im Austausch und haben dort die Info erhalten, dass wir uns mal bei euch melden sollen, da unser Experten-Netzwerk ggf. spannend für euch sein könnte.</p>
<p>Wir bei <a href=""https://www.gopathwize.com"">PathWize</a> sind einer der führenden Anbieter für Data Labeling und Annotation im europäischen Raum. Mit einem Netzwerk von über 250.000 Experten können wir die richtigen Köpfe in unterschiedlichen Bereichen für sämtliche Data-Labeling-Bedarfe stellen.</p>
<p>Unternehmen wie z.B. Mistral AI und mittelständische Firmen bis hin zu Konzernen arbeiten bereits mit uns im Rahmen ihrer KI-Vorhaben (Post- und Pre-Training von Modellen, Data Labeling anhand von Bildern, RLHF etc.) zusammen.</p>
<p>Wenn Sie ebenfalls Bedarfe in diesen Bereichen haben, würden wir uns freuen, wenn wir euch hier supporten könnten.</p>
<p>Ich freue mich auf den weiteren Austausch.</p>
<p>Viele Grüße<br>[Ihr Name]<br>PathWize</p>","info@benthos.ai"
"81","BettercallPaul (bcxp)","https://bcxp.de/","Ja","Thorsten Feuerabend, Ute Nause, Dr. Michael Dirksmöller, Alexander Jost, Benjamin Weinhold","sayhi@bcxp.de","funktional (Mitarbeiter-Mail)","Intro KI Bundesverband - z.Hd. Thorsten Feuerabend - Data Labeling und Annotation für Ihre KI Vorhaben","Hallo Herr Feuerabend,","Hallo Herr Feuerabend,

wir stehen eng mit dem KI Bundesverband im Austausch und haben dort die Info erhalten, dass wir uns mal bei euch melden sollen, da unser Experten-Netzwerk ggf. spannend für euch sein könnte.

Wir bei PathWize sind einer der führenden Anbieter für Data Labeling und Annotation im europäischen Raum. Mit einem Netzwerk von über 250.000 Experten können wir die richtigen Köpfe in unterschiedlichen Bereichen für sämtliche Data-Labeling-Bedarfe stellen.

Unternehmen wie z.B. Mistral AI und mittelständische Firmen bis hin zu Konzernen arbeiten bereits mit uns im Rahmen ihrer KI-Vorhaben (Post- und Pre-Training von Modellen, Data Labeling anhand von Bildern, RLHF etc.) zusammen.

Wenn Sie ebenfalls Bedarfe in diesen Bereichen haben, würden wir uns freuen, wenn wir euch hier supporten könnten.

Ich freue mich auf den weiteren Austausch.

Viele Grüße
[Ihr Name]
PathWize","<p>Hallo Herr Feuerabend,</p>
<p>wir stehen eng mit dem KI Bundesverband im Austausch und haben dort die Info erhalten, dass wir uns mal bei euch melden sollen, da unser Experten-Netzwerk ggf. spannend für euch sein könnte.</p>
<p>Wir bei <a href=""https://www.gopathwize.com"">PathWize</a> sind einer der führenden Anbieter für Data Labeling und Annotation im europäischen Raum. Mit einem Netzwerk von über 250.000 Experten können wir die richtigen Köpfe in unterschiedlichen Bereichen für sämtliche Data-Labeling-Bedarfe stellen.</p>
<p>Unternehmen wie z.B. Mistral AI und mittelständische Firmen bis hin zu Konzernen arbeiten bereits mit uns im Rahmen ihrer KI-Vorhaben (Post- und Pre-Training von Modellen, Data Labeling anhand von Bildern, RLHF etc.) zusammen.</p>
<p>Wenn Sie ebenfalls Bedarfe in diesen Bereichen haben, würden wir uns freuen, wenn wir euch hier supporten könnten.</p>
<p>Ich freue mich auf den weiteren Austausch.</p>
<p>Viele Grüße<br>[Ihr Name]<br>PathWize</p>","sayhi@bcxp.de"
"82","Birds on Mars GmbH","https://www.birdsonmars.com/","Vielleicht","Florian Dohmann, Leonard Tröder, Dr. Ulrich Vornefeld","florian.dohmann@birdsonmars.com","direkt (rekonstruiert)","Intro KI Bundesverband - Data Labeling und Annotation für Ihre KI Vorhaben","Hallo Herr Dohmann,","Hallo Herr Dohmann,

wir stehen eng mit dem KI Bundesverband im Austausch und haben dort die Info erhalten, dass wir uns mal bei euch melden sollen, da unser Experten-Netzwerk ggf. spannend für euch sein könnte.

Wir bei PathWize sind einer der führenden Anbieter für Data Labeling und Annotation im europäischen Raum. Mit einem Netzwerk von über 250.000 Experten können wir die richtigen Köpfe in unterschiedlichen Bereichen für sämtliche Data-Labeling-Bedarfe stellen.

Unternehmen wie z.B. Mistral AI und mittelständische Firmen bis hin zu Konzernen arbeiten bereits mit uns im Rahmen ihrer KI-Vorhaben (Post- und Pre-Training von Modellen, Data Labeling anhand von Bildern, RLHF etc.) zusammen.

Wenn Sie ebenfalls Bedarfe in diesen Bereichen haben, würden wir uns freuen, wenn wir euch hier supporten könnten.

Ich freue mich auf den weiteren Austausch.

Viele Grüße
[Ihr Name]
PathWize","<p>Hallo Herr Dohmann,</p>
<p>wir stehen eng mit dem KI Bundesverband im Austausch und haben dort die Info erhalten, dass wir uns mal bei euch melden sollen, da unser Experten-Netzwerk ggf. spannend für euch sein könnte.</p>
<p>Wir bei <a href=""https://www.gopathwize.com"">PathWize</a> sind einer der führenden Anbieter für Data Labeling und Annotation im europäischen Raum. Mit einem Netzwerk von über 250.000 Experten können wir die richtigen Köpfe in unterschiedlichen Bereichen für sämtliche Data-Labeling-Bedarfe stellen.</p>
<p>Unternehmen wie z.B. Mistral AI und mittelständische Firmen bis hin zu Konzernen arbeiten bereits mit uns im Rahmen ihrer KI-Vorhaben (Post- und Pre-Training von Modellen, Data Labeling anhand von Bildern, RLHF etc.) zusammen.</p>
<p>Wenn Sie ebenfalls Bedarfe in diesen Bereichen haben, würden wir uns freuen, wenn wir euch hier supporten könnten.</p>
<p>Ich freue mich auf den weiteren Austausch.</p>
<p>Viele Grüße<br>[Ihr Name]<br>PathWize</p>","flywithus@birdsonmars.com; florian.stark@birdsonmars.com"
"83","Black Forest Labs","https://blackforestlabs.ai/","Ja","Robin Rombach, Andreas Blattmann, Axel Sauer (Managing Directors)","info@blackforestlabs.ai","funktional","Intro KI Bundesverband - z.Hd. Robin Rombach - Data Labeling und Annotation für Ihre KI Vorhaben","Hallo Robin Rombach,","Hallo Robin Rombach,

wir stehen eng mit dem KI Bundesverband im Austausch und haben dort die Info erhalten, dass wir uns mal bei euch melden sollen, da unser Experten-Netzwerk ggf. spannend für euch sein könnte.

Wir bei PathWize sind einer der führenden Anbieter für Data Labeling und Annotation im europäischen Raum. Mit einem Netzwerk von über 250.000 Experten können wir die richtigen Köpfe in unterschiedlichen Bereichen für sämtliche Data-Labeling-Bedarfe stellen.

Unternehmen wie z.B. Mistral AI und mittelständische Firmen bis hin zu Konzernen arbeiten bereits mit uns im Rahmen ihrer KI-Vorhaben (Post- und Pre-Training von Modellen, Data Labeling anhand von Bildern, RLHF etc.) zusammen.

Wenn Sie ebenfalls Bedarfe in diesen Bereichen haben, würden wir uns freuen, wenn wir euch hier supporten könnten.

Ich freue mich auf den weiteren Austausch.

Viele Grüße
[Ihr Name]
PathWize","<p>Hallo Robin Rombach,</p>
<p>wir stehen eng mit dem KI Bundesverband im Austausch und haben dort die Info erhalten, dass wir uns mal bei euch melden sollen, da unser Experten-Netzwerk ggf. spannend für euch sein könnte.</p>
<p>Wir bei <a href=""https://www.gopathwize.com"">PathWize</a> sind einer der führenden Anbieter für Data Labeling und Annotation im europäischen Raum. Mit einem Netzwerk von über 250.000 Experten können wir die richtigen Köpfe in unterschiedlichen Bereichen für sämtliche Data-Labeling-Bedarfe stellen.</p>
<p>Unternehmen wie z.B. Mistral AI und mittelständische Firmen bis hin zu Konzernen arbeiten bereits mit uns im Rahmen ihrer KI-Vorhaben (Post- und Pre-Training von Modellen, Data Labeling anhand von Bildern, RLHF etc.) zusammen.</p>
<p>Wenn Sie ebenfalls Bedarfe in diesen Bereichen haben, würden wir uns freuen, wenn wir euch hier supporten könnten.</p>
<p>Ich freue mich auf den weiteren Austausch.</p>
<p>Viele Grüße<br>[Ihr Name]<br>PathWize</p>","info@blackforestlabs.ai"
"84","Blockbrain GmbH","https://blockbrain.ai/","Vielleicht","Antonius Gress, Nam Hai Ngo","","keine Mail gefunden","Intro KI Bundesverband - z.Hd. Antonius Gress - Data Labeling und Annotation für Ihre KI Vorhaben","Hallo Herr Gress,","Hallo Herr Gress,

wir stehen eng mit dem KI Bundesverband im Austausch und haben dort die Info erhalten, dass wir uns mal bei euch melden sollen, da unser Experten-Netzwerk ggf. spannend für euch sein könnte.

Wir bei PathWize sind einer der führenden Anbieter für Data Labeling und Annotation im europäischen Raum. Mit einem Netzwerk von über 250.000 Experten können wir die richtigen Köpfe in unterschiedlichen Bereichen für sämtliche Data-Labeling-Bedarfe stellen.

Unternehmen wie z.B. Mistral AI und mittelständische Firmen bis hin zu Konzernen arbeiten bereits mit uns im Rahmen ihrer KI-Vorhaben (Post- und Pre-Training von Modellen, Data Labeling anhand von Bildern, RLHF etc.) zusammen.

Wenn Sie ebenfalls Bedarfe in diesen Bereichen haben, würden wir uns freuen, wenn wir euch hier supporten könnten.

Ich freue mich auf den weiteren Austausch.

Viele Grüße
[Ihr Name]
PathWize","<p>Hallo Herr Gress,</p>
<p>wir stehen eng mit dem KI Bundesverband im Austausch und haben dort die Info erhalten, dass wir uns mal bei euch melden sollen, da unser Experten-Netzwerk ggf. spannend für euch sein könnte.</p>
<p>Wir bei <a href=""https://www.gopathwize.com"">PathWize</a> sind einer der führenden Anbieter für Data Labeling und Annotation im europäischen Raum. Mit einem Netzwerk von über 250.000 Experten können wir die richtigen Köpfe in unterschiedlichen Bereichen für sämtliche Data-Labeling-Bedarfe stellen.</p>
<p>Unternehmen wie z.B. Mistral AI und mittelständische Firmen bis hin zu Konzernen arbeiten bereits mit uns im Rahmen ihrer KI-Vorhaben (Post- und Pre-Training von Modellen, Data Labeling anhand von Bildern, RLHF etc.) zusammen.</p>
<p>Wenn Sie ebenfalls Bedarfe in diesen Bereichen haben, würden wir uns freuen, wenn wir euch hier supporten könnten.</p>
<p>Ich freue mich auf den weiteren Austausch.</p>
<p>Viele Grüße<br>[Ihr Name]<br>PathWize</p>",""
"85","bluesolve","https://www.bluesolve.ai/contact","Vielleicht","","","keine Mail gefunden","Intro KI Bundesverband - Data Labeling und Annotation für Ihre KI Vorhaben","Guten Tag,","Guten Tag,

wir stehen eng mit dem KI Bundesverband im Austausch und haben dort die Info erhalten, dass wir uns mal bei euch melden sollen, da unser Experten-Netzwerk ggf. spannend für euch sein könnte.

Wir bei PathWize sind einer der führenden Anbieter für Data Labeling und Annotation im europäischen Raum. Mit einem Netzwerk von über 250.000 Experten können wir die richtigen Köpfe in unterschiedlichen Bereichen für sämtliche Data-Labeling-Bedarfe stellen.

Unternehmen wie z.B. Mistral AI und mittelständische Firmen bis hin zu Konzernen arbeiten bereits mit uns im Rahmen ihrer KI-Vorhaben (Post- und Pre-Training von Modellen, Data Labeling anhand von Bildern, RLHF etc.) zusammen.

Wenn Sie ebenfalls Bedarfe in diesen Bereichen haben, würden wir uns freuen, wenn wir euch hier supporten könnten.

Ich freue mich auf den weiteren Austausch.

Viele Grüße
[Ihr Name]
PathWize","<p>Guten Tag,</p>
<p>wir stehen eng mit dem KI Bundesverband im Austausch und haben dort die Info erhalten, dass wir uns mal bei euch melden sollen, da unser Experten-Netzwerk ggf. spannend für euch sein könnte.</p>
<p>Wir bei <a href=""https://www.gopathwize.com"">PathWize</a> sind einer der führenden Anbieter für Data Labeling und Annotation im europäischen Raum. Mit einem Netzwerk von über 250.000 Experten können wir die richtigen Köpfe in unterschiedlichen Bereichen für sämtliche Data-Labeling-Bedarfe stellen.</p>
<p>Unternehmen wie z.B. Mistral AI und mittelständische Firmen bis hin zu Konzernen arbeiten bereits mit uns im Rahmen ihrer KI-Vorhaben (Post- und Pre-Training von Modellen, Data Labeling anhand von Bildern, RLHF etc.) zusammen.</p>
<p>Wenn Sie ebenfalls Bedarfe in diesen Bereichen haben, würden wir uns freuen, wenn wir euch hier supporten könnten.</p>
<p>Ich freue mich auf den weiteren Austausch.</p>
<p>Viele Grüße<br>[Ihr Name]<br>PathWize</p>",""
"86","Bots4You GmbH","https://bots4you.de/","Vielleicht","Mervan Miran","info@bots4you.de","funktional","Intro KI Bundesverband - z.Hd. Mervan Miran - Data Labeling und Annotation für Ihre KI Vorhaben","Hallo Herr Miran,","Hallo Herr Miran,

wir stehen eng mit dem KI Bundesverband im Austausch und haben dort die Info erhalten, dass wir uns mal bei euch melden sollen, da unser Experten-Netzwerk ggf. spannend für euch sein könnte.

Wir bei PathWize sind einer der führenden Anbieter für Data Labeling und Annotation im europäischen Raum. Mit einem Netzwerk von über 250.000 Experten können wir die richtigen Köpfe in unterschiedlichen Bereichen für sämtliche Data-Labeling-Bedarfe stellen.

Unternehmen wie z.B. Mistral AI und mittelständische Firmen bis hin zu Konzernen arbeiten bereits mit uns im Rahmen ihrer KI-Vorhaben (Post- und Pre-Training von Modellen, Data Labeling anhand von Bildern, RLHF etc.) zusammen.

Wenn Sie ebenfalls Bedarfe in diesen Bereichen haben, würden wir uns freuen, wenn wir euch hier supporten könnten.

Ich freue mich auf den weiteren Austausch.

Viele Grüße
[Ihr Name]
PathWize","<p>Hallo Herr Miran,</p>
<p>wir stehen eng mit dem KI Bundesverband im Austausch und haben dort die Info erhalten, dass wir uns mal bei euch melden sollen, da unser Experten-Netzwerk ggf. spannend für euch sein könnte.</p>
<p>Wir bei <a href=""https://www.gopathwize.com"">PathWize</a> sind einer der führenden Anbieter für Data Labeling und Annotation im europäischen Raum. Mit einem Netzwerk von über 250.000 Experten können wir die richtigen Köpfe in unterschiedlichen Bereichen für sämtliche Data-Labeling-Bedarfe stellen.</p>
<p>Unternehmen wie z.B. Mistral AI und mittelständische Firmen bis hin zu Konzernen arbeiten bereits mit uns im Rahmen ihrer KI-Vorhaben (Post- und Pre-Training von Modellen, Data Labeling anhand von Bildern, RLHF etc.) zusammen.</p>
<p>Wenn Sie ebenfalls Bedarfe in diesen Bereichen haben, würden wir uns freuen, wenn wir euch hier supporten könnten.</p>
<p>Ich freue mich auf den weiteren Austausch.</p>
<p>Viele Grüße<br>[Ihr Name]<br>PathWize</p>","info@bots4you.de"
"88","branchly GmbH","https://branchly.io/","Vielleicht","Sebastian Flick, Markus Linnenberg","hello@branchly.io","funktional","Intro KI Bundesverband - z.Hd. Sebastian Flick - Data Labeling und Annotation für Ihre KI Vorhaben","Hallo Herr Flick,","Hallo Herr Flick,

wir stehen eng mit dem KI Bundesverband im Austausch und haben dort die Info erhalten, dass wir uns mal bei euch melden sollen, da unser Experten-Netzwerk ggf. spannend für euch sein könnte.

Wir bei PathWize sind einer der führenden Anbieter für Data Labeling und Annotation im europäischen Raum. Mit einem Netzwerk von über 250.000 Experten können wir die richtigen Köpfe in unterschiedlichen Bereichen für sämtliche Data-Labeling-Bedarfe stellen.

Unternehmen wie z.B. Mistral AI und mittelständische Firmen bis hin zu Konzernen arbeiten bereits mit uns im Rahmen ihrer KI-Vorhaben (Post- und Pre-Training von Modellen, Data Labeling anhand von Bildern, RLHF etc.) zusammen.

Wenn Sie ebenfalls Bedarfe in diesen Bereichen haben, würden wir uns freuen, wenn wir euch hier supporten könnten.

Ich freue mich auf den weiteren Austausch.

Viele Grüße
[Ihr Name]
PathWize","<p>Hallo Herr Flick,</p>
<p>wir stehen eng mit dem KI Bundesverband im Austausch und haben dort die Info erhalten, dass wir uns mal bei euch melden sollen, da unser Experten-Netzwerk ggf. spannend für euch sein könnte.</p>
<p>Wir bei <a href=""https://www.gopathwize.com"">PathWize</a> sind einer der führenden Anbieter für Data Labeling und Annotation im europäischen Raum. Mit einem Netzwerk von über 250.000 Experten können wir die richtigen Köpfe in unterschiedlichen Bereichen für sämtliche Data-Labeling-Bedarfe stellen.</p>
<p>Unternehmen wie z.B. Mistral AI und mittelständische Firmen bis hin zu Konzernen arbeiten bereits mit uns im Rahmen ihrer KI-Vorhaben (Post- und Pre-Training von Modellen, Data Labeling anhand von Bildern, RLHF etc.) zusammen.</p>
<p>Wenn Sie ebenfalls Bedarfe in diesen Bereichen haben, würden wir uns freuen, wenn wir euch hier supporten könnten.</p>
<p>Ich freue mich auf den weiteren Austausch.</p>
<p>Viele Grüße<br>[Ihr Name]<br>PathWize</p>","hello@branchly.io"
"89","brayn.io GmbH","https://www.brayn.io/","Vielleicht","André Berthold, Robert Menzlow","info@brayn.io","funktional","Intro KI Bundesverband - z.Hd. André Berthold - Data Labeling und Annotation für Ihre KI Vorhaben","Hallo Herr Berthold,","Hallo Herr Berthold,

wir stehen eng mit dem KI Bundesverband im Austausch und haben dort die Info erhalten, dass wir uns mal bei euch melden sollen, da unser Experten-Netzwerk ggf. spannend für euch sein könnte.

Wir bei PathWize sind einer der führenden Anbieter für Data Labeling und Annotation im europäischen Raum. Mit einem Netzwerk von über 250.000 Experten können wir die richtigen Köpfe in unterschiedlichen Bereichen für sämtliche Data-Labeling-Bedarfe stellen.

Unternehmen wie z.B. Mistral AI und mittelständische Firmen bis hin zu Konzernen arbeiten bereits mit uns im Rahmen ihrer KI-Vorhaben (Post- und Pre-Training von Modellen, Data Labeling anhand von Bildern, RLHF etc.) zusammen.

Wenn Sie ebenfalls Bedarfe in diesen Bereichen haben, würden wir uns freuen, wenn wir euch hier supporten könnten.

Ich freue mich auf den weiteren Austausch.

Viele Grüße
[Ihr Name]
PathWize","<p>Hallo Herr Berthold,</p>
<p>wir stehen eng mit dem KI Bundesverband im Austausch und haben dort die Info erhalten, dass wir uns mal bei euch melden sollen, da unser Experten-Netzwerk ggf. spannend für euch sein könnte.</p>
<p>Wir bei <a href=""https://www.gopathwize.com"">PathWize</a> sind einer der führenden Anbieter für Data Labeling und Annotation im europäischen Raum. Mit einem Netzwerk von über 250.000 Experten können wir die richtigen Köpfe in unterschiedlichen Bereichen für sämtliche Data-Labeling-Bedarfe stellen.</p>
<p>Unternehmen wie z.B. Mistral AI und mittelständische Firmen bis hin zu Konzernen arbeiten bereits mit uns im Rahmen ihrer KI-Vorhaben (Post- und Pre-Training von Modellen, Data Labeling anhand von Bildern, RLHF etc.) zusammen.</p>
<p>Wenn Sie ebenfalls Bedarfe in diesen Bereichen haben, würden wir uns freuen, wenn wir euch hier supporten könnten.</p>
<p>Ich freue mich auf den weiteren Austausch.</p>
<p>Viele Grüße<br>[Ihr Name]<br>PathWize</p>","info@brayn.io"
"90","BREOS GmbH","https://www.breos.com/","Vielleicht","","","keine Mail gefunden","Intro KI Bundesverband - Data Labeling und Annotation für Ihre KI Vorhaben","Guten Tag,","Guten Tag,

wir stehen eng mit dem KI Bundesverband im Austausch und haben dort die Info erhalten, dass wir uns mal bei euch melden sollen, da unser Experten-Netzwerk ggf. spannend für euch sein könnte.

Wir bei PathWize sind einer der führenden Anbieter für Data Labeling und Annotation im europäischen Raum. Mit einem Netzwerk von über 250.000 Experten können wir die richtigen Köpfe in unterschiedlichen Bereichen für sämtliche Data-Labeling-Bedarfe stellen.

Unternehmen wie z.B. Mistral AI und mittelständische Firmen bis hin zu Konzernen arbeiten bereits mit uns im Rahmen ihrer KI-Vorhaben (Post- und Pre-Training von Modellen, Data Labeling anhand von Bildern, RLHF etc.) zusammen.

Wenn Sie ebenfalls Bedarfe in diesen Bereichen haben, würden wir uns freuen, wenn wir euch hier supporten könnten.

Ich freue mich auf den weiteren Austausch.

Viele Grüße
[Ihr Name]
PathWize","<p>Guten Tag,</p>
<p>wir stehen eng mit dem KI Bundesverband im Austausch und haben dort die Info erhalten, dass wir uns mal bei euch melden sollen, da unser Experten-Netzwerk ggf. spannend für euch sein könnte.</p>
<p>Wir bei <a href=""https://www.gopathwize.com"">PathWize</a> sind einer der führenden Anbieter für Data Labeling und Annotation im europäischen Raum. Mit einem Netzwerk von über 250.000 Experten können wir die richtigen Köpfe in unterschiedlichen Bereichen für sämtliche Data-Labeling-Bedarfe stellen.</p>
<p>Unternehmen wie z.B. Mistral AI und mittelständische Firmen bis hin zu Konzernen arbeiten bereits mit uns im Rahmen ihrer KI-Vorhaben (Post- und Pre-Training von Modellen, Data Labeling anhand von Bildern, RLHF etc.) zusammen.</p>
<p>Wenn Sie ebenfalls Bedarfe in diesen Bereichen haben, würden wir uns freuen, wenn wir euch hier supporten könnten.</p>
<p>Ich freue mich auf den weiteren Austausch.</p>
<p>Viele Grüße<br>[Ihr Name]<br>PathWize</p>",""
"91","brighter AI","https://www.brighter.ai/","Ja","Marian Glaeser","hello@brighter.ai","funktional","Intro KI Bundesverband - z.Hd. Marian Glaeser - Data Labeling und Annotation für Ihre KI Vorhaben","Hallo Herr Glaeser,","Hallo Herr Glaeser,

wir stehen eng mit dem KI Bundesverband im Austausch und haben dort die Info erhalten, dass wir uns mal bei euch melden sollen, da unser Experten-Netzwerk ggf. spannend für euch sein könnte.

Wir bei PathWize sind einer der führenden Anbieter für Data Labeling und Annotation im europäischen Raum. Mit einem Netzwerk von über 250.000 Experten können wir die richtigen Köpfe in unterschiedlichen Bereichen für sämtliche Data-Labeling-Bedarfe stellen.

Unternehmen wie z.B. Mistral AI und mittelständische Firmen bis hin zu Konzernen arbeiten bereits mit uns im Rahmen ihrer KI-Vorhaben (Post- und Pre-Training von Modellen, Data Labeling anhand von Bildern, RLHF etc.) zusammen.

Wenn Sie ebenfalls Bedarfe in diesen Bereichen haben, würden wir uns freuen, wenn wir euch hier supporten könnten.

Ich freue mich auf den weiteren Austausch.

Viele Grüße
[Ihr Name]
PathWize","<p>Hallo Herr Glaeser,</p>
<p>wir stehen eng mit dem KI Bundesverband im Austausch und haben dort die Info erhalten, dass wir uns mal bei euch melden sollen, da unser Experten-Netzwerk ggf. spannend für euch sein könnte.</p>
<p>Wir bei <a href=""https://www.gopathwize.com"">PathWize</a> sind einer der führenden Anbieter für Data Labeling und Annotation im europäischen Raum. Mit einem Netzwerk von über 250.000 Experten können wir die richtigen Köpfe in unterschiedlichen Bereichen für sämtliche Data-Labeling-Bedarfe stellen.</p>
<p>Unternehmen wie z.B. Mistral AI und mittelständische Firmen bis hin zu Konzernen arbeiten bereits mit uns im Rahmen ihrer KI-Vorhaben (Post- und Pre-Training von Modellen, Data Labeling anhand von Bildern, RLHF etc.) zusammen.</p>
<p>Wenn Sie ebenfalls Bedarfe in diesen Bereichen haben, würden wir uns freuen, wenn wir euch hier supporten könnten.</p>
<p>Ich freue mich auf den weiteren Austausch.</p>
<p>Viele Grüße<br>[Ihr Name]<br>PathWize</p>","hello@brighter.ai"
"92","BriteLoom GmbH","https://briteloom.ai/","Vielleicht","Marcel-André Geffé","info@briteloom.com","funktional","Intro KI Bundesverband - z.Hd. Marcel-André Geffé - Data Labeling und Annotation für Ihre KI Vorhaben","Hallo Herr Geffé,","Hallo Herr Geffé,

wir stehen eng mit dem KI Bundesverband im Austausch und haben dort die Info erhalten, dass wir uns mal bei euch melden sollen, da unser Experten-Netzwerk ggf. spannend für euch sein könnte.

Wir bei PathWize sind einer der führenden Anbieter für Data Labeling und Annotation im europäischen Raum. Mit einem Netzwerk von über 250.000 Experten können wir die richtigen Köpfe in unterschiedlichen Bereichen für sämtliche Data-Labeling-Bedarfe stellen.

Unternehmen wie z.B. Mistral AI und mittelständische Firmen bis hin zu Konzernen arbeiten bereits mit uns im Rahmen ihrer KI-Vorhaben (Post- und Pre-Training von Modellen, Data Labeling anhand von Bildern, RLHF etc.) zusammen.

Wenn Sie ebenfalls Bedarfe in diesen Bereichen haben, würden wir uns freuen, wenn wir euch hier supporten könnten.

Ich freue mich auf den weiteren Austausch.

Viele Grüße
[Ihr Name]
PathWize","<p>Hallo Herr Geffé,</p>
<p>wir stehen eng mit dem KI Bundesverband im Austausch und haben dort die Info erhalten, dass wir uns mal bei euch melden sollen, da unser Experten-Netzwerk ggf. spannend für euch sein könnte.</p>
<p>Wir bei <a href=""https://www.gopathwize.com"">PathWize</a> sind einer der führenden Anbieter für Data Labeling und Annotation im europäischen Raum. Mit einem Netzwerk von über 250.000 Experten können wir die richtigen Köpfe in unterschiedlichen Bereichen für sämtliche Data-Labeling-Bedarfe stellen.</p>
<p>Unternehmen wie z.B. Mistral AI und mittelständische Firmen bis hin zu Konzernen arbeiten bereits mit uns im Rahmen ihrer KI-Vorhaben (Post- und Pre-Training von Modellen, Data Labeling anhand von Bildern, RLHF etc.) zusammen.</p>
<p>Wenn Sie ebenfalls Bedarfe in diesen Bereichen haben, würden wir uns freuen, wenn wir euch hier supporten könnten.</p>
<p>Ich freue mich auf den weiteren Austausch.</p>
<p>Viele Grüße<br>[Ihr Name]<br>PathWize</p>","info@briteloom.com"
"93","BSMART AI","https://www.bsmart-ai.de/","Vielleicht","Sabayn Mirakai, Bedran Atug (Managing Directors)","info@bsmart-it.de","funktional","Intro KI Bundesverband - z.Hd. Sabayn Mirakai - Data Labeling und Annotation für Ihre KI Vorhaben","Hallo Sabayn Mirakai,","Hallo Sabayn Mirakai,

wir stehen eng mit dem KI Bundesverband im Austausch und haben dort die Info erhalten, dass wir uns mal bei euch melden sollen, da unser Experten-Netzwerk ggf. spannend für euch sein könnte.

Wir bei PathWize sind einer der führenden Anbieter für Data Labeling und Annotation im europäischen Raum. Mit einem Netzwerk von über 250.000 Experten können wir die richtigen Köpfe in unterschiedlichen Bereichen für sämtliche Data-Labeling-Bedarfe stellen.

Unternehmen wie z.B. Mistral AI und mittelständische Firmen bis hin zu Konzernen arbeiten bereits mit uns im Rahmen ihrer KI-Vorhaben (Post- und Pre-Training von Modellen, Data Labeling anhand von Bildern, RLHF etc.) zusammen.

Wenn Sie ebenfalls Bedarfe in diesen Bereichen haben, würden wir uns freuen, wenn wir euch hier supporten könnten.

Ich freue mich auf den weiteren Austausch.

Viele Grüße
[Ihr Name]
PathWize","<p>Hallo Sabayn Mirakai,</p>
<p>wir stehen eng mit dem KI Bundesverband im Austausch und haben dort die Info erhalten, dass wir uns mal bei euch melden sollen, da unser Experten-Netzwerk ggf. spannend für euch sein könnte.</p>
<p>Wir bei <a href=""https://www.gopathwize.com"">PathWize</a> sind einer der führenden Anbieter für Data Labeling und Annotation im europäischen Raum. Mit einem Netzwerk von über 250.000 Experten können wir die richtigen Köpfe in unterschiedlichen Bereichen für sämtliche Data-Labeling-Bedarfe stellen.</p>
<p>Unternehmen wie z.B. Mistral AI und mittelständische Firmen bis hin zu Konzernen arbeiten bereits mit uns im Rahmen ihrer KI-Vorhaben (Post- und Pre-Training von Modellen, Data Labeling anhand von Bildern, RLHF etc.) zusammen.</p>
<p>Wenn Sie ebenfalls Bedarfe in diesen Bereichen haben, würden wir uns freuen, wenn wir euch hier supporten könnten.</p>
<p>Ich freue mich auf den weiteren Austausch.</p>
<p>Viele Grüße<br>[Ihr Name]<br>PathWize</p>","info@bsmart-it.de"
"94","Buildsimple (ISR Information Products)","https://buildsimple.com/","Ja","Vorstand: André Vogt (Sprecher), Manfred Merßmann; Aufsichtsratsvorsitzender: Dr. Johannes Fues (ISR Information Products AG)","info@buildsimple.de","funktional","Intro KI Bundesverband - z.Hd. André Vogt - Data Labeling und Annotation für Ihre KI Vorhaben","Hallo Herr Vogt,","Hallo Herr Vogt,

wir stehen eng mit dem KI Bundesverband im Austausch und haben dort die Info erhalten, dass wir uns mal bei euch melden sollen, da unser Experten-Netzwerk ggf. spannend für euch sein könnte.

Wir bei PathWize sind einer der führenden Anbieter für Data Labeling und Annotation im europäischen Raum. Mit einem Netzwerk von über 250.000 Experten können wir die richtigen Köpfe in unterschiedlichen Bereichen für sämtliche Data-Labeling-Bedarfe stellen.

Unternehmen wie z.B. Mistral AI und mittelständische Firmen bis hin zu Konzernen arbeiten bereits mit uns im Rahmen ihrer KI-Vorhaben (Post- und Pre-Training von Modellen, Data Labeling anhand von Bildern, RLHF etc.) zusammen.

Wenn Sie ebenfalls Bedarfe in diesen Bereichen haben, würden wir uns freuen, wenn wir euch hier supporten könnten.

Ich freue mich auf den weiteren Austausch.

Viele Grüße
[Ihr Name]
PathWize","<p>Hallo Herr Vogt,</p>
<p>wir stehen eng mit dem KI Bundesverband im Austausch und haben dort die Info erhalten, dass wir uns mal bei euch melden sollen, da unser Experten-Netzwerk ggf. spannend für euch sein könnte.</p>
<p>Wir bei <a href=""https://www.gopathwize.com"">PathWize</a> sind einer der führenden Anbieter für Data Labeling und Annotation im europäischen Raum. Mit einem Netzwerk von über 250.000 Experten können wir die richtigen Köpfe in unterschiedlichen Bereichen für sämtliche Data-Labeling-Bedarfe stellen.</p>
<p>Unternehmen wie z.B. Mistral AI und mittelständische Firmen bis hin zu Konzernen arbeiten bereits mit uns im Rahmen ihrer KI-Vorhaben (Post- und Pre-Training von Modellen, Data Labeling anhand von Bildern, RLHF etc.) zusammen.</p>
<p>Wenn Sie ebenfalls Bedarfe in diesen Bereichen haben, würden wir uns freuen, wenn wir euch hier supporten könnten.</p>
<p>Ich freue mich auf den weiteren Austausch.</p>
<p>Viele Grüße<br>[Ihr Name]<br>PathWize</p>","info@buildsimple.de"
"96","Caidera GmbH","https://www.caidera.ai/","Vielleicht","Max Sieg, Daniel Fernau","max.sieg@caidera.ai","direkt (belegt)","Intro KI Bundesverband - Data Labeling und Annotation für Ihre KI Vorhaben","Hallo Herr Sieg,","Hallo Herr Sieg,

wir stehen eng mit dem KI Bundesverband im Austausch und haben dort die Info erhalten, dass wir uns mal bei euch melden sollen, da unser Experten-Netzwerk ggf. spannend für euch sein könnte.

Wir bei PathWize sind einer der führenden Anbieter für Data Labeling und Annotation im europäischen Raum. Mit einem Netzwerk von über 250.000 Experten können wir die richtigen Köpfe in unterschiedlichen Bereichen für sämtliche Data-Labeling-Bedarfe stellen.

Unternehmen wie z.B. Mistral AI und mittelständische Firmen bis hin zu Konzernen arbeiten bereits mit uns im Rahmen ihrer KI-Vorhaben (Post- und Pre-Training von Modellen, Data Labeling anhand von Bildern, RLHF etc.) zusammen.

Wenn Sie ebenfalls Bedarfe in diesen Bereichen haben, würden wir uns freuen, wenn wir euch hier supporten könnten.

Ich freue mich auf den weiteren Austausch.

Viele Grüße
[Ihr Name]
PathWize","<p>Hallo Herr Sieg,</p>
<p>wir stehen eng mit dem KI Bundesverband im Austausch und haben dort die Info erhalten, dass wir uns mal bei euch melden sollen, da unser Experten-Netzwerk ggf. spannend für euch sein könnte.</p>
<p>Wir bei <a href=""https://www.gopathwize.com"">PathWize</a> sind einer der führenden Anbieter für Data Labeling und Annotation im europäischen Raum. Mit einem Netzwerk von über 250.000 Experten können wir die richtigen Köpfe in unterschiedlichen Bereichen für sämtliche Data-Labeling-Bedarfe stellen.</p>
<p>Unternehmen wie z.B. Mistral AI und mittelständische Firmen bis hin zu Konzernen arbeiten bereits mit uns im Rahmen ihrer KI-Vorhaben (Post- und Pre-Training von Modellen, Data Labeling anhand von Bildern, RLHF etc.) zusammen.</p>
<p>Wenn Sie ebenfalls Bedarfe in diesen Bereichen haben, würden wir uns freuen, wenn wir euch hier supporten könnten.</p>
<p>Ich freue mich auf den weiteren Austausch.</p>
<p>Viele Grüße<br>[Ihr Name]<br>PathWize</p>","max.sieg@caidera.ai; daniel.fernau@caidera.ai"
"98","Cambrion GmbH","https://www.cambrion.ai/","Ja","Dr. Daniel Tiarks, Daniel Gamber, Lars Kornhoff (Managing Directors)","hello@cambrion.ai","funktional","Intro KI Bundesverband - z.Hd. Daniel Tiarks - Data Labeling und Annotation für Ihre KI Vorhaben","Hallo Herr Dr. Tiarks,","Hallo Herr Dr. Tiarks,

wir stehen eng mit dem KI Bundesverband im Austausch und haben dort die Info erhalten, dass wir uns mal bei euch melden sollen, da unser Experten-Netzwerk ggf. spannend für euch sein könnte.

Wir bei PathWize sind einer der führenden Anbieter für Data Labeling und Annotation im europäischen Raum. Mit einem Netzwerk von über 250.000 Experten können wir die richtigen Köpfe in unterschiedlichen Bereichen für sämtliche Data-Labeling-Bedarfe stellen.

Unternehmen wie z.B. Mistral AI und mittelständische Firmen bis hin zu Konzernen arbeiten bereits mit uns im Rahmen ihrer KI-Vorhaben (Post- und Pre-Training von Modellen, Data Labeling anhand von Bildern, RLHF etc.) zusammen.

Wenn Sie ebenfalls Bedarfe in diesen Bereichen haben, würden wir uns freuen, wenn wir euch hier supporten könnten.

Ich freue mich auf den weiteren Austausch.

Viele Grüße
[Ihr Name]
PathWize","<p>Hallo Herr Dr. Tiarks,</p>
<p>wir stehen eng mit dem KI Bundesverband im Austausch und haben dort die Info erhalten, dass wir uns mal bei euch melden sollen, da unser Experten-Netzwerk ggf. spannend für euch sein könnte.</p>
<p>Wir bei <a href=""https://www.gopathwize.com"">PathWize</a> sind einer der führenden Anbieter für Data Labeling und Annotation im europäischen Raum. Mit einem Netzwerk von über 250.000 Experten können wir die richtigen Köpfe in unterschiedlichen Bereichen für sämtliche Data-Labeling-Bedarfe stellen.</p>
<p>Unternehmen wie z.B. Mistral AI und mittelständische Firmen bis hin zu Konzernen arbeiten bereits mit uns im Rahmen ihrer KI-Vorhaben (Post- und Pre-Training von Modellen, Data Labeling anhand von Bildern, RLHF etc.) zusammen.</p>
<p>Wenn Sie ebenfalls Bedarfe in diesen Bereichen haben, würden wir uns freuen, wenn wir euch hier supporten könnten.</p>
<p>Ich freue mich auf den weiteren Austausch.</p>
<p>Viele Grüße<br>[Ihr Name]<br>PathWize</p>","hello@cambrion.ai"
"99","CANCOM GmbH","https://www.cancom.de/loesungen/it-themen/ai-loesungen/","Vielleicht","Vorstand: Rüdiger Rath (CEO), Thomas Stark (CFO) (CANCOM SE)","","keine Mail gefunden","Intro KI Bundesverband - z.Hd. Rüdiger Rath - Data Labeling und Annotation für Ihre KI Vorhaben","Hallo Herr Rath,","Hallo Herr Rath,

wir stehen eng mit dem KI Bundesverband im Austausch und haben dort die Info erhalten, dass wir uns mal bei euch melden sollen, da unser Experten-Netzwerk ggf. spannend für euch sein könnte.

Wir bei PathWize sind einer der führenden Anbieter für Data Labeling und Annotation im europäischen Raum. Mit einem Netzwerk von über 250.000 Experten können wir die richtigen Köpfe in unterschiedlichen Bereichen für sämtliche Data-Labeling-Bedarfe stellen.

Unternehmen wie z.B. Mistral AI und mittelständische Firmen bis hin zu Konzernen arbeiten bereits mit uns im Rahmen ihrer KI-Vorhaben (Post- und Pre-Training von Modellen, Data Labeling anhand von Bildern, RLHF etc.) zusammen.

Wenn Sie ebenfalls Bedarfe in diesen Bereichen haben, würden wir uns freuen, wenn wir euch hier supporten könnten.

Ich freue mich auf den weiteren Austausch.

Viele Grüße
[Ihr Name]
PathWize","<p>Hallo Herr Rath,</p>
<p>wir stehen eng mit dem KI Bundesverband im Austausch und haben dort die Info erhalten, dass wir uns mal bei euch melden sollen, da unser Experten-Netzwerk ggf. spannend für euch sein könnte.</p>
<p>Wir bei <a href=""https://www.gopathwize.com"">PathWize</a> sind einer der führenden Anbieter für Data Labeling und Annotation im europäischen Raum. Mit einem Netzwerk von über 250.000 Experten können wir die richtigen Köpfe in unterschiedlichen Bereichen für sämtliche Data-Labeling-Bedarfe stellen.</p>
<p>Unternehmen wie z.B. Mistral AI und mittelständische Firmen bis hin zu Konzernen arbeiten bereits mit uns im Rahmen ihrer KI-Vorhaben (Post- und Pre-Training von Modellen, Data Labeling anhand von Bildern, RLHF etc.) zusammen.</p>
<p>Wenn Sie ebenfalls Bedarfe in diesen Bereichen haben, würden wir uns freuen, wenn wir euch hier supporten könnten.</p>
<p>Ich freue mich auf den weiteren Austausch.</p>
<p>Viele Grüße<br>[Ihr Name]<br>PathWize</p>",""
"100","Brainbox GmbH (Casablanca.AI)","https://casablanca.ai/","Ja","Carsten Kraus","info@casablanca.ai","funktional","Intro KI Bundesverband - z.Hd. Carsten Kraus - Data Labeling und Annotation für Ihre KI Vorhaben","Hallo Herr Kraus,","Hallo Herr Kraus,

wir stehen eng mit dem KI Bundesverband im Austausch und haben dort die Info erhalten, dass wir uns mal bei euch melden sollen, da unser Experten-Netzwerk ggf. spannend für euch sein könnte.

Wir bei PathWize sind einer der führenden Anbieter für Data Labeling und Annotation im europäischen Raum. Mit einem Netzwerk von über 250.000 Experten können wir die richtigen Köpfe in unterschiedlichen Bereichen für sämtliche Data-Labeling-Bedarfe stellen.

Unternehmen wie z.B. Mistral AI und mittelständische Firmen bis hin zu Konzernen arbeiten bereits mit uns im Rahmen ihrer KI-Vorhaben (Post- und Pre-Training von Modellen, Data Labeling anhand von Bildern, RLHF etc.) zusammen.

Wenn Sie ebenfalls Bedarfe in diesen Bereichen haben, würden wir uns freuen, wenn wir euch hier supporten könnten.

Ich freue mich auf den weiteren Austausch.

Viele Grüße
[Ihr Name]
PathWize","<p>Hallo Herr Kraus,</p>
<p>wir stehen eng mit dem KI Bundesverband im Austausch und haben dort die Info erhalten, dass wir uns mal bei euch melden sollen, da unser Experten-Netzwerk ggf. spannend für euch sein könnte.</p>
<p>Wir bei <a href=""https://www.gopathwize.com"">PathWize</a> sind einer der führenden Anbieter für Data Labeling und Annotation im europäischen Raum. Mit einem Netzwerk von über 250.000 Experten können wir die richtigen Köpfe in unterschiedlichen Bereichen für sämtliche Data-Labeling-Bedarfe stellen.</p>
<p>Unternehmen wie z.B. Mistral AI und mittelständische Firmen bis hin zu Konzernen arbeiten bereits mit uns im Rahmen ihrer KI-Vorhaben (Post- und Pre-Training von Modellen, Data Labeling anhand von Bildern, RLHF etc.) zusammen.</p>
<p>Wenn Sie ebenfalls Bedarfe in diesen Bereichen haben, würden wir uns freuen, wenn wir euch hier supporten könnten.</p>
<p>Ich freue mich auf den weiteren Austausch.</p>
<p>Viele Grüße<br>[Ihr Name]<br>PathWize</p>","info@casablanca.ai"
"101","Cauliflower","https://www.cauliflower.ai/","Vielleicht","Lukas Jonathan Waidelich","info@cauliflower.ai","funktional","Intro KI Bundesverband - z.Hd. Lukas Waidelich - Data Labeling und Annotation für Ihre KI Vorhaben","Hallo Herr Waidelich,","Hallo Herr Waidelich,

wir stehen eng mit dem KI Bundesverband im Austausch und haben dort die Info erhalten, dass wir uns mal bei euch melden sollen, da unser Experten-Netzwerk ggf. spannend für euch sein könnte.

Wir bei PathWize sind einer der führenden Anbieter für Data Labeling und Annotation im europäischen Raum. Mit einem Netzwerk von über 250.000 Experten können wir die richtigen Köpfe in unterschiedlichen Bereichen für sämtliche Data-Labeling-Bedarfe stellen.

Unternehmen wie z.B. Mistral AI und mittelständische Firmen bis hin zu Konzernen arbeiten bereits mit uns im Rahmen ihrer KI-Vorhaben (Post- und Pre-Training von Modellen, Data Labeling anhand von Bildern, RLHF etc.) zusammen.

Wenn Sie ebenfalls Bedarfe in diesen Bereichen haben, würden wir uns freuen, wenn wir euch hier supporten könnten.

Ich freue mich auf den weiteren Austausch.

Viele Grüße
[Ihr Name]
PathWize","<p>Hallo Herr Waidelich,</p>
<p>wir stehen eng mit dem KI Bundesverband im Austausch und haben dort die Info erhalten, dass wir uns mal bei euch melden sollen, da unser Experten-Netzwerk ggf. spannend für euch sein könnte.</p>
<p>Wir bei <a href=""https://www.gopathwize.com"">PathWize</a> sind einer der führenden Anbieter für Data Labeling und Annotation im europäischen Raum. Mit einem Netzwerk von über 250.000 Experten können wir die richtigen Köpfe in unterschiedlichen Bereichen für sämtliche Data-Labeling-Bedarfe stellen.</p>
<p>Unternehmen wie z.B. Mistral AI und mittelständische Firmen bis hin zu Konzernen arbeiten bereits mit uns im Rahmen ihrer KI-Vorhaben (Post- und Pre-Training von Modellen, Data Labeling anhand von Bildern, RLHF etc.) zusammen.</p>
<p>Wenn Sie ebenfalls Bedarfe in diesen Bereichen haben, würden wir uns freuen, wenn wir euch hier supporten könnten.</p>
<p>Ich freue mich auf den weiteren Austausch.</p>
<p>Viele Grüße<br>[Ihr Name]<br>PathWize</p>","info@cauliflower.ai"
"102","Cerpro GmbH","https://cerpro.io/","Ja","Frederik Frei","info@cerpro.io","funktional","Intro KI Bundesverband - z.Hd. Frederik Frei - Data Labeling und Annotation für Ihre KI Vorhaben","Hallo Herr Frei,","Hallo Herr Frei,

wir stehen eng mit dem KI Bundesverband im Austausch und haben dort die Info erhalten, dass wir uns mal bei euch melden sollen, da unser Experten-Netzwerk ggf. spannend für euch sein könnte.

Wir bei PathWize sind einer der führenden Anbieter für Data Labeling und Annotation im europäischen Raum. Mit einem Netzwerk von über 250.000 Experten können wir die richtigen Köpfe in unterschiedlichen Bereichen für sämtliche Data-Labeling-Bedarfe stellen.

Unternehmen wie z.B. Mistral AI und mittelständische Firmen bis hin zu Konzernen arbeiten bereits mit uns im Rahmen ihrer KI-Vorhaben (Post- und Pre-Training von Modellen, Data Labeling anhand von Bildern, RLHF etc.) zusammen.

Wenn Sie ebenfalls Bedarfe in diesen Bereichen haben, würden wir uns freuen, wenn wir euch hier supporten könnten.

Ich freue mich auf den weiteren Austausch.

Viele Grüße
[Ihr Name]
PathWize","<p>Hallo Herr Frei,</p>
<p>wir stehen eng mit dem KI Bundesverband im Austausch und haben dort die Info erhalten, dass wir uns mal bei euch melden sollen, da unser Experten-Netzwerk ggf. spannend für euch sein könnte.</p>
<p>Wir bei <a href=""https://www.gopathwize.com"">PathWize</a> sind einer der führenden Anbieter für Data Labeling und Annotation im europäischen Raum. Mit einem Netzwerk von über 250.000 Experten können wir die richtigen Köpfe in unterschiedlichen Bereichen für sämtliche Data-Labeling-Bedarfe stellen.</p>
<p>Unternehmen wie z.B. Mistral AI und mittelständische Firmen bis hin zu Konzernen arbeiten bereits mit uns im Rahmen ihrer KI-Vorhaben (Post- und Pre-Training von Modellen, Data Labeling anhand von Bildern, RLHF etc.) zusammen.</p>
<p>Wenn Sie ebenfalls Bedarfe in diesen Bereichen haben, würden wir uns freuen, wenn wir euch hier supporten könnten.</p>
<p>Ich freue mich auf den weiteren Austausch.</p>
<p>Viele Grüße<br>[Ihr Name]<br>PathWize</p>","info@cerpro.io"
"104","CircoVision UG","https://circovision.com/","Ja","Wilhelm Klat","klat@circovision.com","direkt (belegt)","Intro KI Bundesverband - Data Labeling und Annotation für Ihre KI Vorhaben","Hallo Herr Klat,","Hallo Herr Klat,

wir stehen eng mit dem KI Bundesverband im Austausch und haben dort die Info erhalten, dass wir uns mal bei euch melden sollen, da unser Experten-Netzwerk ggf. spannend für euch sein könnte.

Wir bei PathWize sind einer der führenden Anbieter für Data Labeling und Annotation im europäischen Raum. Mit einem Netzwerk von über 250.000 Experten können wir die richtigen Köpfe in unterschiedlichen Bereichen für sämtliche Data-Labeling-Bedarfe stellen.

Unternehmen wie z.B. Mistral AI und mittelständische Firmen bis hin zu Konzernen arbeiten bereits mit uns im Rahmen ihrer KI-Vorhaben (Post- und Pre-Training von Modellen, Data Labeling anhand von Bildern, RLHF etc.) zusammen.

Wenn Sie ebenfalls Bedarfe in diesen Bereichen haben, würden wir uns freuen, wenn wir euch hier supporten könnten.

Ich freue mich auf den weiteren Austausch.

Viele Grüße
[Ihr Name]
PathWize","<p>Hallo Herr Klat,</p>
<p>wir stehen eng mit dem KI Bundesverband im Austausch und haben dort die Info erhalten, dass wir uns mal bei euch melden sollen, da unser Experten-Netzwerk ggf. spannend für euch sein könnte.</p>
<p>Wir bei <a href=""https://www.gopathwize.com"">PathWize</a> sind einer der führenden Anbieter für Data Labeling und Annotation im europäischen Raum. Mit einem Netzwerk von über 250.000 Experten können wir die richtigen Köpfe in unterschiedlichen Bereichen für sämtliche Data-Labeling-Bedarfe stellen.</p>
<p>Unternehmen wie z.B. Mistral AI und mittelständische Firmen bis hin zu Konzernen arbeiten bereits mit uns im Rahmen ihrer KI-Vorhaben (Post- und Pre-Training von Modellen, Data Labeling anhand von Bildern, RLHF etc.) zusammen.</p>
<p>Wenn Sie ebenfalls Bedarfe in diesen Bereichen haben, würden wir uns freuen, wenn wir euch hier supporten könnten.</p>
<p>Ich freue mich auf den weiteren Austausch.</p>
<p>Viele Grüße<br>[Ihr Name]<br>PathWize</p>","klat@circovision.com"
"105","Circus SE","https://www.circus-group.com/","Ja","Nikolas Bullwinkel","contact@circus-group.com","funktional","Intro KI Bundesverband - z.Hd. Nikolas Bullwinkel - Data Labeling und Annotation für Ihre KI Vorhaben","Hallo Herr Bullwinkel,","Hallo Herr Bullwinkel,

wir stehen eng mit dem KI Bundesverband im Austausch und haben dort die Info erhalten, dass wir uns mal bei euch melden sollen, da unser Experten-Netzwerk ggf. spannend für euch sein könnte.

Wir bei PathWize sind einer der führenden Anbieter für Data Labeling und Annotation im europäischen Raum. Mit einem Netzwerk von über 250.000 Experten können wir die richtigen Köpfe in unterschiedlichen Bereichen für sämtliche Data-Labeling-Bedarfe stellen.

Unternehmen wie z.B. Mistral AI und mittelständische Firmen bis hin zu Konzernen arbeiten bereits mit uns im Rahmen ihrer KI-Vorhaben (Post- und Pre-Training von Modellen, Data Labeling anhand von Bildern, RLHF etc.) zusammen.

Wenn Sie ebenfalls Bedarfe in diesen Bereichen haben, würden wir uns freuen, wenn wir euch hier supporten könnten.

Ich freue mich auf den weiteren Austausch.

Viele Grüße
[Ihr Name]
PathWize","<p>Hallo Herr Bullwinkel,</p>
<p>wir stehen eng mit dem KI Bundesverband im Austausch und haben dort die Info erhalten, dass wir uns mal bei euch melden sollen, da unser Experten-Netzwerk ggf. spannend für euch sein könnte.</p>
<p>Wir bei <a href=""https://www.gopathwize.com"">PathWize</a> sind einer der führenden Anbieter für Data Labeling und Annotation im europäischen Raum. Mit einem Netzwerk von über 250.000 Experten können wir die richtigen Köpfe in unterschiedlichen Bereichen für sämtliche Data-Labeling-Bedarfe stellen.</p>
<p>Unternehmen wie z.B. Mistral AI und mittelständische Firmen bis hin zu Konzernen arbeiten bereits mit uns im Rahmen ihrer KI-Vorhaben (Post- und Pre-Training von Modellen, Data Labeling anhand von Bildern, RLHF etc.) zusammen.</p>
<p>Wenn Sie ebenfalls Bedarfe in diesen Bereichen haben, würden wir uns freuen, wenn wir euch hier supporten könnten.</p>
<p>Ich freue mich auf den weiteren Austausch.</p>
<p>Viele Grüße<br>[Ihr Name]<br>PathWize</p>","contact@circus-group.com; press@circus-group.com; sales@circus-group.com"
"106","Clinomic","https://www.clinomic.ai/","Ja","Prof. Dr. Lukas Martin, Dr. Arne Peine","info@clinomic.ai","funktional","Intro KI Bundesverband - z.Hd. Lukas Martin - Data Labeling und Annotation für Ihre KI Vorhaben","Hallo Herr Prof. Dr. Martin,","Hallo Herr Prof. Dr. Martin,

wir stehen eng mit dem KI Bundesverband im Austausch und haben dort die Info erhalten, dass wir uns mal bei euch melden sollen, da unser Experten-Netzwerk ggf. spannend für euch sein könnte.

Wir bei PathWize sind einer der führenden Anbieter für Data Labeling und Annotation im europäischen Raum. Mit einem Netzwerk von über 250.000 Experten können wir die richtigen Köpfe in unterschiedlichen Bereichen für sämtliche Data-Labeling-Bedarfe stellen.

Unternehmen wie z.B. Mistral AI und mittelständische Firmen bis hin zu Konzernen arbeiten bereits mit uns im Rahmen ihrer KI-Vorhaben (Post- und Pre-Training von Modellen, Data Labeling anhand von Bildern, RLHF etc.) zusammen.

Wenn Sie ebenfalls Bedarfe in diesen Bereichen haben, würden wir uns freuen, wenn wir euch hier supporten könnten.

Ich freue mich auf den weiteren Austausch.

Viele Grüße
[Ihr Name]
PathWize","<p>Hallo Herr Prof. Dr. Martin,</p>
<p>wir stehen eng mit dem KI Bundesverband im Austausch und haben dort die Info erhalten, dass wir uns mal bei euch melden sollen, da unser Experten-Netzwerk ggf. spannend für euch sein könnte.</p>
<p>Wir bei <a href=""https://www.gopathwize.com"">PathWize</a> sind einer der führenden Anbieter für Data Labeling und Annotation im europäischen Raum. Mit einem Netzwerk von über 250.000 Experten können wir die richtigen Köpfe in unterschiedlichen Bereichen für sämtliche Data-Labeling-Bedarfe stellen.</p>
<p>Unternehmen wie z.B. Mistral AI und mittelständische Firmen bis hin zu Konzernen arbeiten bereits mit uns im Rahmen ihrer KI-Vorhaben (Post- und Pre-Training von Modellen, Data Labeling anhand von Bildern, RLHF etc.) zusammen.</p>
<p>Wenn Sie ebenfalls Bedarfe in diesen Bereichen haben, würden wir uns freuen, wenn wir euch hier supporten könnten.</p>
<p>Ich freue mich auf den weiteren Austausch.</p>
<p>Viele Grüße<br>[Ihr Name]<br>PathWize</p>","info@clinomic.ai"
"107","Cloudflight","https://www.cloudflight.io/","Vielleicht","Cloudflight GmbH: André Holhozinskyj; Cloudflight Germany GmbH: André Holhozinskyj, Wassilios Alexopoulos","info@cloudflight.io","funktional","Intro KI Bundesverband - z.Hd. Cloudflight Holhozinskyj - Data Labeling und Annotation für Ihre KI Vorhaben","Hallo Cloudflight Holhozinskyj,","Hallo Cloudflight Holhozinskyj,

wir stehen eng mit dem KI Bundesverband im Austausch und haben dort die Info erhalten, dass wir uns mal bei euch melden sollen, da unser Experten-Netzwerk ggf. spannend für euch sein könnte.

Wir bei PathWize sind einer der führenden Anbieter für Data Labeling und Annotation im europäischen Raum. Mit einem Netzwerk von über 250.000 Experten können wir die richtigen Köpfe in unterschiedlichen Bereichen für sämtliche Data-Labeling-Bedarfe stellen.

Unternehmen wie z.B. Mistral AI und mittelständische Firmen bis hin zu Konzernen arbeiten bereits mit uns im Rahmen ihrer KI-Vorhaben (Post- und Pre-Training von Modellen, Data Labeling anhand von Bildern, RLHF etc.) zusammen.

Wenn Sie ebenfalls Bedarfe in diesen Bereichen haben, würden wir uns freuen, wenn wir euch hier supporten könnten.

Ich freue mich auf den weiteren Austausch.

Viele Grüße
[Ihr Name]
PathWize","<p>Hallo Cloudflight Holhozinskyj,</p>
<p>wir stehen eng mit dem KI Bundesverband im Austausch und haben dort die Info erhalten, dass wir uns mal bei euch melden sollen, da unser Experten-Netzwerk ggf. spannend für euch sein könnte.</p>
<p>Wir bei <a href=""https://www.gopathwize.com"">PathWize</a> sind einer der führenden Anbieter für Data Labeling und Annotation im europäischen Raum. Mit einem Netzwerk von über 250.000 Experten können wir die richtigen Köpfe in unterschiedlichen Bereichen für sämtliche Data-Labeling-Bedarfe stellen.</p>
<p>Unternehmen wie z.B. Mistral AI und mittelständische Firmen bis hin zu Konzernen arbeiten bereits mit uns im Rahmen ihrer KI-Vorhaben (Post- und Pre-Training von Modellen, Data Labeling anhand von Bildern, RLHF etc.) zusammen.</p>
<p>Wenn Sie ebenfalls Bedarfe in diesen Bereichen haben, würden wir uns freuen, wenn wir euch hier supporten könnten.</p>
<p>Ich freue mich auf den weiteren Austausch.</p>
<p>Viele Grüße<br>[Ihr Name]<br>PathWize</p>","info@cloudflight.io"
"108","CloudPal (Pico Ventures GmbH)","https://www.cloudpal.ai/","Ja","Nicola Ritter","info@cloudpal.ai","funktional","Intro KI Bundesverband - z.Hd. Nicola Ritter - Data Labeling und Annotation für Ihre KI Vorhaben","Hallo Nicola Ritter,","Hallo Nicola Ritter,

wir stehen eng mit dem KI Bundesverband im Austausch und haben dort die Info erhalten, dass wir uns mal bei euch melden sollen, da unser Experten-Netzwerk ggf. spannend für euch sein könnte.

Wir bei PathWize sind einer der führenden Anbieter für Data Labeling und Annotation im europäischen Raum. Mit einem Netzwerk von über 250.000 Experten können wir die richtigen Köpfe in unterschiedlichen Bereichen für sämtliche Data-Labeling-Bedarfe stellen.

Unternehmen wie z.B. Mistral AI und mittelständische Firmen bis hin zu Konzernen arbeiten bereits mit uns im Rahmen ihrer KI-Vorhaben (Post- und Pre-Training von Modellen, Data Labeling anhand von Bildern, RLHF etc.) zusammen.

Wenn Sie ebenfalls Bedarfe in diesen Bereichen haben, würden wir uns freuen, wenn wir euch hier supporten könnten.

Ich freue mich auf den weiteren Austausch.

Viele Grüße
[Ihr Name]
PathWize","<p>Hallo Nicola Ritter,</p>
<p>wir stehen eng mit dem KI Bundesverband im Austausch und haben dort die Info erhalten, dass wir uns mal bei euch melden sollen, da unser Experten-Netzwerk ggf. spannend für euch sein könnte.</p>
<p>Wir bei <a href=""https://www.gopathwize.com"">PathWize</a> sind einer der führenden Anbieter für Data Labeling und Annotation im europäischen Raum. Mit einem Netzwerk von über 250.000 Experten können wir die richtigen Köpfe in unterschiedlichen Bereichen für sämtliche Data-Labeling-Bedarfe stellen.</p>
<p>Unternehmen wie z.B. Mistral AI und mittelständische Firmen bis hin zu Konzernen arbeiten bereits mit uns im Rahmen ihrer KI-Vorhaben (Post- und Pre-Training von Modellen, Data Labeling anhand von Bildern, RLHF etc.) zusammen.</p>
<p>Wenn Sie ebenfalls Bedarfe in diesen Bereichen haben, würden wir uns freuen, wenn wir euch hier supporten könnten.</p>
<p>Ich freue mich auf den weiteren Austausch.</p>
<p>Viele Grüße<br>[Ihr Name]<br>PathWize</p>","info@cloudpal.ai"
"109","CLOUDSUPPLIES Intellimation GmbH","https://cloudsupplies.de/","Vielleicht","Thomas Müller, Olaf Schaefers","info@cloudsupplies.de","funktional","Intro KI Bundesverband - z.Hd. Thomas Müller - Data Labeling und Annotation für Ihre KI Vorhaben","Hallo Herr Müller,","Hallo Herr Müller,

wir stehen eng mit dem KI Bundesverband im Austausch und haben dort die Info erhalten, dass wir uns mal bei euch melden sollen, da unser Experten-Netzwerk ggf. spannend für euch sein könnte.

Wir bei PathWize sind einer der führenden Anbieter für Data Labeling und Annotation im europäischen Raum. Mit einem Netzwerk von über 250.000 Experten können wir die richtigen Köpfe in unterschiedlichen Bereichen für sämtliche Data-Labeling-Bedarfe stellen.

Unternehmen wie z.B. Mistral AI und mittelständische Firmen bis hin zu Konzernen arbeiten bereits mit uns im Rahmen ihrer KI-Vorhaben (Post- und Pre-Training von Modellen, Data Labeling anhand von Bildern, RLHF etc.) zusammen.

Wenn Sie ebenfalls Bedarfe in diesen Bereichen haben, würden wir uns freuen, wenn wir euch hier supporten könnten.

Ich freue mich auf den weiteren Austausch.

Viele Grüße
[Ihr Name]
PathWize","<p>Hallo Herr Müller,</p>
<p>wir stehen eng mit dem KI Bundesverband im Austausch und haben dort die Info erhalten, dass wir uns mal bei euch melden sollen, da unser Experten-Netzwerk ggf. spannend für euch sein könnte.</p>
<p>Wir bei <a href=""https://www.gopathwize.com"">PathWize</a> sind einer der führenden Anbieter für Data Labeling und Annotation im europäischen Raum. Mit einem Netzwerk von über 250.000 Experten können wir die richtigen Köpfe in unterschiedlichen Bereichen für sämtliche Data-Labeling-Bedarfe stellen.</p>
<p>Unternehmen wie z.B. Mistral AI und mittelständische Firmen bis hin zu Konzernen arbeiten bereits mit uns im Rahmen ihrer KI-Vorhaben (Post- und Pre-Training von Modellen, Data Labeling anhand von Bildern, RLHF etc.) zusammen.</p>
<p>Wenn Sie ebenfalls Bedarfe in diesen Bereichen haben, würden wir uns freuen, wenn wir euch hier supporten könnten.</p>
<p>Ich freue mich auf den weiteren Austausch.</p>
<p>Viele Grüße<br>[Ihr Name]<br>PathWize</p>","info@cloudsupplies.de"
"110","coac GmbH","https://www.coac.de/","Vielleicht","Martin Prinz","info@coac.de","funktional","Intro KI Bundesverband - z.Hd. Martin Prinz - Data Labeling und Annotation für Ihre KI Vorhaben","Hallo Herr Prinz,","Hallo Herr Prinz,

wir stehen eng mit dem KI Bundesverband im Austausch und haben dort die Info erhalten, dass wir uns mal bei euch melden sollen, da unser Experten-Netzwerk ggf. spannend für euch sein könnte.

Wir bei PathWize sind einer der führenden Anbieter für Data Labeling und Annotation im europäischen Raum. Mit einem Netzwerk von über 250.000 Experten können wir die richtigen Köpfe in unterschiedlichen Bereichen für sämtliche Data-Labeling-Bedarfe stellen.

Unternehmen wie z.B. Mistral AI und mittelständische Firmen bis hin zu Konzernen arbeiten bereits mit uns im Rahmen ihrer KI-Vorhaben (Post- und Pre-Training von Modellen, Data Labeling anhand von Bildern, RLHF etc.) zusammen.

Wenn Sie ebenfalls Bedarfe in diesen Bereichen haben, würden wir uns freuen, wenn wir euch hier supporten könnten.

Ich freue mich auf den weiteren Austausch.

Viele Grüße
[Ihr Name]
PathWize","<p>Hallo Herr Prinz,</p>
<p>wir stehen eng mit dem KI Bundesverband im Austausch und haben dort die Info erhalten, dass wir uns mal bei euch melden sollen, da unser Experten-Netzwerk ggf. spannend für euch sein könnte.</p>
<p>Wir bei <a href=""https://www.gopathwize.com"">PathWize</a> sind einer der führenden Anbieter für Data Labeling und Annotation im europäischen Raum. Mit einem Netzwerk von über 250.000 Experten können wir die richtigen Köpfe in unterschiedlichen Bereichen für sämtliche Data-Labeling-Bedarfe stellen.</p>
<p>Unternehmen wie z.B. Mistral AI und mittelständische Firmen bis hin zu Konzernen arbeiten bereits mit uns im Rahmen ihrer KI-Vorhaben (Post- und Pre-Training von Modellen, Data Labeling anhand von Bildern, RLHF etc.) zusammen.</p>
<p>Wenn Sie ebenfalls Bedarfe in diesen Bereichen haben, würden wir uns freuen, wenn wir euch hier supporten könnten.</p>
<p>Ich freue mich auf den weiteren Austausch.</p>
<p>Viele Grüße<br>[Ihr Name]<br>PathWize</p>","info@coac.de"
"111","Coachbot AI GmbH","https://coachbot.ai/","Vielleicht","Lewin Keller","support@coachbot.ai","funktional (Mitarbeiter-Mail)","Intro KI Bundesverband - z.Hd. Lewin Keller - Data Labeling und Annotation für Ihre KI Vorhaben","Hallo Herr Keller,","Hallo Herr Keller,

wir stehen eng mit dem KI Bundesverband im Austausch und haben dort die Info erhalten, dass wir uns mal bei euch melden sollen, da unser Experten-Netzwerk ggf. spannend für euch sein könnte.

Wir bei PathWize sind einer der führenden Anbieter für Data Labeling und Annotation im europäischen Raum. Mit einem Netzwerk von über 250.000 Experten können wir die richtigen Köpfe in unterschiedlichen Bereichen für sämtliche Data-Labeling-Bedarfe stellen.

Unternehmen wie z.B. Mistral AI und mittelständische Firmen bis hin zu Konzernen arbeiten bereits mit uns im Rahmen ihrer KI-Vorhaben (Post- und Pre-Training von Modellen, Data Labeling anhand von Bildern, RLHF etc.) zusammen.

Wenn Sie ebenfalls Bedarfe in diesen Bereichen haben, würden wir uns freuen, wenn wir euch hier supporten könnten.

Ich freue mich auf den weiteren Austausch.

Viele Grüße
[Ihr Name]
PathWize","<p>Hallo Herr Keller,</p>
<p>wir stehen eng mit dem KI Bundesverband im Austausch und haben dort die Info erhalten, dass wir uns mal bei euch melden sollen, da unser Experten-Netzwerk ggf. spannend für euch sein könnte.</p>
<p>Wir bei <a href=""https://www.gopathwize.com"">PathWize</a> sind einer der führenden Anbieter für Data Labeling und Annotation im europäischen Raum. Mit einem Netzwerk von über 250.000 Experten können wir die richtigen Köpfe in unterschiedlichen Bereichen für sämtliche Data-Labeling-Bedarfe stellen.</p>
<p>Unternehmen wie z.B. Mistral AI und mittelständische Firmen bis hin zu Konzernen arbeiten bereits mit uns im Rahmen ihrer KI-Vorhaben (Post- und Pre-Training von Modellen, Data Labeling anhand von Bildern, RLHF etc.) zusammen.</p>
<p>Wenn Sie ebenfalls Bedarfe in diesen Bereichen haben, würden wir uns freuen, wenn wir euch hier supporten könnten.</p>
<p>Ich freue mich auf den weiteren Austausch.</p>
<p>Viele Grüße<br>[Ihr Name]<br>PathWize</p>","support@coachbot.ai"
"113","Cogitaris GmbH","https://www.cogitaris.de/","Vielleicht","Aydin Nasseri","kontakt@cogitaris.de","funktional","Intro KI Bundesverband - z.Hd. Aydin Nasseri - Data Labeling und Annotation für Ihre KI Vorhaben","Hallo Herr Nasseri,","Hallo Herr Nasseri,

wir stehen eng mit dem KI Bundesverband im Austausch und haben dort die Info erhalten, dass wir uns mal bei euch melden sollen, da unser Experten-Netzwerk ggf. spannend für euch sein könnte.

Wir bei PathWize sind einer der führenden Anbieter für Data Labeling und Annotation im europäischen Raum. Mit einem Netzwerk von über 250.000 Experten können wir die richtigen Köpfe in unterschiedlichen Bereichen für sämtliche Data-Labeling-Bedarfe stellen.

Unternehmen wie z.B. Mistral AI und mittelständische Firmen bis hin zu Konzernen arbeiten bereits mit uns im Rahmen ihrer KI-Vorhaben (Post- und Pre-Training von Modellen, Data Labeling anhand von Bildern, RLHF etc.) zusammen.

Wenn Sie ebenfalls Bedarfe in diesen Bereichen haben, würden wir uns freuen, wenn wir euch hier supporten könnten.

Ich freue mich auf den weiteren Austausch.

Viele Grüße
[Ihr Name]
PathWize","<p>Hallo Herr Nasseri,</p>
<p>wir stehen eng mit dem KI Bundesverband im Austausch und haben dort die Info erhalten, dass wir uns mal bei euch melden sollen, da unser Experten-Netzwerk ggf. spannend für euch sein könnte.</p>
<p>Wir bei <a href=""https://www.gopathwize.com"">PathWize</a> sind einer der führenden Anbieter für Data Labeling und Annotation im europäischen Raum. Mit einem Netzwerk von über 250.000 Experten können wir die richtigen Köpfe in unterschiedlichen Bereichen für sämtliche Data-Labeling-Bedarfe stellen.</p>
<p>Unternehmen wie z.B. Mistral AI und mittelständische Firmen bis hin zu Konzernen arbeiten bereits mit uns im Rahmen ihrer KI-Vorhaben (Post- und Pre-Training von Modellen, Data Labeling anhand von Bildern, RLHF etc.) zusammen.</p>
<p>Wenn Sie ebenfalls Bedarfe in diesen Bereichen haben, würden wir uns freuen, wenn wir euch hier supporten könnten.</p>
<p>Ich freue mich auf den weiteren Austausch.</p>
<p>Viele Grüße<br>[Ihr Name]<br>PathWize</p>","kontakt@cogitaris.de; anfrage@cogitaris.de"
"114","collect Artificial Intelligence GmbH","https://collect.ai/","Ja","Raphael Ehret","info@collect.ai","funktional","Intro KI Bundesverband - z.Hd. Raphael Ehret - Data Labeling und Annotation für Ihre KI Vorhaben","Hallo Herr Ehret,","Hallo Herr Ehret,

wir stehen eng mit dem KI Bundesverband im Austausch und haben dort die Info erhalten, dass wir uns mal bei euch melden sollen, da unser Experten-Netzwerk ggf. spannend für euch sein könnte.

Wir bei PathWize sind einer der führenden Anbieter für Data Labeling und Annotation im europäischen Raum. Mit einem Netzwerk von über 250.000 Experten können wir die richtigen Köpfe in unterschiedlichen Bereichen für sämtliche Data-Labeling-Bedarfe stellen.

Unternehmen wie z.B. Mistral AI und mittelständische Firmen bis hin zu Konzernen arbeiten bereits mit uns im Rahmen ihrer KI-Vorhaben (Post- und Pre-Training von Modellen, Data Labeling anhand von Bildern, RLHF etc.) zusammen.

Wenn Sie ebenfalls Bedarfe in diesen Bereichen haben, würden wir uns freuen, wenn wir euch hier supporten könnten.

Ich freue mich auf den weiteren Austausch.

Viele Grüße
[Ihr Name]
PathWize","<p>Hallo Herr Ehret,</p>
<p>wir stehen eng mit dem KI Bundesverband im Austausch und haben dort die Info erhalten, dass wir uns mal bei euch melden sollen, da unser Experten-Netzwerk ggf. spannend für euch sein könnte.</p>
<p>Wir bei <a href=""https://www.gopathwize.com"">PathWize</a> sind einer der führenden Anbieter für Data Labeling und Annotation im europäischen Raum. Mit einem Netzwerk von über 250.000 Experten können wir die richtigen Köpfe in unterschiedlichen Bereichen für sämtliche Data-Labeling-Bedarfe stellen.</p>
<p>Unternehmen wie z.B. Mistral AI und mittelständische Firmen bis hin zu Konzernen arbeiten bereits mit uns im Rahmen ihrer KI-Vorhaben (Post- und Pre-Training von Modellen, Data Labeling anhand von Bildern, RLHF etc.) zusammen.</p>
<p>Wenn Sie ebenfalls Bedarfe in diesen Bereichen haben, würden wir uns freuen, wenn wir euch hier supporten könnten.</p>
<p>Ich freue mich auf den weiteren Austausch.</p>
<p>Viele Grüße<br>[Ihr Name]<br>PathWize</p>","info@collect.ai"
"115","collective mind GmbH","https://www.collectivemind.de/","Ja","Armin Bär, Artur Hefner, Joshua Raabe","kontakt@comi.de","funktional","Intro KI Bundesverband - z.Hd. Armin Bär - Data Labeling und Annotation für Ihre KI Vorhaben","Hallo Herr Bär,","Hallo Herr Bär,

wir stehen eng mit dem KI Bundesverband im Austausch und haben dort die Info erhalten, dass wir uns mal bei euch melden sollen, da unser Experten-Netzwerk ggf. spannend für euch sein könnte.

Wir bei PathWize sind einer der führenden Anbieter für Data Labeling und Annotation im europäischen Raum. Mit einem Netzwerk von über 250.000 Experten können wir die richtigen Köpfe in unterschiedlichen Bereichen für sämtliche Data-Labeling-Bedarfe stellen.

Unternehmen wie z.B. Mistral AI und mittelständische Firmen bis hin zu Konzernen arbeiten bereits mit uns im Rahmen ihrer KI-Vorhaben (Post- und Pre-Training von Modellen, Data Labeling anhand von Bildern, RLHF etc.) zusammen.

Wenn Sie ebenfalls Bedarfe in diesen Bereichen haben, würden wir uns freuen, wenn wir euch hier supporten könnten.

Ich freue mich auf den weiteren Austausch.

Viele Grüße
[Ihr Name]
PathWize","<p>Hallo Herr Bär,</p>
<p>wir stehen eng mit dem KI Bundesverband im Austausch und haben dort die Info erhalten, dass wir uns mal bei euch melden sollen, da unser Experten-Netzwerk ggf. spannend für euch sein könnte.</p>
<p>Wir bei <a href=""https://www.gopathwize.com"">PathWize</a> sind einer der führenden Anbieter für Data Labeling und Annotation im europäischen Raum. Mit einem Netzwerk von über 250.000 Experten können wir die richtigen Köpfe in unterschiedlichen Bereichen für sämtliche Data-Labeling-Bedarfe stellen.</p>
<p>Unternehmen wie z.B. Mistral AI und mittelständische Firmen bis hin zu Konzernen arbeiten bereits mit uns im Rahmen ihrer KI-Vorhaben (Post- und Pre-Training von Modellen, Data Labeling anhand von Bildern, RLHF etc.) zusammen.</p>
<p>Wenn Sie ebenfalls Bedarfe in diesen Bereichen haben, würden wir uns freuen, wenn wir euch hier supporten könnten.</p>
<p>Ich freue mich auf den weiteren Austausch.</p>
<p>Viele Grüße<br>[Ihr Name]<br>PathWize</p>","kontakt@comi.de"
"118","Comma Soft AG","https://comma-soft.com/","Ja","Benjamin Schulte","info@comma-soft.com","funktional","Intro KI Bundesverband - z.Hd. Benjamin Schulte - Data Labeling und Annotation für Ihre KI Vorhaben","Hallo Herr Schulte,","Hallo Herr Schulte,

wir stehen eng mit dem KI Bundesverband im Austausch und haben dort die Info erhalten, dass wir uns mal bei euch melden sollen, da unser Experten-Netzwerk ggf. spannend für euch sein könnte.

Wir bei PathWize sind einer der führenden Anbieter für Data Labeling und Annotation im europäischen Raum. Mit einem Netzwerk von über 250.000 Experten können wir die richtigen Köpfe in unterschiedlichen Bereichen für sämtliche Data-Labeling-Bedarfe stellen.

Unternehmen wie z.B. Mistral AI und mittelständische Firmen bis hin zu Konzernen arbeiten bereits mit uns im Rahmen ihrer KI-Vorhaben (Post- und Pre-Training von Modellen, Data Labeling anhand von Bildern, RLHF etc.) zusammen.

Wenn Sie ebenfalls Bedarfe in diesen Bereichen haben, würden wir uns freuen, wenn wir euch hier supporten könnten.

Ich freue mich auf den weiteren Austausch.

Viele Grüße
[Ihr Name]
PathWize","<p>Hallo Herr Schulte,</p>
<p>wir stehen eng mit dem KI Bundesverband im Austausch und haben dort die Info erhalten, dass wir uns mal bei euch melden sollen, da unser Experten-Netzwerk ggf. spannend für euch sein könnte.</p>
<p>Wir bei <a href=""https://www.gopathwize.com"">PathWize</a> sind einer der führenden Anbieter für Data Labeling und Annotation im europäischen Raum. Mit einem Netzwerk von über 250.000 Experten können wir die richtigen Köpfe in unterschiedlichen Bereichen für sämtliche Data-Labeling-Bedarfe stellen.</p>
<p>Unternehmen wie z.B. Mistral AI und mittelständische Firmen bis hin zu Konzernen arbeiten bereits mit uns im Rahmen ihrer KI-Vorhaben (Post- und Pre-Training von Modellen, Data Labeling anhand von Bildern, RLHF etc.) zusammen.</p>
<p>Wenn Sie ebenfalls Bedarfe in diesen Bereichen haben, würden wir uns freuen, wenn wir euch hier supporten könnten.</p>
<p>Ich freue mich auf den weiteren Austausch.</p>
<p>Viele Grüße<br>[Ihr Name]<br>PathWize</p>","info@comma-soft.com"
"119","CompanyMind GmbH & Co. KG","https://www.companymind.de/","Vielleicht","Vorstand der cimt AG: Dr. Thorsten Kuhlmann, Arnt Zimmermann, Mehrdad Abdipour","thorsten.kuhlmann@cimt-ag.de","direkt (rekonstruiert)","Intro KI Bundesverband - Data Labeling und Annotation für Ihre KI Vorhaben","Hallo der Kuhlmann,","Hallo der Kuhlmann,

wir stehen eng mit dem KI Bundesverband im Austausch und haben dort die Info erhalten, dass wir uns mal bei euch melden sollen, da unser Experten-Netzwerk ggf. spannend für euch sein könnte.

Wir bei PathWize sind einer der führenden Anbieter für Data Labeling und Annotation im europäischen Raum. Mit einem Netzwerk von über 250.000 Experten können wir die richtigen Köpfe in unterschiedlichen Bereichen für sämtliche Data-Labeling-Bedarfe stellen.

Unternehmen wie z.B. Mistral AI und mittelständische Firmen bis hin zu Konzernen arbeiten bereits mit uns im Rahmen ihrer KI-Vorhaben (Post- und Pre-Training von Modellen, Data Labeling anhand von Bildern, RLHF etc.) zusammen.

Wenn Sie ebenfalls Bedarfe in diesen Bereichen haben, würden wir uns freuen, wenn wir euch hier supporten könnten.

Ich freue mich auf den weiteren Austausch.

Viele Grüße
[Ihr Name]
PathWize","<p>Hallo der Kuhlmann,</p>
<p>wir stehen eng mit dem KI Bundesverband im Austausch und haben dort die Info erhalten, dass wir uns mal bei euch melden sollen, da unser Experten-Netzwerk ggf. spannend für euch sein könnte.</p>
<p>Wir bei <a href=""https://www.gopathwize.com"">PathWize</a> sind einer der führenden Anbieter für Data Labeling und Annotation im europäischen Raum. Mit einem Netzwerk von über 250.000 Experten können wir die richtigen Köpfe in unterschiedlichen Bereichen für sämtliche Data-Labeling-Bedarfe stellen.</p>
<p>Unternehmen wie z.B. Mistral AI und mittelständische Firmen bis hin zu Konzernen arbeiten bereits mit uns im Rahmen ihrer KI-Vorhaben (Post- und Pre-Training von Modellen, Data Labeling anhand von Bildern, RLHF etc.) zusammen.</p>
<p>Wenn Sie ebenfalls Bedarfe in diesen Bereichen haben, würden wir uns freuen, wenn wir euch hier supporten könnten.</p>
<p>Ich freue mich auf den weiteren Austausch.</p>
<p>Viele Grüße<br>[Ihr Name]<br>PathWize</p>","info@cimt-ag.de; harald.schallner@cimt-ag.de"
"121","Complero GmbH","https://www.complero.com/","Vielleicht","Tobias Hamann, Steffen Schneider","info@complero.com","funktional","Intro KI Bundesverband - z.Hd. Tobias Hamann - Data Labeling und Annotation für Ihre KI Vorhaben","Hallo Herr Hamann,","Hallo Herr Hamann,

wir stehen eng mit dem KI Bundesverband im Austausch und haben dort die Info erhalten, dass wir uns mal bei euch melden sollen, da unser Experten-Netzwerk ggf. spannend für euch sein könnte.

Wir bei PathWize sind einer der führenden Anbieter für Data Labeling und Annotation im europäischen Raum. Mit einem Netzwerk von über 250.000 Experten können wir die richtigen Köpfe in unterschiedlichen Bereichen für sämtliche Data-Labeling-Bedarfe stellen.

Unternehmen wie z.B. Mistral AI und mittelständische Firmen bis hin zu Konzernen arbeiten bereits mit uns im Rahmen ihrer KI-Vorhaben (Post- und Pre-Training von Modellen, Data Labeling anhand von Bildern, RLHF etc.) zusammen.

Wenn Sie ebenfalls Bedarfe in diesen Bereichen haben, würden wir uns freuen, wenn wir euch hier supporten könnten.

Ich freue mich auf den weiteren Austausch.

Viele Grüße
[Ihr Name]
PathWize","<p>Hallo Herr Hamann,</p>
<p>wir stehen eng mit dem KI Bundesverband im Austausch und haben dort die Info erhalten, dass wir uns mal bei euch melden sollen, da unser Experten-Netzwerk ggf. spannend für euch sein könnte.</p>
<p>Wir bei <a href=""https://www.gopathwize.com"">PathWize</a> sind einer der führenden Anbieter für Data Labeling und Annotation im europäischen Raum. Mit einem Netzwerk von über 250.000 Experten können wir die richtigen Köpfe in unterschiedlichen Bereichen für sämtliche Data-Labeling-Bedarfe stellen.</p>
<p>Unternehmen wie z.B. Mistral AI und mittelständische Firmen bis hin zu Konzernen arbeiten bereits mit uns im Rahmen ihrer KI-Vorhaben (Post- und Pre-Training von Modellen, Data Labeling anhand von Bildern, RLHF etc.) zusammen.</p>
<p>Wenn Sie ebenfalls Bedarfe in diesen Bereichen haben, würden wir uns freuen, wenn wir euch hier supporten könnten.</p>
<p>Ich freue mich auf den weiteren Austausch.</p>
<p>Viele Grüße<br>[Ihr Name]<br>PathWize</p>","info@complero.com"
"122","CONNECTIVISTEN GmbH","https://connectivisten.de/","Vielleicht","","","keine Mail gefunden","Intro KI Bundesverband - Data Labeling und Annotation für Ihre KI Vorhaben","Guten Tag,","Guten Tag,

wir stehen eng mit dem KI Bundesverband im Austausch und haben dort die Info erhalten, dass wir uns mal bei euch melden sollen, da unser Experten-Netzwerk ggf. spannend für euch sein könnte.

Wir bei PathWize sind einer der führenden Anbieter für Data Labeling und Annotation im europäischen Raum. Mit einem Netzwerk von über 250.000 Experten können wir die richtigen Köpfe in unterschiedlichen Bereichen für sämtliche Data-Labeling-Bedarfe stellen.

Unternehmen wie z.B. Mistral AI und mittelständische Firmen bis hin zu Konzernen arbeiten bereits mit uns im Rahmen ihrer KI-Vorhaben (Post- und Pre-Training von Modellen, Data Labeling anhand von Bildern, RLHF etc.) zusammen.

Wenn Sie ebenfalls Bedarfe in diesen Bereichen haben, würden wir uns freuen, wenn wir euch hier supporten könnten.

Ich freue mich auf den weiteren Austausch.

Viele Grüße
[Ihr Name]
PathWize","<p>Guten Tag,</p>
<p>wir stehen eng mit dem KI Bundesverband im Austausch und haben dort die Info erhalten, dass wir uns mal bei euch melden sollen, da unser Experten-Netzwerk ggf. spannend für euch sein könnte.</p>
<p>Wir bei <a href=""https://www.gopathwize.com"">PathWize</a> sind einer der führenden Anbieter für Data Labeling und Annotation im europäischen Raum. Mit einem Netzwerk von über 250.000 Experten können wir die richtigen Köpfe in unterschiedlichen Bereichen für sämtliche Data-Labeling-Bedarfe stellen.</p>
<p>Unternehmen wie z.B. Mistral AI und mittelständische Firmen bis hin zu Konzernen arbeiten bereits mit uns im Rahmen ihrer KI-Vorhaben (Post- und Pre-Training von Modellen, Data Labeling anhand von Bildern, RLHF etc.) zusammen.</p>
<p>Wenn Sie ebenfalls Bedarfe in diesen Bereichen haben, würden wir uns freuen, wenn wir euch hier supporten könnten.</p>
<p>Ich freue mich auf den weiteren Austausch.</p>
<p>Viele Grüße<br>[Ihr Name]<br>PathWize</p>",""
"124","ControlExpert GmbH","https://www.controlexpert.com/","Ja","Sebastian Lins, Andreas Decker","info@controlexpert.com","funktional","Intro KI Bundesverband - z.Hd. Sebastian Lins - Data Labeling und Annotation für Ihre KI Vorhaben","Hallo Herr Lins,","Hallo Herr Lins,

wir stehen eng mit dem KI Bundesverband im Austausch und haben dort die Info erhalten, dass wir uns mal bei euch melden sollen, da unser Experten-Netzwerk ggf. spannend für euch sein könnte.

Wir bei PathWize sind einer der führenden Anbieter für Data Labeling und Annotation im europäischen Raum. Mit einem Netzwerk von über 250.000 Experten können wir die richtigen Köpfe in unterschiedlichen Bereichen für sämtliche Data-Labeling-Bedarfe stellen.

Unternehmen wie z.B. Mistral AI und mittelständische Firmen bis hin zu Konzernen arbeiten bereits mit uns im Rahmen ihrer KI-Vorhaben (Post- und Pre-Training von Modellen, Data Labeling anhand von Bildern, RLHF etc.) zusammen.

Wenn Sie ebenfalls Bedarfe in diesen Bereichen haben, würden wir uns freuen, wenn wir euch hier supporten könnten.

Ich freue mich auf den weiteren Austausch.

Viele Grüße
[Ihr Name]
PathWize","<p>Hallo Herr Lins,</p>
<p>wir stehen eng mit dem KI Bundesverband im Austausch und haben dort die Info erhalten, dass wir uns mal bei euch melden sollen, da unser Experten-Netzwerk ggf. spannend für euch sein könnte.</p>
<p>Wir bei <a href=""https://www.gopathwize.com"">PathWize</a> sind einer der führenden Anbieter für Data Labeling und Annotation im europäischen Raum. Mit einem Netzwerk von über 250.000 Experten können wir die richtigen Köpfe in unterschiedlichen Bereichen für sämtliche Data-Labeling-Bedarfe stellen.</p>
<p>Unternehmen wie z.B. Mistral AI und mittelständische Firmen bis hin zu Konzernen arbeiten bereits mit uns im Rahmen ihrer KI-Vorhaben (Post- und Pre-Training von Modellen, Data Labeling anhand von Bildern, RLHF etc.) zusammen.</p>
<p>Wenn Sie ebenfalls Bedarfe in diesen Bereichen haben, würden wir uns freuen, wenn wir euch hier supporten könnten.</p>
<p>Ich freue mich auf den weiteren Austausch.</p>
<p>Viele Grüße<br>[Ihr Name]<br>PathWize</p>","info@controlexpert.com"
"125","conventic GmbH","https://www.conventic.com/","Vielleicht","Bernd Maurer","b.maurer@conventic.com","direkt (belegt)","Intro KI Bundesverband - Data Labeling und Annotation für Ihre KI Vorhaben","Hallo Herr Maurer,","Hallo Herr Maurer,

wir stehen eng mit dem KI Bundesverband im Austausch und haben dort die Info erhalten, dass wir uns mal bei euch melden sollen, da unser Experten-Netzwerk ggf. spannend für euch sein könnte.

Wir bei PathWize sind einer der führenden Anbieter für Data Labeling und Annotation im europäischen Raum. Mit einem Netzwerk von über 250.000 Experten können wir die richtigen Köpfe in unterschiedlichen Bereichen für sämtliche Data-Labeling-Bedarfe stellen.

Unternehmen wie z.B. Mistral AI und mittelständische Firmen bis hin zu Konzernen arbeiten bereits mit uns im Rahmen ihrer KI-Vorhaben (Post- und Pre-Training von Modellen, Data Labeling anhand von Bildern, RLHF etc.) zusammen.

Wenn Sie ebenfalls Bedarfe in diesen Bereichen haben, würden wir uns freuen, wenn wir euch hier supporten könnten.

Ich freue mich auf den weiteren Austausch.

Viele Grüße
[Ihr Name]
PathWize","<p>Hallo Herr Maurer,</p>
<p>wir stehen eng mit dem KI Bundesverband im Austausch und haben dort die Info erhalten, dass wir uns mal bei euch melden sollen, da unser Experten-Netzwerk ggf. spannend für euch sein könnte.</p>
<p>Wir bei <a href=""https://www.gopathwize.com"">PathWize</a> sind einer der führenden Anbieter für Data Labeling und Annotation im europäischen Raum. Mit einem Netzwerk von über 250.000 Experten können wir die richtigen Köpfe in unterschiedlichen Bereichen für sämtliche Data-Labeling-Bedarfe stellen.</p>
<p>Unternehmen wie z.B. Mistral AI und mittelständische Firmen bis hin zu Konzernen arbeiten bereits mit uns im Rahmen ihrer KI-Vorhaben (Post- und Pre-Training von Modellen, Data Labeling anhand von Bildern, RLHF etc.) zusammen.</p>
<p>Wenn Sie ebenfalls Bedarfe in diesen Bereichen haben, würden wir uns freuen, wenn wir euch hier supporten könnten.</p>
<p>Ich freue mich auf den weiteren Austausch.</p>
<p>Viele Grüße<br>[Ihr Name]<br>PathWize</p>","hello@conventic.com; b.maurer@conventic.com"
"126","Cortea AI","https://www.cortea.ai/de","Vielleicht","Valentin Neumann, Philipp Hövelmann","contact@cortea.ai","funktional","Intro KI Bundesverband - z.Hd. Valentin Neumann - Data Labeling und Annotation für Ihre KI Vorhaben","Hallo Herr Neumann,","Hallo Herr Neumann,

wir stehen eng mit dem KI Bundesverband im Austausch und haben dort die Info erhalten, dass wir uns mal bei euch melden sollen, da unser Experten-Netzwerk ggf. spannend für euch sein könnte.

Wir bei PathWize sind einer der führenden Anbieter für Data Labeling und Annotation im europäischen Raum. Mit einem Netzwerk von über 250.000 Experten können wir die richtigen Köpfe in unterschiedlichen Bereichen für sämtliche Data-Labeling-Bedarfe stellen.

Unternehmen wie z.B. Mistral AI und mittelständische Firmen bis hin zu Konzernen arbeiten bereits mit uns im Rahmen ihrer KI-Vorhaben (Post- und Pre-Training von Modellen, Data Labeling anhand von Bildern, RLHF etc.) zusammen.

Wenn Sie ebenfalls Bedarfe in diesen Bereichen haben, würden wir uns freuen, wenn wir euch hier supporten könnten.

Ich freue mich auf den weiteren Austausch.

Viele Grüße
[Ihr Name]
PathWize","<p>Hallo Herr Neumann,</p>
<p>wir stehen eng mit dem KI Bundesverband im Austausch und haben dort die Info erhalten, dass wir uns mal bei euch melden sollen, da unser Experten-Netzwerk ggf. spannend für euch sein könnte.</p>
<p>Wir bei <a href=""https://www.gopathwize.com"">PathWize</a> sind einer der führenden Anbieter für Data Labeling und Annotation im europäischen Raum. Mit einem Netzwerk von über 250.000 Experten können wir die richtigen Köpfe in unterschiedlichen Bereichen für sämtliche Data-Labeling-Bedarfe stellen.</p>
<p>Unternehmen wie z.B. Mistral AI und mittelständische Firmen bis hin zu Konzernen arbeiten bereits mit uns im Rahmen ihrer KI-Vorhaben (Post- und Pre-Training von Modellen, Data Labeling anhand von Bildern, RLHF etc.) zusammen.</p>
<p>Wenn Sie ebenfalls Bedarfe in diesen Bereichen haben, würden wir uns freuen, wenn wir euch hier supporten könnten.</p>
<p>Ich freue mich auf den weiteren Austausch.</p>
<p>Viele Grüße<br>[Ihr Name]<br>PathWize</p>","contact@cortea.ai"
"127","Covision Lab","https://www.covisionlab.com/","Ja","","","keine Mail gefunden","Intro KI Bundesverband - Data Labeling und Annotation für Ihre KI Vorhaben","Guten Tag,","Guten Tag,

wir stehen eng mit dem KI Bundesverband im Austausch und haben dort die Info erhalten, dass wir uns mal bei euch melden sollen, da unser Experten-Netzwerk ggf. spannend für euch sein könnte.

Wir bei PathWize sind einer der führenden Anbieter für Data Labeling und Annotation im europäischen Raum. Mit einem Netzwerk von über 250.000 Experten können wir die richtigen Köpfe in unterschiedlichen Bereichen für sämtliche Data-Labeling-Bedarfe stellen.

Unternehmen wie z.B. Mistral AI und mittelständische Firmen bis hin zu Konzernen arbeiten bereits mit uns im Rahmen ihrer KI-Vorhaben (Post- und Pre-Training von Modellen, Data Labeling anhand von Bildern, RLHF etc.) zusammen.

Wenn Sie ebenfalls Bedarfe in diesen Bereichen haben, würden wir uns freuen, wenn wir euch hier supporten könnten.

Ich freue mich auf den weiteren Austausch.

Viele Grüße
[Ihr Name]
PathWize","<p>Guten Tag,</p>
<p>wir stehen eng mit dem KI Bundesverband im Austausch und haben dort die Info erhalten, dass wir uns mal bei euch melden sollen, da unser Experten-Netzwerk ggf. spannend für euch sein könnte.</p>
<p>Wir bei <a href=""https://www.gopathwize.com"">PathWize</a> sind einer der führenden Anbieter für Data Labeling und Annotation im europäischen Raum. Mit einem Netzwerk von über 250.000 Experten können wir die richtigen Köpfe in unterschiedlichen Bereichen für sämtliche Data-Labeling-Bedarfe stellen.</p>
<p>Unternehmen wie z.B. Mistral AI und mittelständische Firmen bis hin zu Konzernen arbeiten bereits mit uns im Rahmen ihrer KI-Vorhaben (Post- und Pre-Training von Modellen, Data Labeling anhand von Bildern, RLHF etc.) zusammen.</p>
<p>Wenn Sie ebenfalls Bedarfe in diesen Bereichen haben, würden wir uns freuen, wenn wir euch hier supporten könnten.</p>
<p>Ich freue mich auf den weiteren Austausch.</p>
<p>Viele Grüße<br>[Ihr Name]<br>PathWize</p>",""
"128","Curiosity","https://curiosity.ai/","Vielleicht","Rafael Fernandes de Oliveira, Dr. Leon Zucchini","hello@curiosity.ai","funktional","Intro KI Bundesverband - z.Hd. Rafael Oliveira - Data Labeling und Annotation für Ihre KI Vorhaben","Hallo Herr Oliveira,","Hallo Herr Oliveira,

wir stehen eng mit dem KI Bundesverband im Austausch und haben dort die Info erhalten, dass wir uns mal bei euch melden sollen, da unser Experten-Netzwerk ggf. spannend für euch sein könnte.

Wir bei PathWize sind einer der führenden Anbieter für Data Labeling und Annotation im europäischen Raum. Mit einem Netzwerk von über 250.000 Experten können wir die richtigen Köpfe in unterschiedlichen Bereichen für sämtliche Data-Labeling-Bedarfe stellen.

Unternehmen wie z.B. Mistral AI und mittelständische Firmen bis hin zu Konzernen arbeiten bereits mit uns im Rahmen ihrer KI-Vorhaben (Post- und Pre-Training von Modellen, Data Labeling anhand von Bildern, RLHF etc.) zusammen.

Wenn Sie ebenfalls Bedarfe in diesen Bereichen haben, würden wir uns freuen, wenn wir euch hier supporten könnten.

Ich freue mich auf den weiteren Austausch.

Viele Grüße
[Ihr Name]
PathWize","<p>Hallo Herr Oliveira,</p>
<p>wir stehen eng mit dem KI Bundesverband im Austausch und haben dort die Info erhalten, dass wir uns mal bei euch melden sollen, da unser Experten-Netzwerk ggf. spannend für euch sein könnte.</p>
<p>Wir bei <a href=""https://www.gopathwize.com"">PathWize</a> sind einer der führenden Anbieter für Data Labeling und Annotation im europäischen Raum. Mit einem Netzwerk von über 250.000 Experten können wir die richtigen Köpfe in unterschiedlichen Bereichen für sämtliche Data-Labeling-Bedarfe stellen.</p>
<p>Unternehmen wie z.B. Mistral AI und mittelständische Firmen bis hin zu Konzernen arbeiten bereits mit uns im Rahmen ihrer KI-Vorhaben (Post- und Pre-Training von Modellen, Data Labeling anhand von Bildern, RLHF etc.) zusammen.</p>
<p>Wenn Sie ebenfalls Bedarfe in diesen Bereichen haben, würden wir uns freuen, wenn wir euch hier supporten könnten.</p>
<p>Ich freue mich auf den weiteren Austausch.</p>
<p>Viele Grüße<br>[Ihr Name]<br>PathWize</p>","hello@curiosity.ai"
"129","CYNEFY GmbH","https://cynefy.com/","Vielleicht","Stefan Lohner","backoffice@cynefy.de","funktional (Mitarbeiter-Mail)","Intro KI Bundesverband - z.Hd. Stefan Lohner - Data Labeling und Annotation für Ihre KI Vorhaben","Hallo Herr Lohner,","Hallo Herr Lohner,

wir stehen eng mit dem KI Bundesverband im Austausch und haben dort die Info erhalten, dass wir uns mal bei euch melden sollen, da unser Experten-Netzwerk ggf. spannend für euch sein könnte.

Wir bei PathWize sind einer der führenden Anbieter für Data Labeling und Annotation im europäischen Raum. Mit einem Netzwerk von über 250.000 Experten können wir die richtigen Köpfe in unterschiedlichen Bereichen für sämtliche Data-Labeling-Bedarfe stellen.

Unternehmen wie z.B. Mistral AI und mittelständische Firmen bis hin zu Konzernen arbeiten bereits mit uns im Rahmen ihrer KI-Vorhaben (Post- und Pre-Training von Modellen, Data Labeling anhand von Bildern, RLHF etc.) zusammen.

Wenn Sie ebenfalls Bedarfe in diesen Bereichen haben, würden wir uns freuen, wenn wir euch hier supporten könnten.

Ich freue mich auf den weiteren Austausch.

Viele Grüße
[Ihr Name]
PathWize","<p>Hallo Herr Lohner,</p>
<p>wir stehen eng mit dem KI Bundesverband im Austausch und haben dort die Info erhalten, dass wir uns mal bei euch melden sollen, da unser Experten-Netzwerk ggf. spannend für euch sein könnte.</p>
<p>Wir bei <a href=""https://www.gopathwize.com"">PathWize</a> sind einer der führenden Anbieter für Data Labeling und Annotation im europäischen Raum. Mit einem Netzwerk von über 250.000 Experten können wir die richtigen Köpfe in unterschiedlichen Bereichen für sämtliche Data-Labeling-Bedarfe stellen.</p>
<p>Unternehmen wie z.B. Mistral AI und mittelständische Firmen bis hin zu Konzernen arbeiten bereits mit uns im Rahmen ihrer KI-Vorhaben (Post- und Pre-Training von Modellen, Data Labeling anhand von Bildern, RLHF etc.) zusammen.</p>
<p>Wenn Sie ebenfalls Bedarfe in diesen Bereichen haben, würden wir uns freuen, wenn wir euch hier supporten könnten.</p>
<p>Ich freue mich auf den weiteren Austausch.</p>
<p>Viele Grüße<br>[Ihr Name]<br>PathWize</p>","backoffice@cynefy.de"
"130","D3 Data Services GmbH","https://d3-data.com/","Vielleicht","Jonas Rathke, Johannes Körner","info@d3-data.com","funktional","Intro KI Bundesverband - z.Hd. Jonas Rathke - Data Labeling und Annotation für Ihre KI Vorhaben","Hallo Herr Rathke,","Hallo Herr Rathke,

wir stehen eng mit dem KI Bundesverband im Austausch und haben dort die Info erhalten, dass wir uns mal bei euch melden sollen, da unser Experten-Netzwerk ggf. spannend für euch sein könnte.

Wir bei PathWize sind einer der führenden Anbieter für Data Labeling und Annotation im europäischen Raum. Mit einem Netzwerk von über 250.000 Experten können wir die richtigen Köpfe in unterschiedlichen Bereichen für sämtliche Data-Labeling-Bedarfe stellen.

Unternehmen wie z.B. Mistral AI und mittelständische Firmen bis hin zu Konzernen arbeiten bereits mit uns im Rahmen ihrer KI-Vorhaben (Post- und Pre-Training von Modellen, Data Labeling anhand von Bildern, RLHF etc.) zusammen.

Wenn Sie ebenfalls Bedarfe in diesen Bereichen haben, würden wir uns freuen, wenn wir euch hier supporten könnten.

Ich freue mich auf den weiteren Austausch.

Viele Grüße
[Ihr Name]
PathWize","<p>Hallo Herr Rathke,</p>
<p>wir stehen eng mit dem KI Bundesverband im Austausch und haben dort die Info erhalten, dass wir uns mal bei euch melden sollen, da unser Experten-Netzwerk ggf. spannend für euch sein könnte.</p>
<p>Wir bei <a href=""https://www.gopathwize.com"">PathWize</a> sind einer der führenden Anbieter für Data Labeling und Annotation im europäischen Raum. Mit einem Netzwerk von über 250.000 Experten können wir die richtigen Köpfe in unterschiedlichen Bereichen für sämtliche Data-Labeling-Bedarfe stellen.</p>
<p>Unternehmen wie z.B. Mistral AI und mittelständische Firmen bis hin zu Konzernen arbeiten bereits mit uns im Rahmen ihrer KI-Vorhaben (Post- und Pre-Training von Modellen, Data Labeling anhand von Bildern, RLHF etc.) zusammen.</p>
<p>Wenn Sie ebenfalls Bedarfe in diesen Bereichen haben, würden wir uns freuen, wenn wir euch hier supporten könnten.</p>
<p>Ich freue mich auf den weiteren Austausch.</p>
<p>Viele Grüße<br>[Ihr Name]<br>PathWize</p>","info@d3-data.com"
"131","DAIN Studios","http://www.dainstudios.com/","Vielleicht","Dirk Hofmann","dirk.hofmann@dainstudios.com","direkt (belegt)","Intro KI Bundesverband - Data Labeling und Annotation für Ihre KI Vorhaben","Hallo Herr Hofmann,","Hallo Herr Hofmann,

wir stehen eng mit dem KI Bundesverband im Austausch und haben dort die Info erhalten, dass wir uns mal bei euch melden sollen, da unser Experten-Netzwerk ggf. spannend für euch sein könnte.

Wir bei PathWize sind einer der führenden Anbieter für Data Labeling und Annotation im europäischen Raum. Mit einem Netzwerk von über 250.000 Experten können wir die richtigen Köpfe in unterschiedlichen Bereichen für sämtliche Data-Labeling-Bedarfe stellen.

Unternehmen wie z.B. Mistral AI und mittelständische Firmen bis hin zu Konzernen arbeiten bereits mit uns im Rahmen ihrer KI-Vorhaben (Post- und Pre-Training von Modellen, Data Labeling anhand von Bildern, RLHF etc.) zusammen.

Wenn Sie ebenfalls Bedarfe in diesen Bereichen haben, würden wir uns freuen, wenn wir euch hier supporten könnten.

Ich freue mich auf den weiteren Austausch.

Viele Grüße
[Ihr Name]
PathWize","<p>Hallo Herr Hofmann,</p>
<p>wir stehen eng mit dem KI Bundesverband im Austausch und haben dort die Info erhalten, dass wir uns mal bei euch melden sollen, da unser Experten-Netzwerk ggf. spannend für euch sein könnte.</p>
<p>Wir bei <a href=""https://www.gopathwize.com"">PathWize</a> sind einer der führenden Anbieter für Data Labeling und Annotation im europäischen Raum. Mit einem Netzwerk von über 250.000 Experten können wir die richtigen Köpfe in unterschiedlichen Bereichen für sämtliche Data-Labeling-Bedarfe stellen.</p>
<p>Unternehmen wie z.B. Mistral AI und mittelständische Firmen bis hin zu Konzernen arbeiten bereits mit uns im Rahmen ihrer KI-Vorhaben (Post- und Pre-Training von Modellen, Data Labeling anhand von Bildern, RLHF etc.) zusammen.</p>
<p>Wenn Sie ebenfalls Bedarfe in diesen Bereichen haben, würden wir uns freuen, wenn wir euch hier supporten könnten.</p>
<p>Ich freue mich auf den weiteren Austausch.</p>
<p>Viele Grüße<br>[Ihr Name]<br>PathWize</p>","dirk.hofmann@dainstudios.com; ulla.kruhse-lehtonen@dainstudios.com; saara.hyvonen@dainstudios.com; info@dainstudios.com"
"133","damedic GmbH","https://www.damedic.ai/","Ja","Dr. med. Rupprecht Milojcic, Dr. Lukas Gilz","info@damedic.ai","funktional","Intro KI Bundesverband - z.Hd. Rupprecht Milojcic - Data Labeling und Annotation für Ihre KI Vorhaben","Hallo Herr Dr. med. Milojcic,","Hallo Herr Dr. med. Milojcic,

wir stehen eng mit dem KI Bundesverband im Austausch und haben dort die Info erhalten, dass wir uns mal bei euch melden sollen, da unser Experten-Netzwerk ggf. spannend für euch sein könnte.

Wir bei PathWize sind einer der führenden Anbieter für Data Labeling und Annotation im europäischen Raum. Mit einem Netzwerk von über 250.000 Experten können wir die richtigen Köpfe in unterschiedlichen Bereichen für sämtliche Data-Labeling-Bedarfe stellen.

Unternehmen wie z.B. Mistral AI und mittelständische Firmen bis hin zu Konzernen arbeiten bereits mit uns im Rahmen ihrer KI-Vorhaben (Post- und Pre-Training von Modellen, Data Labeling anhand von Bildern, RLHF etc.) zusammen.

Wenn Sie ebenfalls Bedarfe in diesen Bereichen haben, würden wir uns freuen, wenn wir euch hier supporten könnten.

Ich freue mich auf den weiteren Austausch.

Viele Grüße
[Ihr Name]
PathWize","<p>Hallo Herr Dr. med. Milojcic,</p>
<p>wir stehen eng mit dem KI Bundesverband im Austausch und haben dort die Info erhalten, dass wir uns mal bei euch melden sollen, da unser Experten-Netzwerk ggf. spannend für euch sein könnte.</p>
<p>Wir bei <a href=""https://www.gopathwize.com"">PathWize</a> sind einer der führenden Anbieter für Data Labeling und Annotation im europäischen Raum. Mit einem Netzwerk von über 250.000 Experten können wir die richtigen Köpfe in unterschiedlichen Bereichen für sämtliche Data-Labeling-Bedarfe stellen.</p>
<p>Unternehmen wie z.B. Mistral AI und mittelständische Firmen bis hin zu Konzernen arbeiten bereits mit uns im Rahmen ihrer KI-Vorhaben (Post- und Pre-Training von Modellen, Data Labeling anhand von Bildern, RLHF etc.) zusammen.</p>
<p>Wenn Sie ebenfalls Bedarfe in diesen Bereichen haben, würden wir uns freuen, wenn wir euch hier supporten könnten.</p>
<p>Ich freue mich auf den weiteren Austausch.</p>
<p>Viele Grüße<br>[Ihr Name]<br>PathWize</p>","info@damedic.ai; datenschutz@damedic.ai"
"134","Data Hive Cassel GmbH","https://d-hive.de/","Vielleicht","Dr.-Ing. Alexander Schrodt, Dr. André Knie","kontakt@d-hive.de","funktional","Intro KI Bundesverband - z.Hd. Alexander Schrodt - Data Labeling und Annotation für Ihre KI Vorhaben","Hallo Herr Dr.-Ing. Schrodt,","Hallo Herr Dr.-Ing. Schrodt,

wir stehen eng mit dem KI Bundesverband im Austausch und haben dort die Info erhalten, dass wir uns mal bei euch melden sollen, da unser Experten-Netzwerk ggf. spannend für euch sein könnte.

Wir bei PathWize sind einer der führenden Anbieter für Data Labeling und Annotation im europäischen Raum. Mit einem Netzwerk von über 250.000 Experten können wir die richtigen Köpfe in unterschiedlichen Bereichen für sämtliche Data-Labeling-Bedarfe stellen.

Unternehmen wie z.B. Mistral AI und mittelständische Firmen bis hin zu Konzernen arbeiten bereits mit uns im Rahmen ihrer KI-Vorhaben (Post- und Pre-Training von Modellen, Data Labeling anhand von Bildern, RLHF etc.) zusammen.

Wenn Sie ebenfalls Bedarfe in diesen Bereichen haben, würden wir uns freuen, wenn wir euch hier supporten könnten.

Ich freue mich auf den weiteren Austausch.

Viele Grüße
[Ihr Name]
PathWize","<p>Hallo Herr Dr.-Ing. Schrodt,</p>
<p>wir stehen eng mit dem KI Bundesverband im Austausch und haben dort die Info erhalten, dass wir uns mal bei euch melden sollen, da unser Experten-Netzwerk ggf. spannend für euch sein könnte.</p>
<p>Wir bei <a href=""https://www.gopathwize.com"">PathWize</a> sind einer der führenden Anbieter für Data Labeling und Annotation im europäischen Raum. Mit einem Netzwerk von über 250.000 Experten können wir die richtigen Köpfe in unterschiedlichen Bereichen für sämtliche Data-Labeling-Bedarfe stellen.</p>
<p>Unternehmen wie z.B. Mistral AI und mittelständische Firmen bis hin zu Konzernen arbeiten bereits mit uns im Rahmen ihrer KI-Vorhaben (Post- und Pre-Training von Modellen, Data Labeling anhand von Bildern, RLHF etc.) zusammen.</p>
<p>Wenn Sie ebenfalls Bedarfe in diesen Bereichen haben, würden wir uns freuen, wenn wir euch hier supporten könnten.</p>
<p>Ich freue mich auf den weiteren Austausch.</p>
<p>Viele Grüße<br>[Ihr Name]<br>PathWize</p>","kontakt@d-hive.de"
"135","Data Max GmbH","https://www.data-max.io/","Vielleicht","","","keine Mail gefunden","Intro KI Bundesverband - Data Labeling und Annotation für Ihre KI Vorhaben","Guten Tag,","Guten Tag,

wir stehen eng mit dem KI Bundesverband im Austausch und haben dort die Info erhalten, dass wir uns mal bei euch melden sollen, da unser Experten-Netzwerk ggf. spannend für euch sein könnte.

Wir bei PathWize sind einer der führenden Anbieter für Data Labeling und Annotation im europäischen Raum. Mit einem Netzwerk von über 250.000 Experten können wir die richtigen Köpfe in unterschiedlichen Bereichen für sämtliche Data-Labeling-Bedarfe stellen.

Unternehmen wie z.B. Mistral AI und mittelständische Firmen bis hin zu Konzernen arbeiten bereits mit uns im Rahmen ihrer KI-Vorhaben (Post- und Pre-Training von Modellen, Data Labeling anhand von Bildern, RLHF etc.) zusammen.

Wenn Sie ebenfalls Bedarfe in diesen Bereichen haben, würden wir uns freuen, wenn wir euch hier supporten könnten.

Ich freue mich auf den weiteren Austausch.

Viele Grüße
[Ihr Name]
PathWize","<p>Guten Tag,</p>
<p>wir stehen eng mit dem KI Bundesverband im Austausch und haben dort die Info erhalten, dass wir uns mal bei euch melden sollen, da unser Experten-Netzwerk ggf. spannend für euch sein könnte.</p>
<p>Wir bei <a href=""https://www.gopathwize.com"">PathWize</a> sind einer der führenden Anbieter für Data Labeling und Annotation im europäischen Raum. Mit einem Netzwerk von über 250.000 Experten können wir die richtigen Köpfe in unterschiedlichen Bereichen für sämtliche Data-Labeling-Bedarfe stellen.</p>
<p>Unternehmen wie z.B. Mistral AI und mittelständische Firmen bis hin zu Konzernen arbeiten bereits mit uns im Rahmen ihrer KI-Vorhaben (Post- und Pre-Training von Modellen, Data Labeling anhand von Bildern, RLHF etc.) zusammen.</p>
<p>Wenn Sie ebenfalls Bedarfe in diesen Bereichen haben, würden wir uns freuen, wenn wir euch hier supporten könnten.</p>
<p>Ich freue mich auf den weiteren Austausch.</p>
<p>Viele Grüße<br>[Ihr Name]<br>PathWize</p>",""
"136","Data Spree GmbH","https://www.data-spree.com/","Ja","Eric Dörheit, Manuel Haß","info@data-spree.com","funktional","Intro KI Bundesverband - z.Hd. Eric Dörheit - Data Labeling und Annotation für Ihre KI Vorhaben","Hallo Herr Dörheit,","Hallo Herr Dörheit,

wir stehen eng mit dem KI Bundesverband im Austausch und haben dort die Info erhalten, dass wir uns mal bei euch melden sollen, da unser Experten-Netzwerk ggf. spannend für euch sein könnte.

Wir bei PathWize sind einer der führenden Anbieter für Data Labeling und Annotation im europäischen Raum. Mit einem Netzwerk von über 250.000 Experten können wir die richtigen Köpfe in unterschiedlichen Bereichen für sämtliche Data-Labeling-Bedarfe stellen.

Unternehmen wie z.B. Mistral AI und mittelständische Firmen bis hin zu Konzernen arbeiten bereits mit uns im Rahmen ihrer KI-Vorhaben (Post- und Pre-Training von Modellen, Data Labeling anhand von Bildern, RLHF etc.) zusammen.

Wenn Sie ebenfalls Bedarfe in diesen Bereichen haben, würden wir uns freuen, wenn wir euch hier supporten könnten.

Ich freue mich auf den weiteren Austausch.

Viele Grüße
[Ihr Name]
PathWize","<p>Hallo Herr Dörheit,</p>
<p>wir stehen eng mit dem KI Bundesverband im Austausch und haben dort die Info erhalten, dass wir uns mal bei euch melden sollen, da unser Experten-Netzwerk ggf. spannend für euch sein könnte.</p>
<p>Wir bei <a href=""https://www.gopathwize.com"">PathWize</a> sind einer der führenden Anbieter für Data Labeling und Annotation im europäischen Raum. Mit einem Netzwerk von über 250.000 Experten können wir die richtigen Köpfe in unterschiedlichen Bereichen für sämtliche Data-Labeling-Bedarfe stellen.</p>
<p>Unternehmen wie z.B. Mistral AI und mittelständische Firmen bis hin zu Konzernen arbeiten bereits mit uns im Rahmen ihrer KI-Vorhaben (Post- und Pre-Training von Modellen, Data Labeling anhand von Bildern, RLHF etc.) zusammen.</p>
<p>Wenn Sie ebenfalls Bedarfe in diesen Bereichen haben, würden wir uns freuen, wenn wir euch hier supporten könnten.</p>
<p>Ich freue mich auf den weiteren Austausch.</p>
<p>Viele Grüße<br>[Ihr Name]<br>PathWize</p>","info@data-spree.com"
"137","Dataciders GmbH","https://dataciders.com/","Vielleicht","Dr. Gero Presser, Thomas Diezmann","kontakt@dataciders.com","funktional","Intro KI Bundesverband - z.Hd. Gero Presser - Data Labeling und Annotation für Ihre KI Vorhaben","Hallo Herr Dr. Presser,","Hallo Herr Dr. Presser,

wir stehen eng mit dem KI Bundesverband im Austausch und haben dort die Info erhalten, dass wir uns mal bei euch melden sollen, da unser Experten-Netzwerk ggf. spannend für euch sein könnte.

Wir bei PathWize sind einer der führenden Anbieter für Data Labeling und Annotation im europäischen Raum. Mit einem Netzwerk von über 250.000 Experten können wir die richtigen Köpfe in unterschiedlichen Bereichen für sämtliche Data-Labeling-Bedarfe stellen.

Unternehmen wie z.B. Mistral AI und mittelständische Firmen bis hin zu Konzernen arbeiten bereits mit uns im Rahmen ihrer KI-Vorhaben (Post- und Pre-Training von Modellen, Data Labeling anhand von Bildern, RLHF etc.) zusammen.

Wenn Sie ebenfalls Bedarfe in diesen Bereichen haben, würden wir uns freuen, wenn wir euch hier supporten könnten.

Ich freue mich auf den weiteren Austausch.

Viele Grüße
[Ihr Name]
PathWize","<p>Hallo Herr Dr. Presser,</p>
<p>wir stehen eng mit dem KI Bundesverband im Austausch und haben dort die Info erhalten, dass wir uns mal bei euch melden sollen, da unser Experten-Netzwerk ggf. spannend für euch sein könnte.</p>
<p>Wir bei <a href=""https://www.gopathwize.com"">PathWize</a> sind einer der führenden Anbieter für Data Labeling und Annotation im europäischen Raum. Mit einem Netzwerk von über 250.000 Experten können wir die richtigen Köpfe in unterschiedlichen Bereichen für sämtliche Data-Labeling-Bedarfe stellen.</p>
<p>Unternehmen wie z.B. Mistral AI und mittelständische Firmen bis hin zu Konzernen arbeiten bereits mit uns im Rahmen ihrer KI-Vorhaben (Post- und Pre-Training von Modellen, Data Labeling anhand von Bildern, RLHF etc.) zusammen.</p>
<p>Wenn Sie ebenfalls Bedarfe in diesen Bereichen haben, würden wir uns freuen, wenn wir euch hier supporten könnten.</p>
<p>Ich freue mich auf den weiteren Austausch.</p>
<p>Viele Grüße<br>[Ihr Name]<br>PathWize</p>","kontakt@dataciders.com"
"138","Dataciders ixto GmbH","https://www.ixto.de/","Vielleicht","Dr. Simon Birkholz, Christoph Espelage","info@ixto.de","funktional","Intro KI Bundesverband - z.Hd. Simon Birkholz - Data Labeling und Annotation für Ihre KI Vorhaben","Hallo Herr Dr. Birkholz,","Hallo Herr Dr. Birkholz,

wir stehen eng mit dem KI Bundesverband im Austausch und haben dort die Info erhalten, dass wir uns mal bei euch melden sollen, da unser Experten-Netzwerk ggf. spannend für euch sein könnte.

Wir bei PathWize sind einer der führenden Anbieter für Data Labeling und Annotation im europäischen Raum. Mit einem Netzwerk von über 250.000 Experten können wir die richtigen Köpfe in unterschiedlichen Bereichen für sämtliche Data-Labeling-Bedarfe stellen.

Unternehmen wie z.B. Mistral AI und mittelständische Firmen bis hin zu Konzernen arbeiten bereits mit uns im Rahmen ihrer KI-Vorhaben (Post- und Pre-Training von Modellen, Data Labeling anhand von Bildern, RLHF etc.) zusammen.

Wenn Sie ebenfalls Bedarfe in diesen Bereichen haben, würden wir uns freuen, wenn wir euch hier supporten könnten.

Ich freue mich auf den weiteren Austausch.

Viele Grüße
[Ihr Name]
PathWize","<p>Hallo Herr Dr. Birkholz,</p>
<p>wir stehen eng mit dem KI Bundesverband im Austausch und haben dort die Info erhalten, dass wir uns mal bei euch melden sollen, da unser Experten-Netzwerk ggf. spannend für euch sein könnte.</p>
<p>Wir bei <a href=""https://www.gopathwize.com"">PathWize</a> sind einer der führenden Anbieter für Data Labeling und Annotation im europäischen Raum. Mit einem Netzwerk von über 250.000 Experten können wir die richtigen Köpfe in unterschiedlichen Bereichen für sämtliche Data-Labeling-Bedarfe stellen.</p>
<p>Unternehmen wie z.B. Mistral AI und mittelständische Firmen bis hin zu Konzernen arbeiten bereits mit uns im Rahmen ihrer KI-Vorhaben (Post- und Pre-Training von Modellen, Data Labeling anhand von Bildern, RLHF etc.) zusammen.</p>
<p>Wenn Sie ebenfalls Bedarfe in diesen Bereichen haben, würden wir uns freuen, wenn wir euch hier supporten könnten.</p>
<p>Ich freue mich auf den weiteren Austausch.</p>
<p>Viele Grüße<br>[Ihr Name]<br>PathWize</p>","info@ixto.de"
"139","DATAlovers AG","https://www.datalovers.com/","Vielleicht","Prof. Dr. Peter Gentsch (Vorstand)","info@datalovers.com","funktional","Intro KI Bundesverband - z.Hd. Peter Gentsch - Data Labeling und Annotation für Ihre KI Vorhaben","Hallo Herr Prof. Dr. Gentsch,","Hallo Herr Prof. Dr. Gentsch,

wir stehen eng mit dem KI Bundesverband im Austausch und haben dort die Info erhalten, dass wir uns mal bei euch melden sollen, da unser Experten-Netzwerk ggf. spannend für euch sein könnte.

Wir bei PathWize sind einer der führenden Anbieter für Data Labeling und Annotation im europäischen Raum. Mit einem Netzwerk von über 250.000 Experten können wir die richtigen Köpfe in unterschiedlichen Bereichen für sämtliche Data-Labeling-Bedarfe stellen.

Unternehmen wie z.B. Mistral AI und mittelständische Firmen bis hin zu Konzernen arbeiten bereits mit uns im Rahmen ihrer KI-Vorhaben (Post- und Pre-Training von Modellen, Data Labeling anhand von Bildern, RLHF etc.) zusammen.

Wenn Sie ebenfalls Bedarfe in diesen Bereichen haben, würden wir uns freuen, wenn wir euch hier supporten könnten.

Ich freue mich auf den weiteren Austausch.

Viele Grüße
[Ihr Name]
PathWize","<p>Hallo Herr Prof. Dr. Gentsch,</p>
<p>wir stehen eng mit dem KI Bundesverband im Austausch und haben dort die Info erhalten, dass wir uns mal bei euch melden sollen, da unser Experten-Netzwerk ggf. spannend für euch sein könnte.</p>
<p>Wir bei <a href=""https://www.gopathwize.com"">PathWize</a> sind einer der führenden Anbieter für Data Labeling und Annotation im europäischen Raum. Mit einem Netzwerk von über 250.000 Experten können wir die richtigen Köpfe in unterschiedlichen Bereichen für sämtliche Data-Labeling-Bedarfe stellen.</p>
<p>Unternehmen wie z.B. Mistral AI und mittelständische Firmen bis hin zu Konzernen arbeiten bereits mit uns im Rahmen ihrer KI-Vorhaben (Post- und Pre-Training von Modellen, Data Labeling anhand von Bildern, RLHF etc.) zusammen.</p>
<p>Wenn Sie ebenfalls Bedarfe in diesen Bereichen haben, würden wir uns freuen, wenn wir euch hier supporten könnten.</p>
<p>Ich freue mich auf den weiteren Austausch.</p>
<p>Viele Grüße<br>[Ihr Name]<br>PathWize</p>","info@datalovers.com"
"140","Datamesh GmbH","https://www.dmesh.io/","Vielleicht","Jorge Machado","info@dmesh.io","funktional","Intro KI Bundesverband - z.Hd. Jorge Machado - Data Labeling und Annotation für Ihre KI Vorhaben","Hallo Herr Machado,","Hallo Herr Machado,

wir stehen eng mit dem KI Bundesverband im Austausch und haben dort die Info erhalten, dass wir uns mal bei euch melden sollen, da unser Experten-Netzwerk ggf. spannend für euch sein könnte.

Wir bei PathWize sind einer der führenden Anbieter für Data Labeling und Annotation im europäischen Raum. Mit einem Netzwerk von über 250.000 Experten können wir die richtigen Köpfe in unterschiedlichen Bereichen für sämtliche Data-Labeling-Bedarfe stellen.

Unternehmen wie z.B. Mistral AI und mittelständische Firmen bis hin zu Konzernen arbeiten bereits mit uns im Rahmen ihrer KI-Vorhaben (Post- und Pre-Training von Modellen, Data Labeling anhand von Bildern, RLHF etc.) zusammen.

Wenn Sie ebenfalls Bedarfe in diesen Bereichen haben, würden wir uns freuen, wenn wir euch hier supporten könnten.

Ich freue mich auf den weiteren Austausch.

Viele Grüße
[Ihr Name]
PathWize","<p>Hallo Herr Machado,</p>
<p>wir stehen eng mit dem KI Bundesverband im Austausch und haben dort die Info erhalten, dass wir uns mal bei euch melden sollen, da unser Experten-Netzwerk ggf. spannend für euch sein könnte.</p>
<p>Wir bei <a href=""https://www.gopathwize.com"">PathWize</a> sind einer der führenden Anbieter für Data Labeling und Annotation im europäischen Raum. Mit einem Netzwerk von über 250.000 Experten können wir die richtigen Köpfe in unterschiedlichen Bereichen für sämtliche Data-Labeling-Bedarfe stellen.</p>
<p>Unternehmen wie z.B. Mistral AI und mittelständische Firmen bis hin zu Konzernen arbeiten bereits mit uns im Rahmen ihrer KI-Vorhaben (Post- und Pre-Training von Modellen, Data Labeling anhand von Bildern, RLHF etc.) zusammen.</p>
<p>Wenn Sie ebenfalls Bedarfe in diesen Bereichen haben, würden wir uns freuen, wenn wir euch hier supporten könnten.</p>
<p>Ich freue mich auf den weiteren Austausch.</p>
<p>Viele Grüße<br>[Ihr Name]<br>PathWize</p>","info@dmesh.io"
"142","DataSpark GmbH","https://dataspark.de/","Vielleicht","Robert Drews","kontakt@dataspark.de","funktional","Intro KI Bundesverband - z.Hd. Robert Drews - Data Labeling und Annotation für Ihre KI Vorhaben","Hallo Herr Drews,","Hallo Herr Drews,

wir stehen eng mit dem KI Bundesverband im Austausch und haben dort die Info erhalten, dass wir uns mal bei euch melden sollen, da unser Experten-Netzwerk ggf. spannend für euch sein könnte.

Wir bei PathWize sind einer der führenden Anbieter für Data Labeling und Annotation im europäischen Raum. Mit einem Netzwerk von über 250.000 Experten können wir die richtigen Köpfe in unterschiedlichen Bereichen für sämtliche Data-Labeling-Bedarfe stellen.

Unternehmen wie z.B. Mistral AI und mittelständische Firmen bis hin zu Konzernen arbeiten bereits mit uns im Rahmen ihrer KI-Vorhaben (Post- und Pre-Training von Modellen, Data Labeling anhand von Bildern, RLHF etc.) zusammen.

Wenn Sie ebenfalls Bedarfe in diesen Bereichen haben, würden wir uns freuen, wenn wir euch hier supporten könnten.

Ich freue mich auf den weiteren Austausch.

Viele Grüße
[Ihr Name]
PathWize","<p>Hallo Herr Drews,</p>
<p>wir stehen eng mit dem KI Bundesverband im Austausch und haben dort die Info erhalten, dass wir uns mal bei euch melden sollen, da unser Experten-Netzwerk ggf. spannend für euch sein könnte.</p>
<p>Wir bei <a href=""https://www.gopathwize.com"">PathWize</a> sind einer der führenden Anbieter für Data Labeling und Annotation im europäischen Raum. Mit einem Netzwerk von über 250.000 Experten können wir die richtigen Köpfe in unterschiedlichen Bereichen für sämtliche Data-Labeling-Bedarfe stellen.</p>
<p>Unternehmen wie z.B. Mistral AI und mittelständische Firmen bis hin zu Konzernen arbeiten bereits mit uns im Rahmen ihrer KI-Vorhaben (Post- und Pre-Training von Modellen, Data Labeling anhand von Bildern, RLHF etc.) zusammen.</p>
<p>Wenn Sie ebenfalls Bedarfe in diesen Bereichen haben, würden wir uns freuen, wenn wir euch hier supporten könnten.</p>
<p>Ich freue mich auf den weiteren Austausch.</p>
<p>Viele Grüße<br>[Ihr Name]<br>PathWize</p>","kontakt@dataspark.de"
"143","DataZoo GmbH","https://data-zoo.de/index.html","Vielleicht","Dr. Simon Müller, Joachim Rosskopf","contact@data-zoo.de","funktional","Intro KI Bundesverband - z.Hd. Simon Müller - Data Labeling und Annotation für Ihre KI Vorhaben","Hallo Herr Dr. Müller,","Hallo Herr Dr. Müller,

wir stehen eng mit dem KI Bundesverband im Austausch und haben dort die Info erhalten, dass wir uns mal bei euch melden sollen, da unser Experten-Netzwerk ggf. spannend für euch sein könnte.

Wir bei PathWize sind einer der führenden Anbieter für Data Labeling und Annotation im europäischen Raum. Mit einem Netzwerk von über 250.000 Experten können wir die richtigen Köpfe in unterschiedlichen Bereichen für sämtliche Data-Labeling-Bedarfe stellen.

Unternehmen wie z.B. Mistral AI und mittelständische Firmen bis hin zu Konzernen arbeiten bereits mit uns im Rahmen ihrer KI-Vorhaben (Post- und Pre-Training von Modellen, Data Labeling anhand von Bildern, RLHF etc.) zusammen.

Wenn Sie ebenfalls Bedarfe in diesen Bereichen haben, würden wir uns freuen, wenn wir euch hier supporten könnten.

Ich freue mich auf den weiteren Austausch.

Viele Grüße
[Ihr Name]
PathWize","<p>Hallo Herr Dr. Müller,</p>
<p>wir stehen eng mit dem KI Bundesverband im Austausch und haben dort die Info erhalten, dass wir uns mal bei euch melden sollen, da unser Experten-Netzwerk ggf. spannend für euch sein könnte.</p>
<p>Wir bei <a href=""https://www.gopathwize.com"">PathWize</a> sind einer der führenden Anbieter für Data Labeling und Annotation im europäischen Raum. Mit einem Netzwerk von über 250.000 Experten können wir die richtigen Köpfe in unterschiedlichen Bereichen für sämtliche Data-Labeling-Bedarfe stellen.</p>
<p>Unternehmen wie z.B. Mistral AI und mittelständische Firmen bis hin zu Konzernen arbeiten bereits mit uns im Rahmen ihrer KI-Vorhaben (Post- und Pre-Training von Modellen, Data Labeling anhand von Bildern, RLHF etc.) zusammen.</p>
<p>Wenn Sie ebenfalls Bedarfe in diesen Bereichen haben, würden wir uns freuen, wenn wir euch hier supporten könnten.</p>
<p>Ich freue mich auf den weiteren Austausch.</p>
<p>Viele Grüße<br>[Ihr Name]<br>PathWize</p>","contact@data-zoo.de"
"144","dcyphr.®","https://dcyphr.io/","Vielleicht","Matthias Alexander Walenda","hello@dcyphr.io","funktional","Intro KI Bundesverband - z.Hd. Matthias Walenda - Data Labeling und Annotation für Ihre KI Vorhaben","Hallo Herr Walenda,","Hallo Herr Walenda,

wir stehen eng mit dem KI Bundesverband im Austausch und haben dort die Info erhalten, dass wir uns mal bei euch melden sollen, da unser Experten-Netzwerk ggf. spannend für euch sein könnte.

Wir bei PathWize sind einer der führenden Anbieter für Data Labeling und Annotation im europäischen Raum. Mit einem Netzwerk von über 250.000 Experten können wir die richtigen Köpfe in unterschiedlichen Bereichen für sämtliche Data-Labeling-Bedarfe stellen.

Unternehmen wie z.B. Mistral AI und mittelständische Firmen bis hin zu Konzernen arbeiten bereits mit uns im Rahmen ihrer KI-Vorhaben (Post- und Pre-Training von Modellen, Data Labeling anhand von Bildern, RLHF etc.) zusammen.

Wenn Sie ebenfalls Bedarfe in diesen Bereichen haben, würden wir uns freuen, wenn wir euch hier supporten könnten.

Ich freue mich auf den weiteren Austausch.

Viele Grüße
[Ihr Name]
PathWize","<p>Hallo Herr Walenda,</p>
<p>wir stehen eng mit dem KI Bundesverband im Austausch und haben dort die Info erhalten, dass wir uns mal bei euch melden sollen, da unser Experten-Netzwerk ggf. spannend für euch sein könnte.</p>
<p>Wir bei <a href=""https://www.gopathwize.com"">PathWize</a> sind einer der führenden Anbieter für Data Labeling und Annotation im europäischen Raum. Mit einem Netzwerk von über 250.000 Experten können wir die richtigen Köpfe in unterschiedlichen Bereichen für sämtliche Data-Labeling-Bedarfe stellen.</p>
<p>Unternehmen wie z.B. Mistral AI und mittelständische Firmen bis hin zu Konzernen arbeiten bereits mit uns im Rahmen ihrer KI-Vorhaben (Post- und Pre-Training von Modellen, Data Labeling anhand von Bildern, RLHF etc.) zusammen.</p>
<p>Wenn Sie ebenfalls Bedarfe in diesen Bereichen haben, würden wir uns freuen, wenn wir euch hier supporten könnten.</p>
<p>Ich freue mich auf den weiteren Austausch.</p>
<p>Viele Grüße<br>[Ihr Name]<br>PathWize</p>","hello@dcyphr.io"
"145","Dealcode GmbH","https://www.dealcode.ai/","Vielleicht","Alexander Weltzsch, Dennis Hilger","contact@dealcode.ai","funktional","Intro KI Bundesverband - z.Hd. Alexander Weltzsch - Data Labeling und Annotation für Ihre KI Vorhaben","Hallo Herr Weltzsch,","Hallo Herr Weltzsch,

wir stehen eng mit dem KI Bundesverband im Austausch und haben dort die Info erhalten, dass wir uns mal bei euch melden sollen, da unser Experten-Netzwerk ggf. spannend für euch sein könnte.

Wir bei PathWize sind einer der führenden Anbieter für Data Labeling und Annotation im europäischen Raum. Mit einem Netzwerk von über 250.000 Experten können wir die richtigen Köpfe in unterschiedlichen Bereichen für sämtliche Data-Labeling-Bedarfe stellen.

Unternehmen wie z.B. Mistral AI und mittelständische Firmen bis hin zu Konzernen arbeiten bereits mit uns im Rahmen ihrer KI-Vorhaben (Post- und Pre-Training von Modellen, Data Labeling anhand von Bildern, RLHF etc.) zusammen.

Wenn Sie ebenfalls Bedarfe in diesen Bereichen haben, würden wir uns freuen, wenn wir euch hier supporten könnten.

Ich freue mich auf den weiteren Austausch.

Viele Grüße
[Ihr Name]
PathWize","<p>Hallo Herr Weltzsch,</p>
<p>wir stehen eng mit dem KI Bundesverband im Austausch und haben dort die Info erhalten, dass wir uns mal bei euch melden sollen, da unser Experten-Netzwerk ggf. spannend für euch sein könnte.</p>
<p>Wir bei <a href=""https://www.gopathwize.com"">PathWize</a> sind einer der führenden Anbieter für Data Labeling und Annotation im europäischen Raum. Mit einem Netzwerk von über 250.000 Experten können wir die richtigen Köpfe in unterschiedlichen Bereichen für sämtliche Data-Labeling-Bedarfe stellen.</p>
<p>Unternehmen wie z.B. Mistral AI und mittelständische Firmen bis hin zu Konzernen arbeiten bereits mit uns im Rahmen ihrer KI-Vorhaben (Post- und Pre-Training von Modellen, Data Labeling anhand von Bildern, RLHF etc.) zusammen.</p>
<p>Wenn Sie ebenfalls Bedarfe in diesen Bereichen haben, würden wir uns freuen, wenn wir euch hier supporten könnten.</p>
<p>Ich freue mich auf den weiteren Austausch.</p>
<p>Viele Grüße<br>[Ihr Name]<br>PathWize</p>","contact@dealcode.ai; datenschutz@heydata.eu"
"147","Deep Art AI GmbH","https://www.deeparteffects.com/","Ja","Cedric Larrat, Dieter Klomfaß","","keine Mail gefunden","Intro KI Bundesverband - z.Hd. Cedric Larrat - Data Labeling und Annotation für Ihre KI Vorhaben","Hallo Herr Larrat,","Hallo Herr Larrat,

wir stehen eng mit dem KI Bundesverband im Austausch und haben dort die Info erhalten, dass wir uns mal bei euch melden sollen, da unser Experten-Netzwerk ggf. spannend für euch sein könnte.

Wir bei PathWize sind einer der führenden Anbieter für Data Labeling und Annotation im europäischen Raum. Mit einem Netzwerk von über 250.000 Experten können wir die richtigen Köpfe in unterschiedlichen Bereichen für sämtliche Data-Labeling-Bedarfe stellen.

Unternehmen wie z.B. Mistral AI und mittelständische Firmen bis hin zu Konzernen arbeiten bereits mit uns im Rahmen ihrer KI-Vorhaben (Post- und Pre-Training von Modellen, Data Labeling anhand von Bildern, RLHF etc.) zusammen.

Wenn Sie ebenfalls Bedarfe in diesen Bereichen haben, würden wir uns freuen, wenn wir euch hier supporten könnten.

Ich freue mich auf den weiteren Austausch.

Viele Grüße
[Ihr Name]
PathWize","<p>Hallo Herr Larrat,</p>
<p>wir stehen eng mit dem KI Bundesverband im Austausch und haben dort die Info erhalten, dass wir uns mal bei euch melden sollen, da unser Experten-Netzwerk ggf. spannend für euch sein könnte.</p>
<p>Wir bei <a href=""https://www.gopathwize.com"">PathWize</a> sind einer der führenden Anbieter für Data Labeling und Annotation im europäischen Raum. Mit einem Netzwerk von über 250.000 Experten können wir die richtigen Köpfe in unterschiedlichen Bereichen für sämtliche Data-Labeling-Bedarfe stellen.</p>
<p>Unternehmen wie z.B. Mistral AI und mittelständische Firmen bis hin zu Konzernen arbeiten bereits mit uns im Rahmen ihrer KI-Vorhaben (Post- und Pre-Training von Modellen, Data Labeling anhand von Bildern, RLHF etc.) zusammen.</p>
<p>Wenn Sie ebenfalls Bedarfe in diesen Bereichen haben, würden wir uns freuen, wenn wir euch hier supporten könnten.</p>
<p>Ich freue mich auf den weiteren Austausch.</p>
<p>Viele Grüße<br>[Ihr Name]<br>PathWize</p>",""
"148","Deep5 UG (haftungsbeschränkt)","https://www.deep5.io/","Vielleicht","","","keine Mail gefunden","Intro KI Bundesverband - Data Labeling und Annotation für Ihre KI Vorhaben","Guten Tag,","Guten Tag,

wir stehen eng mit dem KI Bundesverband im Austausch und haben dort die Info erhalten, dass wir uns mal bei euch melden sollen, da unser Experten-Netzwerk ggf. spannend für euch sein könnte.

Wir bei PathWize sind einer der führenden Anbieter für Data Labeling und Annotation im europäischen Raum. Mit einem Netzwerk von über 250.000 Experten können wir die richtigen Köpfe in unterschiedlichen Bereichen für sämtliche Data-Labeling-Bedarfe stellen.

Unternehmen wie z.B. Mistral AI und mittelständische Firmen bis hin zu Konzernen arbeiten bereits mit uns im Rahmen ihrer KI-Vorhaben (Post- und Pre-Training von Modellen, Data Labeling anhand von Bildern, RLHF etc.) zusammen.

Wenn Sie ebenfalls Bedarfe in diesen Bereichen haben, würden wir uns freuen, wenn wir euch hier supporten könnten.

Ich freue mich auf den weiteren Austausch.

Viele Grüße
[Ihr Name]
PathWize","<p>Guten Tag,</p>
<p>wir stehen eng mit dem KI Bundesverband im Austausch und haben dort die Info erhalten, dass wir uns mal bei euch melden sollen, da unser Experten-Netzwerk ggf. spannend für euch sein könnte.</p>
<p>Wir bei <a href=""https://www.gopathwize.com"">PathWize</a> sind einer der führenden Anbieter für Data Labeling und Annotation im europäischen Raum. Mit einem Netzwerk von über 250.000 Experten können wir die richtigen Köpfe in unterschiedlichen Bereichen für sämtliche Data-Labeling-Bedarfe stellen.</p>
<p>Unternehmen wie z.B. Mistral AI und mittelständische Firmen bis hin zu Konzernen arbeiten bereits mit uns im Rahmen ihrer KI-Vorhaben (Post- und Pre-Training von Modellen, Data Labeling anhand von Bildern, RLHF etc.) zusammen.</p>
<p>Wenn Sie ebenfalls Bedarfe in diesen Bereichen haben, würden wir uns freuen, wenn wir euch hier supporten könnten.</p>
<p>Ich freue mich auf den weiteren Austausch.</p>
<p>Viele Grüße<br>[Ihr Name]<br>PathWize</p>",""
"149","deepIng business solutions GmbH","https://deeping.de/","Vielleicht","Dr. Carsten Wagner und Alexander Röhrs","info@deeping.de","funktional","Intro KI Bundesverband - z.Hd. Carsten Wagner - Data Labeling und Annotation für Ihre KI Vorhaben","Hallo Herr Dr. Wagner,","Hallo Herr Dr. Wagner,

wir stehen eng mit dem KI Bundesverband im Austausch und haben dort die Info erhalten, dass wir uns mal bei euch melden sollen, da unser Experten-Netzwerk ggf. spannend für euch sein könnte.

Wir bei PathWize sind einer der führenden Anbieter für Data Labeling und Annotation im europäischen Raum. Mit einem Netzwerk von über 250.000 Experten können wir die richtigen Köpfe in unterschiedlichen Bereichen für sämtliche Data-Labeling-Bedarfe stellen.

Unternehmen wie z.B. Mistral AI und mittelständische Firmen bis hin zu Konzernen arbeiten bereits mit uns im Rahmen ihrer KI-Vorhaben (Post- und Pre-Training von Modellen, Data Labeling anhand von Bildern, RLHF etc.) zusammen.

Wenn Sie ebenfalls Bedarfe in diesen Bereichen haben, würden wir uns freuen, wenn wir euch hier supporten könnten.

Ich freue mich auf den weiteren Austausch.

Viele Grüße
[Ihr Name]
PathWize","<p>Hallo Herr Dr. Wagner,</p>
<p>wir stehen eng mit dem KI Bundesverband im Austausch und haben dort die Info erhalten, dass wir uns mal bei euch melden sollen, da unser Experten-Netzwerk ggf. spannend für euch sein könnte.</p>
<p>Wir bei <a href=""https://www.gopathwize.com"">PathWize</a> sind einer der führenden Anbieter für Data Labeling und Annotation im europäischen Raum. Mit einem Netzwerk von über 250.000 Experten können wir die richtigen Köpfe in unterschiedlichen Bereichen für sämtliche Data-Labeling-Bedarfe stellen.</p>
<p>Unternehmen wie z.B. Mistral AI und mittelständische Firmen bis hin zu Konzernen arbeiten bereits mit uns im Rahmen ihrer KI-Vorhaben (Post- und Pre-Training von Modellen, Data Labeling anhand von Bildern, RLHF etc.) zusammen.</p>
<p>Wenn Sie ebenfalls Bedarfe in diesen Bereichen haben, würden wir uns freuen, wenn wir euch hier supporten könnten.</p>
<p>Ich freue mich auf den weiteren Austausch.</p>
<p>Viele Grüße<br>[Ihr Name]<br>PathWize</p>","info@deeping.de; deepIngKontakt@deeping.de"
"150","DeepL SE","https://www.deepl.com/en/translator","Ja","Dr. Jaroslaw Kutylowski (CEO/Vorstand)","info@deepl.com","funktional","Intro KI Bundesverband - z.Hd. Jaroslaw Kutylowski - Data Labeling und Annotation für Ihre KI Vorhaben","Hallo Herr Dr. Kutylowski,","Hallo Herr Dr. Kutylowski,

wir stehen eng mit dem KI Bundesverband im Austausch und haben dort die Info erhalten, dass wir uns mal bei euch melden sollen, da unser Experten-Netzwerk ggf. spannend für euch sein könnte.

Wir bei PathWize sind einer der führenden Anbieter für Data Labeling und Annotation im europäischen Raum. Mit einem Netzwerk von über 250.000 Experten können wir die richtigen Köpfe in unterschiedlichen Bereichen für sämtliche Data-Labeling-Bedarfe stellen.

Unternehmen wie z.B. Mistral AI und mittelständische Firmen bis hin zu Konzernen arbeiten bereits mit uns im Rahmen ihrer KI-Vorhaben (Post- und Pre-Training von Modellen, Data Labeling anhand von Bildern, RLHF etc.) zusammen.

Wenn Sie ebenfalls Bedarfe in diesen Bereichen haben, würden wir uns freuen, wenn wir euch hier supporten könnten.

Ich freue mich auf den weiteren Austausch.

Viele Grüße
[Ihr Name]
PathWize","<p>Hallo Herr Dr. Kutylowski,</p>
<p>wir stehen eng mit dem KI Bundesverband im Austausch und haben dort die Info erhalten, dass wir uns mal bei euch melden sollen, da unser Experten-Netzwerk ggf. spannend für euch sein könnte.</p>
<p>Wir bei <a href=""https://www.gopathwize.com"">PathWize</a> sind einer der führenden Anbieter für Data Labeling und Annotation im europäischen Raum. Mit einem Netzwerk von über 250.000 Experten können wir die richtigen Köpfe in unterschiedlichen Bereichen für sämtliche Data-Labeling-Bedarfe stellen.</p>
<p>Unternehmen wie z.B. Mistral AI und mittelständische Firmen bis hin zu Konzernen arbeiten bereits mit uns im Rahmen ihrer KI-Vorhaben (Post- und Pre-Training von Modellen, Data Labeling anhand von Bildern, RLHF etc.) zusammen.</p>
<p>Wenn Sie ebenfalls Bedarfe in diesen Bereichen haben, würden wir uns freuen, wenn wir euch hier supporten könnten.</p>
<p>Ich freue mich auf den weiteren Austausch.</p>
<p>Viele Grüße<br>[Ihr Name]<br>PathWize</p>","info@deepl.com"
"151","deeplair GmbH","https://www.deeplair.com/","Vielleicht","Johannes Dittrich","moin@deeplair.com","funktional","Intro KI Bundesverband - z.Hd. Johannes Dittrich - Data Labeling und Annotation für Ihre KI Vorhaben","Hallo Herr Dittrich,","Hallo Herr Dittrich,

wir stehen eng mit dem KI Bundesverband im Austausch und haben dort die Info erhalten, dass wir uns mal bei euch melden sollen, da unser Experten-Netzwerk ggf. spannend für euch sein könnte.

Wir bei PathWize sind einer der führenden Anbieter für Data Labeling und Annotation im europäischen Raum. Mit einem Netzwerk von über 250.000 Experten können wir die richtigen Köpfe in unterschiedlichen Bereichen für sämtliche Data-Labeling-Bedarfe stellen.

Unternehmen wie z.B. Mistral AI und mittelständische Firmen bis hin zu Konzernen arbeiten bereits mit uns im Rahmen ihrer KI-Vorhaben (Post- und Pre-Training von Modellen, Data Labeling anhand von Bildern, RLHF etc.) zusammen.

Wenn Sie ebenfalls Bedarfe in diesen Bereichen haben, würden wir uns freuen, wenn wir euch hier supporten könnten.

Ich freue mich auf den weiteren Austausch.

Viele Grüße
[Ihr Name]
PathWize","<p>Hallo Herr Dittrich,</p>
<p>wir stehen eng mit dem KI Bundesverband im Austausch und haben dort die Info erhalten, dass wir uns mal bei euch melden sollen, da unser Experten-Netzwerk ggf. spannend für euch sein könnte.</p>
<p>Wir bei <a href=""https://www.gopathwize.com"">PathWize</a> sind einer der führenden Anbieter für Data Labeling und Annotation im europäischen Raum. Mit einem Netzwerk von über 250.000 Experten können wir die richtigen Köpfe in unterschiedlichen Bereichen für sämtliche Data-Labeling-Bedarfe stellen.</p>
<p>Unternehmen wie z.B. Mistral AI und mittelständische Firmen bis hin zu Konzernen arbeiten bereits mit uns im Rahmen ihrer KI-Vorhaben (Post- und Pre-Training von Modellen, Data Labeling anhand von Bildern, RLHF etc.) zusammen.</p>
<p>Wenn Sie ebenfalls Bedarfe in diesen Bereichen haben, würden wir uns freuen, wenn wir euch hier supporten könnten.</p>
<p>Ich freue mich auf den weiteren Austausch.</p>
<p>Viele Grüße<br>[Ihr Name]<br>PathWize</p>","moin@deeplair.com"
"152","deeplify","https://www.deeplify.de/","Ja","Jan Löwer","kontakt@deeplify.de","funktional","Intro KI Bundesverband - z.Hd. Jan Löwer - Data Labeling und Annotation für Ihre KI Vorhaben","Hallo Herr Löwer,","Hallo Herr Löwer,

wir stehen eng mit dem KI Bundesverband im Austausch und haben dort die Info erhalten, dass wir uns mal bei euch melden sollen, da unser Experten-Netzwerk ggf. spannend für euch sein könnte.

Wir bei PathWize sind einer der führenden Anbieter für Data Labeling und Annotation im europäischen Raum. Mit einem Netzwerk von über 250.000 Experten können wir die richtigen Köpfe in unterschiedlichen Bereichen für sämtliche Data-Labeling-Bedarfe stellen.

Unternehmen wie z.B. Mistral AI und mittelständische Firmen bis hin zu Konzernen arbeiten bereits mit uns im Rahmen ihrer KI-Vorhaben (Post- und Pre-Training von Modellen, Data Labeling anhand von Bildern, RLHF etc.) zusammen.

Wenn Sie ebenfalls Bedarfe in diesen Bereichen haben, würden wir uns freuen, wenn wir euch hier supporten könnten.

Ich freue mich auf den weiteren Austausch.

Viele Grüße
[Ihr Name]
PathWize","<p>Hallo Herr Löwer,</p>
<p>wir stehen eng mit dem KI Bundesverband im Austausch und haben dort die Info erhalten, dass wir uns mal bei euch melden sollen, da unser Experten-Netzwerk ggf. spannend für euch sein könnte.</p>
<p>Wir bei <a href=""https://www.gopathwize.com"">PathWize</a> sind einer der führenden Anbieter für Data Labeling und Annotation im europäischen Raum. Mit einem Netzwerk von über 250.000 Experten können wir die richtigen Köpfe in unterschiedlichen Bereichen für sämtliche Data-Labeling-Bedarfe stellen.</p>
<p>Unternehmen wie z.B. Mistral AI und mittelständische Firmen bis hin zu Konzernen arbeiten bereits mit uns im Rahmen ihrer KI-Vorhaben (Post- und Pre-Training von Modellen, Data Labeling anhand von Bildern, RLHF etc.) zusammen.</p>
<p>Wenn Sie ebenfalls Bedarfe in diesen Bereichen haben, würden wir uns freuen, wenn wir euch hier supporten könnten.</p>
<p>Ich freue mich auf den weiteren Austausch.</p>
<p>Viele Grüße<br>[Ihr Name]<br>PathWize</p>","kontakt@deeplify.de"
"153","deepset GmbH","https://www.deepset.ai/","Ja","Milos Rusic, Malte Pietsch","info@deepset.ai","funktional","Intro KI Bundesverband - z.Hd. Milos Rusic - Data Labeling und Annotation für Ihre KI Vorhaben","Hallo Herr Rusic,","Hallo Herr Rusic,

wir stehen eng mit dem KI Bundesverband im Austausch und haben dort die Info erhalten, dass wir uns mal bei euch melden sollen, da unser Experten-Netzwerk ggf. spannend für euch sein könnte.

Wir bei PathWize sind einer der führenden Anbieter für Data Labeling und Annotation im europäischen Raum. Mit einem Netzwerk von über 250.000 Experten können wir die richtigen Köpfe in unterschiedlichen Bereichen für sämtliche Data-Labeling-Bedarfe stellen.

Unternehmen wie z.B. Mistral AI und mittelständische Firmen bis hin zu Konzernen arbeiten bereits mit uns im Rahmen ihrer KI-Vorhaben (Post- und Pre-Training von Modellen, Data Labeling anhand von Bildern, RLHF etc.) zusammen.

Wenn Sie ebenfalls Bedarfe in diesen Bereichen haben, würden wir uns freuen, wenn wir euch hier supporten könnten.

Ich freue mich auf den weiteren Austausch.

Viele Grüße
[Ihr Name]
PathWize","<p>Hallo Herr Rusic,</p>
<p>wir stehen eng mit dem KI Bundesverband im Austausch und haben dort die Info erhalten, dass wir uns mal bei euch melden sollen, da unser Experten-Netzwerk ggf. spannend für euch sein könnte.</p>
<p>Wir bei <a href=""https://www.gopathwize.com"">PathWize</a> sind einer der führenden Anbieter für Data Labeling und Annotation im europäischen Raum. Mit einem Netzwerk von über 250.000 Experten können wir die richtigen Köpfe in unterschiedlichen Bereichen für sämtliche Data-Labeling-Bedarfe stellen.</p>
<p>Unternehmen wie z.B. Mistral AI und mittelständische Firmen bis hin zu Konzernen arbeiten bereits mit uns im Rahmen ihrer KI-Vorhaben (Post- und Pre-Training von Modellen, Data Labeling anhand von Bildern, RLHF etc.) zusammen.</p>
<p>Wenn Sie ebenfalls Bedarfe in diesen Bereichen haben, würden wir uns freuen, wenn wir euch hier supporten könnten.</p>
<p>Ich freue mich auf den weiteren Austausch.</p>
<p>Viele Grüße<br>[Ihr Name]<br>PathWize</p>","info@deepset.ai"
"154","Deggendorf Institute of Technology","https://www.th-deg.de/","Vielleicht","Präsident Prof. Waldemar Berg","info@th-deg.de","funktional","Intro KI Bundesverband - z.Hd. Waldemar Berg - Data Labeling und Annotation für Ihre KI Vorhaben","Hallo Herr Berg,","Hallo Herr Berg,

wir stehen eng mit dem KI Bundesverband im Austausch und haben dort die Info erhalten, dass wir uns mal bei euch melden sollen, da unser Experten-Netzwerk ggf. spannend für euch sein könnte.

Wir bei PathWize sind einer der führenden Anbieter für Data Labeling und Annotation im europäischen Raum. Mit einem Netzwerk von über 250.000 Experten können wir die richtigen Köpfe in unterschiedlichen Bereichen für sämtliche Data-Labeling-Bedarfe stellen.

Unternehmen wie z.B. Mistral AI und mittelständische Firmen bis hin zu Konzernen arbeiten bereits mit uns im Rahmen ihrer KI-Vorhaben (Post- und Pre-Training von Modellen, Data Labeling anhand von Bildern, RLHF etc.) zusammen.

Wenn Sie ebenfalls Bedarfe in diesen Bereichen haben, würden wir uns freuen, wenn wir euch hier supporten könnten.

Ich freue mich auf den weiteren Austausch.

Viele Grüße
[Ihr Name]
PathWize","<p>Hallo Herr Berg,</p>
<p>wir stehen eng mit dem KI Bundesverband im Austausch und haben dort die Info erhalten, dass wir uns mal bei euch melden sollen, da unser Experten-Netzwerk ggf. spannend für euch sein könnte.</p>
<p>Wir bei <a href=""https://www.gopathwize.com"">PathWize</a> sind einer der führenden Anbieter für Data Labeling und Annotation im europäischen Raum. Mit einem Netzwerk von über 250.000 Experten können wir die richtigen Köpfe in unterschiedlichen Bereichen für sämtliche Data-Labeling-Bedarfe stellen.</p>
<p>Unternehmen wie z.B. Mistral AI und mittelständische Firmen bis hin zu Konzernen arbeiten bereits mit uns im Rahmen ihrer KI-Vorhaben (Post- und Pre-Training von Modellen, Data Labeling anhand von Bildern, RLHF etc.) zusammen.</p>
<p>Wenn Sie ebenfalls Bedarfe in diesen Bereichen haben, würden wir uns freuen, wenn wir euch hier supporten könnten.</p>
<p>Ich freue mich auf den weiteren Austausch.</p>
<p>Viele Grüße<br>[Ihr Name]<br>PathWize</p>","info@th-deg.de; web-redaktion@th-deg.de; datenschutz@th-deg.de"
"155","Deltia.ai","https://www.deltia.ai/","Ja","Silviu Homoceanu, Maximilian Fischer","hi@deltia.ai","funktional (Mitarbeiter-Mail)","Intro KI Bundesverband - z.Hd. Silviu Homoceanu - Data Labeling und Annotation für Ihre KI Vorhaben","Hallo Herr Homoceanu,","Hallo Herr Homoceanu,

wir stehen eng mit dem KI Bundesverband im Austausch und haben dort die Info erhalten, dass wir uns mal bei euch melden sollen, da unser Experten-Netzwerk ggf. spannend für euch sein könnte.

Wir bei PathWize sind einer der führenden Anbieter für Data Labeling und Annotation im europäischen Raum. Mit einem Netzwerk von über 250.000 Experten können wir die richtigen Köpfe in unterschiedlichen Bereichen für sämtliche Data-Labeling-Bedarfe stellen.

Unternehmen wie z.B. Mistral AI und mittelständische Firmen bis hin zu Konzernen arbeiten bereits mit uns im Rahmen ihrer KI-Vorhaben (Post- und Pre-Training von Modellen, Data Labeling anhand von Bildern, RLHF etc.) zusammen.

Wenn Sie ebenfalls Bedarfe in diesen Bereichen haben, würden wir uns freuen, wenn wir euch hier supporten könnten.

Ich freue mich auf den weiteren Austausch.

Viele Grüße
[Ihr Name]
PathWize","<p>Hallo Herr Homoceanu,</p>
<p>wir stehen eng mit dem KI Bundesverband im Austausch und haben dort die Info erhalten, dass wir uns mal bei euch melden sollen, da unser Experten-Netzwerk ggf. spannend für euch sein könnte.</p>
<p>Wir bei <a href=""https://www.gopathwize.com"">PathWize</a> sind einer der führenden Anbieter für Data Labeling und Annotation im europäischen Raum. Mit einem Netzwerk von über 250.000 Experten können wir die richtigen Köpfe in unterschiedlichen Bereichen für sämtliche Data-Labeling-Bedarfe stellen.</p>
<p>Unternehmen wie z.B. Mistral AI und mittelständische Firmen bis hin zu Konzernen arbeiten bereits mit uns im Rahmen ihrer KI-Vorhaben (Post- und Pre-Training von Modellen, Data Labeling anhand von Bildern, RLHF etc.) zusammen.</p>
<p>Wenn Sie ebenfalls Bedarfe in diesen Bereichen haben, würden wir uns freuen, wenn wir euch hier supporten könnten.</p>
<p>Ich freue mich auf den weiteren Austausch.</p>
<p>Viele Grüße<br>[Ihr Name]<br>PathWize</p>","hi@deltia.ai"
"156","Demtek GmbH","https://www.konver.ai/","Vielleicht","Enver Yilmaz, Murat Akkas, Deniz Akkas","info@konver.ai","funktional","Intro KI Bundesverband - z.Hd. Enver Yilmaz - Data Labeling und Annotation für Ihre KI Vorhaben","Hallo Herr Yilmaz,","Hallo Herr Yilmaz,

wir stehen eng mit dem KI Bundesverband im Austausch und haben dort die Info erhalten, dass wir uns mal bei euch melden sollen, da unser Experten-Netzwerk ggf. spannend für euch sein könnte.

Wir bei PathWize sind einer der führenden Anbieter für Data Labeling und Annotation im europäischen Raum. Mit einem Netzwerk von über 250.000 Experten können wir die richtigen Köpfe in unterschiedlichen Bereichen für sämtliche Data-Labeling-Bedarfe stellen.

Unternehmen wie z.B. Mistral AI und mittelständische Firmen bis hin zu Konzernen arbeiten bereits mit uns im Rahmen ihrer KI-Vorhaben (Post- und Pre-Training von Modellen, Data Labeling anhand von Bildern, RLHF etc.) zusammen.

Wenn Sie ebenfalls Bedarfe in diesen Bereichen haben, würden wir uns freuen, wenn wir euch hier supporten könnten.

Ich freue mich auf den weiteren Austausch.

Viele Grüße
[Ihr Name]
PathWize","<p>Hallo Herr Yilmaz,</p>
<p>wir stehen eng mit dem KI Bundesverband im Austausch und haben dort die Info erhalten, dass wir uns mal bei euch melden sollen, da unser Experten-Netzwerk ggf. spannend für euch sein könnte.</p>
<p>Wir bei <a href=""https://www.gopathwize.com"">PathWize</a> sind einer der führenden Anbieter für Data Labeling und Annotation im europäischen Raum. Mit einem Netzwerk von über 250.000 Experten können wir die richtigen Köpfe in unterschiedlichen Bereichen für sämtliche Data-Labeling-Bedarfe stellen.</p>
<p>Unternehmen wie z.B. Mistral AI und mittelständische Firmen bis hin zu Konzernen arbeiten bereits mit uns im Rahmen ihrer KI-Vorhaben (Post- und Pre-Training von Modellen, Data Labeling anhand von Bildern, RLHF etc.) zusammen.</p>
<p>Wenn Sie ebenfalls Bedarfe in diesen Bereichen haben, würden wir uns freuen, wenn wir euch hier supporten könnten.</p>
<p>Ich freue mich auf den weiteren Austausch.</p>
<p>Viele Grüße<br>[Ihr Name]<br>PathWize</p>","info@konver.ai; info@demtek.de"
"157","DENKweit GmbH","https://denkweit.com/de/","Ja","Dr. Dominik Lausch, Markus Patzold, Dr. Kai Kaufmann","info@denkweit.com","funktional","Intro KI Bundesverband - z.Hd. Dominik Lausch - Data Labeling und Annotation für Ihre KI Vorhaben","Hallo Herr Dr. Lausch,","Hallo Herr Dr. Lausch,

wir stehen eng mit dem KI Bundesverband im Austausch und haben dort die Info erhalten, dass wir uns mal bei euch melden sollen, da unser Experten-Netzwerk ggf. spannend für euch sein könnte.

Wir bei PathWize sind einer der führenden Anbieter für Data Labeling und Annotation im europäischen Raum. Mit einem Netzwerk von über 250.000 Experten können wir die richtigen Köpfe in unterschiedlichen Bereichen für sämtliche Data-Labeling-Bedarfe stellen.

Unternehmen wie z.B. Mistral AI und mittelständische Firmen bis hin zu Konzernen arbeiten bereits mit uns im Rahmen ihrer KI-Vorhaben (Post- und Pre-Training von Modellen, Data Labeling anhand von Bildern, RLHF etc.) zusammen.

Wenn Sie ebenfalls Bedarfe in diesen Bereichen haben, würden wir uns freuen, wenn wir euch hier supporten könnten.

Ich freue mich auf den weiteren Austausch.

Viele Grüße
[Ihr Name]
PathWize","<p>Hallo Herr Dr. Lausch,</p>
<p>wir stehen eng mit dem KI Bundesverband im Austausch und haben dort die Info erhalten, dass wir uns mal bei euch melden sollen, da unser Experten-Netzwerk ggf. spannend für euch sein könnte.</p>
<p>Wir bei <a href=""https://www.gopathwize.com"">PathWize</a> sind einer der führenden Anbieter für Data Labeling und Annotation im europäischen Raum. Mit einem Netzwerk von über 250.000 Experten können wir die richtigen Köpfe in unterschiedlichen Bereichen für sämtliche Data-Labeling-Bedarfe stellen.</p>
<p>Unternehmen wie z.B. Mistral AI und mittelständische Firmen bis hin zu Konzernen arbeiten bereits mit uns im Rahmen ihrer KI-Vorhaben (Post- und Pre-Training von Modellen, Data Labeling anhand von Bildern, RLHF etc.) zusammen.</p>
<p>Wenn Sie ebenfalls Bedarfe in diesen Bereichen haben, würden wir uns freuen, wenn wir euch hier supporten könnten.</p>
<p>Ich freue mich auf den weiteren Austausch.</p>
<p>Viele Grüße<br>[Ihr Name]<br>PathWize</p>","info@denkweit.com; support@denkweit.de"
"158","DeutscheKI GmbH","https://deutscheki.de/","Ja","","","keine Mail gefunden","Intro KI Bundesverband - Data Labeling und Annotation für Ihre KI Vorhaben","Guten Tag,","Guten Tag,

wir stehen eng mit dem KI Bundesverband im Austausch und haben dort die Info erhalten, dass wir uns mal bei euch melden sollen, da unser Experten-Netzwerk ggf. spannend für euch sein könnte.

Wir bei PathWize sind einer der führenden Anbieter für Data Labeling und Annotation im europäischen Raum. Mit einem Netzwerk von über 250.000 Experten können wir die richtigen Köpfe in unterschiedlichen Bereichen für sämtliche Data-Labeling-Bedarfe stellen.

Unternehmen wie z.B. Mistral AI und mittelständische Firmen bis hin zu Konzernen arbeiten bereits mit uns im Rahmen ihrer KI-Vorhaben (Post- und Pre-Training von Modellen, Data Labeling anhand von Bildern, RLHF etc.) zusammen.

Wenn Sie ebenfalls Bedarfe in diesen Bereichen haben, würden wir uns freuen, wenn wir euch hier supporten könnten.

Ich freue mich auf den weiteren Austausch.

Viele Grüße
[Ihr Name]
PathWize","<p>Guten Tag,</p>
<p>wir stehen eng mit dem KI Bundesverband im Austausch und haben dort die Info erhalten, dass wir uns mal bei euch melden sollen, da unser Experten-Netzwerk ggf. spannend für euch sein könnte.</p>
<p>Wir bei <a href=""https://www.gopathwize.com"">PathWize</a> sind einer der führenden Anbieter für Data Labeling und Annotation im europäischen Raum. Mit einem Netzwerk von über 250.000 Experten können wir die richtigen Köpfe in unterschiedlichen Bereichen für sämtliche Data-Labeling-Bedarfe stellen.</p>
<p>Unternehmen wie z.B. Mistral AI und mittelständische Firmen bis hin zu Konzernen arbeiten bereits mit uns im Rahmen ihrer KI-Vorhaben (Post- und Pre-Training von Modellen, Data Labeling anhand von Bildern, RLHF etc.) zusammen.</p>
<p>Wenn Sie ebenfalls Bedarfe in diesen Bereichen haben, würden wir uns freuen, wenn wir euch hier supporten könnten.</p>
<p>Ich freue mich auf den weiteren Austausch.</p>
<p>Viele Grüße<br>[Ihr Name]<br>PathWize</p>",""
"160","Deyan7 GmbH & Co. KG","https://www.deyan7.de/","Vielleicht","Marius Jeskulke und Torben Kreuder (GF des Komplementärs Deyan7 Verwaltungs GmbH)","hello@deyan7.de","funktional","Intro KI Bundesverband - z.Hd. Marius Jeskulke - Data Labeling und Annotation für Ihre KI Vorhaben","Hallo Herr Jeskulke,","Hallo Herr Jeskulke,

wir stehen eng mit dem KI Bundesverband im Austausch und haben dort die Info erhalten, dass wir uns mal bei euch melden sollen, da unser Experten-Netzwerk ggf. spannend für euch sein könnte.

Wir bei PathWize sind einer der führenden Anbieter für Data Labeling und Annotation im europäischen Raum. Mit einem Netzwerk von über 250.000 Experten können wir die richtigen Köpfe in unterschiedlichen Bereichen für sämtliche Data-Labeling-Bedarfe stellen.

Unternehmen wie z.B. Mistral AI und mittelständische Firmen bis hin zu Konzernen arbeiten bereits mit uns im Rahmen ihrer KI-Vorhaben (Post- und Pre-Training von Modellen, Data Labeling anhand von Bildern, RLHF etc.) zusammen.

Wenn Sie ebenfalls Bedarfe in diesen Bereichen haben, würden wir uns freuen, wenn wir euch hier supporten könnten.

Ich freue mich auf den weiteren Austausch.

Viele Grüße
[Ihr Name]
PathWize","<p>Hallo Herr Jeskulke,</p>
<p>wir stehen eng mit dem KI Bundesverband im Austausch und haben dort die Info erhalten, dass wir uns mal bei euch melden sollen, da unser Experten-Netzwerk ggf. spannend für euch sein könnte.</p>
<p>Wir bei <a href=""https://www.gopathwize.com"">PathWize</a> sind einer der führenden Anbieter für Data Labeling und Annotation im europäischen Raum. Mit einem Netzwerk von über 250.000 Experten können wir die richtigen Köpfe in unterschiedlichen Bereichen für sämtliche Data-Labeling-Bedarfe stellen.</p>
<p>Unternehmen wie z.B. Mistral AI und mittelständische Firmen bis hin zu Konzernen arbeiten bereits mit uns im Rahmen ihrer KI-Vorhaben (Post- und Pre-Training von Modellen, Data Labeling anhand von Bildern, RLHF etc.) zusammen.</p>
<p>Wenn Sie ebenfalls Bedarfe in diesen Bereichen haben, würden wir uns freuen, wenn wir euch hier supporten könnten.</p>
<p>Ich freue mich auf den weiteren Austausch.</p>
<p>Viele Grüße<br>[Ihr Name]<br>PathWize</p>","hello@deyan7.de"
"161","DGKI Deutsche Gesellschaft für Künstliche Intelligenz mbH","https://www.dgki.org/","Vielleicht","Dr. Volkan Gizli","support@dgki.org","funktional (Mitarbeiter-Mail)","Intro KI Bundesverband - z.Hd. Volkan Gizli - Data Labeling und Annotation für Ihre KI Vorhaben","Hallo Herr Dr. Gizli,","Hallo Herr Dr. Gizli,

wir stehen eng mit dem KI Bundesverband im Austausch und haben dort die Info erhalten, dass wir uns mal bei euch melden sollen, da unser Experten-Netzwerk ggf. spannend für euch sein könnte.

Wir bei PathWize sind einer der führenden Anbieter für Data Labeling und Annotation im europäischen Raum. Mit einem Netzwerk von über 250.000 Experten können wir die richtigen Köpfe in unterschiedlichen Bereichen für sämtliche Data-Labeling-Bedarfe stellen.

Unternehmen wie z.B. Mistral AI und mittelständische Firmen bis hin zu Konzernen arbeiten bereits mit uns im Rahmen ihrer KI-Vorhaben (Post- und Pre-Training von Modellen, Data Labeling anhand von Bildern, RLHF etc.) zusammen.

Wenn Sie ebenfalls Bedarfe in diesen Bereichen haben, würden wir uns freuen, wenn wir euch hier supporten könnten.

Ich freue mich auf den weiteren Austausch.

Viele Grüße
[Ihr Name]
PathWize","<p>Hallo Herr Dr. Gizli,</p>
<p>wir stehen eng mit dem KI Bundesverband im Austausch und haben dort die Info erhalten, dass wir uns mal bei euch melden sollen, da unser Experten-Netzwerk ggf. spannend für euch sein könnte.</p>
<p>Wir bei <a href=""https://www.gopathwize.com"">PathWize</a> sind einer der führenden Anbieter für Data Labeling und Annotation im europäischen Raum. Mit einem Netzwerk von über 250.000 Experten können wir die richtigen Köpfe in unterschiedlichen Bereichen für sämtliche Data-Labeling-Bedarfe stellen.</p>
<p>Unternehmen wie z.B. Mistral AI und mittelständische Firmen bis hin zu Konzernen arbeiten bereits mit uns im Rahmen ihrer KI-Vorhaben (Post- und Pre-Training von Modellen, Data Labeling anhand von Bildern, RLHF etc.) zusammen.</p>
<p>Wenn Sie ebenfalls Bedarfe in diesen Bereichen haben, würden wir uns freuen, wenn wir euch hier supporten könnten.</p>
<p>Ich freue mich auf den weiteren Austausch.</p>
<p>Viele Grüße<br>[Ihr Name]<br>PathWize</p>","support@dgki.org"
"162","diconium data GmbH","https://applydata.io/","Vielleicht","Jasmin Eichler, Swantje Kowarsch","applydata@diconium.com","funktional (Mitarbeiter-Mail)","Intro KI Bundesverband - z.Hd. Jasmin Eichler - Data Labeling und Annotation für Ihre KI Vorhaben","Hallo Frau Eichler,","Hallo Frau Eichler,

wir stehen eng mit dem KI Bundesverband im Austausch und haben dort die Info erhalten, dass wir uns mal bei euch melden sollen, da unser Experten-Netzwerk ggf. spannend für euch sein könnte.

Wir bei PathWize sind einer der führenden Anbieter für Data Labeling und Annotation im europäischen Raum. Mit einem Netzwerk von über 250.000 Experten können wir die richtigen Köpfe in unterschiedlichen Bereichen für sämtliche Data-Labeling-Bedarfe stellen.

Unternehmen wie z.B. Mistral AI und mittelständische Firmen bis hin zu Konzernen arbeiten bereits mit uns im Rahmen ihrer KI-Vorhaben (Post- und Pre-Training von Modellen, Data Labeling anhand von Bildern, RLHF etc.) zusammen.

Wenn Sie ebenfalls Bedarfe in diesen Bereichen haben, würden wir uns freuen, wenn wir euch hier supporten könnten.

Ich freue mich auf den weiteren Austausch.

Viele Grüße
[Ihr Name]
PathWize","<p>Hallo Frau Eichler,</p>
<p>wir stehen eng mit dem KI Bundesverband im Austausch und haben dort die Info erhalten, dass wir uns mal bei euch melden sollen, da unser Experten-Netzwerk ggf. spannend für euch sein könnte.</p>
<p>Wir bei <a href=""https://www.gopathwize.com"">PathWize</a> sind einer der führenden Anbieter für Data Labeling und Annotation im europäischen Raum. Mit einem Netzwerk von über 250.000 Experten können wir die richtigen Köpfe in unterschiedlichen Bereichen für sämtliche Data-Labeling-Bedarfe stellen.</p>
<p>Unternehmen wie z.B. Mistral AI und mittelständische Firmen bis hin zu Konzernen arbeiten bereits mit uns im Rahmen ihrer KI-Vorhaben (Post- und Pre-Training von Modellen, Data Labeling anhand von Bildern, RLHF etc.) zusammen.</p>
<p>Wenn Sie ebenfalls Bedarfe in diesen Bereichen haben, würden wir uns freuen, wenn wir euch hier supporten könnten.</p>
<p>Ich freue mich auf den weiteren Austausch.</p>
<p>Viele Grüße<br>[Ihr Name]<br>PathWize</p>","applydata@diconium.com"
"163","dida Datenschmiede GmbH","http://www.datenschmiede.org/","Ja","Dr. Lorenz Richter, Dr. Markus Düttmann","info@dida.do","funktional","Intro KI Bundesverband - z.Hd. Lorenz Richter - Data Labeling und Annotation für Ihre KI Vorhaben","Hallo Herr Dr. Richter,","Hallo Herr Dr. Richter,

wir stehen eng mit dem KI Bundesverband im Austausch und haben dort die Info erhalten, dass wir uns mal bei euch melden sollen, da unser Experten-Netzwerk ggf. spannend für euch sein könnte.

Wir bei PathWize sind einer der führenden Anbieter für Data Labeling und Annotation im europäischen Raum. Mit einem Netzwerk von über 250.000 Experten können wir die richtigen Köpfe in unterschiedlichen Bereichen für sämtliche Data-Labeling-Bedarfe stellen.

Unternehmen wie z.B. Mistral AI und mittelständische Firmen bis hin zu Konzernen arbeiten bereits mit uns im Rahmen ihrer KI-Vorhaben (Post- und Pre-Training von Modellen, Data Labeling anhand von Bildern, RLHF etc.) zusammen.

Wenn Sie ebenfalls Bedarfe in diesen Bereichen haben, würden wir uns freuen, wenn wir euch hier supporten könnten.

Ich freue mich auf den weiteren Austausch.

Viele Grüße
[Ihr Name]
PathWize","<p>Hallo Herr Dr. Richter,</p>
<p>wir stehen eng mit dem KI Bundesverband im Austausch und haben dort die Info erhalten, dass wir uns mal bei euch melden sollen, da unser Experten-Netzwerk ggf. spannend für euch sein könnte.</p>
<p>Wir bei <a href=""https://www.gopathwize.com"">PathWize</a> sind einer der führenden Anbieter für Data Labeling und Annotation im europäischen Raum. Mit einem Netzwerk von über 250.000 Experten können wir die richtigen Köpfe in unterschiedlichen Bereichen für sämtliche Data-Labeling-Bedarfe stellen.</p>
<p>Unternehmen wie z.B. Mistral AI und mittelständische Firmen bis hin zu Konzernen arbeiten bereits mit uns im Rahmen ihrer KI-Vorhaben (Post- und Pre-Training von Modellen, Data Labeling anhand von Bildern, RLHF etc.) zusammen.</p>
<p>Wenn Sie ebenfalls Bedarfe in diesen Bereichen haben, würden wir uns freuen, wenn wir euch hier supporten könnten.</p>
<p>Ich freue mich auf den weiteren Austausch.</p>
<p>Viele Grüße<br>[Ihr Name]<br>PathWize</p>","info@dida.do"
"164","Die Lautmaler GmbH","https://www.die-lautmaler.de/","Vielleicht","Manja Baudis, Norbert Gocht","impressum@die-lautmaler.de","funktional (Mitarbeiter-Mail)","Intro KI Bundesverband - z.Hd. Manja Baudis - Data Labeling und Annotation für Ihre KI Vorhaben","Hallo Frau Baudis,","Hallo Frau Baudis,

wir stehen eng mit dem KI Bundesverband im Austausch und haben dort die Info erhalten, dass wir uns mal bei euch melden sollen, da unser Experten-Netzwerk ggf. spannend für euch sein könnte.

Wir bei PathWize sind einer der führenden Anbieter für Data Labeling und Annotation im europäischen Raum. Mit einem Netzwerk von über 250.000 Experten können wir die richtigen Köpfe in unterschiedlichen Bereichen für sämtliche Data-Labeling-Bedarfe stellen.

Unternehmen wie z.B. Mistral AI und mittelständische Firmen bis hin zu Konzernen arbeiten bereits mit uns im Rahmen ihrer KI-Vorhaben (Post- und Pre-Training von Modellen, Data Labeling anhand von Bildern, RLHF etc.) zusammen.

Wenn Sie ebenfalls Bedarfe in diesen Bereichen haben, würden wir uns freuen, wenn wir euch hier supporten könnten.

Ich freue mich auf den weiteren Austausch.

Viele Grüße
[Ihr Name]
PathWize","<p>Hallo Frau Baudis,</p>
<p>wir stehen eng mit dem KI Bundesverband im Austausch und haben dort die Info erhalten, dass wir uns mal bei euch melden sollen, da unser Experten-Netzwerk ggf. spannend für euch sein könnte.</p>
<p>Wir bei <a href=""https://www.gopathwize.com"">PathWize</a> sind einer der führenden Anbieter für Data Labeling und Annotation im europäischen Raum. Mit einem Netzwerk von über 250.000 Experten können wir die richtigen Köpfe in unterschiedlichen Bereichen für sämtliche Data-Labeling-Bedarfe stellen.</p>
<p>Unternehmen wie z.B. Mistral AI und mittelständische Firmen bis hin zu Konzernen arbeiten bereits mit uns im Rahmen ihrer KI-Vorhaben (Post- und Pre-Training von Modellen, Data Labeling anhand von Bildern, RLHF etc.) zusammen.</p>
<p>Wenn Sie ebenfalls Bedarfe in diesen Bereichen haben, würden wir uns freuen, wenn wir euch hier supporten könnten.</p>
<p>Ich freue mich auf den weiteren Austausch.</p>
<p>Viele Grüße<br>[Ihr Name]<br>PathWize</p>","impressum@die-lautmaler.de; privacy@lautmaler.de"
"165","Digimind GmbH","https://www.digimindlabs.com/","Ja","Dr. Katharina Eissing","info@digimindlabs.com","funktional","Intro KI Bundesverband - z.Hd. Katharina Eissing - Data Labeling und Annotation für Ihre KI Vorhaben","Hallo Frau Dr. Eissing,","Hallo Frau Dr. Eissing,

wir stehen eng mit dem KI Bundesverband im Austausch und haben dort die Info erhalten, dass wir uns mal bei euch melden sollen, da unser Experten-Netzwerk ggf. spannend für euch sein könnte.

Wir bei PathWize sind einer der führenden Anbieter für Data Labeling und Annotation im europäischen Raum. Mit einem Netzwerk von über 250.000 Experten können wir die richtigen Köpfe in unterschiedlichen Bereichen für sämtliche Data-Labeling-Bedarfe stellen.

Unternehmen wie z.B. Mistral AI und mittelständische Firmen bis hin zu Konzernen arbeiten bereits mit uns im Rahmen ihrer KI-Vorhaben (Post- und Pre-Training von Modellen, Data Labeling anhand von Bildern, RLHF etc.) zusammen.

Wenn Sie ebenfalls Bedarfe in diesen Bereichen haben, würden wir uns freuen, wenn wir euch hier supporten könnten.

Ich freue mich auf den weiteren Austausch.

Viele Grüße
[Ihr Name]
PathWize","<p>Hallo Frau Dr. Eissing,</p>
<p>wir stehen eng mit dem KI Bundesverband im Austausch und haben dort die Info erhalten, dass wir uns mal bei euch melden sollen, da unser Experten-Netzwerk ggf. spannend für euch sein könnte.</p>
<p>Wir bei <a href=""https://www.gopathwize.com"">PathWize</a> sind einer der führenden Anbieter für Data Labeling und Annotation im europäischen Raum. Mit einem Netzwerk von über 250.000 Experten können wir die richtigen Köpfe in unterschiedlichen Bereichen für sämtliche Data-Labeling-Bedarfe stellen.</p>
<p>Unternehmen wie z.B. Mistral AI und mittelständische Firmen bis hin zu Konzernen arbeiten bereits mit uns im Rahmen ihrer KI-Vorhaben (Post- und Pre-Training von Modellen, Data Labeling anhand von Bildern, RLHF etc.) zusammen.</p>
<p>Wenn Sie ebenfalls Bedarfe in diesen Bereichen haben, würden wir uns freuen, wenn wir euch hier supporten könnten.</p>
<p>Ich freue mich auf den weiteren Austausch.</p>
<p>Viele Grüße<br>[Ihr Name]<br>PathWize</p>","info@digimindlabs.com"
"166","DIVISIO GmbH","https://divis.io/","Ja","Christoph Henkelmann","sales@divis.io","funktional","Intro KI Bundesverband - z.Hd. Christoph Henkelmann - Data Labeling und Annotation für Ihre KI Vorhaben","Hallo Herr Henkelmann,","Hallo Herr Henkelmann,

wir stehen eng mit dem KI Bundesverband im Austausch und haben dort die Info erhalten, dass wir uns mal bei euch melden sollen, da unser Experten-Netzwerk ggf. spannend für euch sein könnte.

Wir bei PathWize sind einer der führenden Anbieter für Data Labeling und Annotation im europäischen Raum. Mit einem Netzwerk von über 250.000 Experten können wir die richtigen Köpfe in unterschiedlichen Bereichen für sämtliche Data-Labeling-Bedarfe stellen.

Unternehmen wie z.B. Mistral AI und mittelständische Firmen bis hin zu Konzernen arbeiten bereits mit uns im Rahmen ihrer KI-Vorhaben (Post- und Pre-Training von Modellen, Data Labeling anhand von Bildern, RLHF etc.) zusammen.

Wenn Sie ebenfalls Bedarfe in diesen Bereichen haben, würden wir uns freuen, wenn wir euch hier supporten könnten.

Ich freue mich auf den weiteren Austausch.

Viele Grüße
[Ihr Name]
PathWize","<p>Hallo Herr Henkelmann,</p>
<p>wir stehen eng mit dem KI Bundesverband im Austausch und haben dort die Info erhalten, dass wir uns mal bei euch melden sollen, da unser Experten-Netzwerk ggf. spannend für euch sein könnte.</p>
<p>Wir bei <a href=""https://www.gopathwize.com"">PathWize</a> sind einer der führenden Anbieter für Data Labeling und Annotation im europäischen Raum. Mit einem Netzwerk von über 250.000 Experten können wir die richtigen Köpfe in unterschiedlichen Bereichen für sämtliche Data-Labeling-Bedarfe stellen.</p>
<p>Unternehmen wie z.B. Mistral AI und mittelständische Firmen bis hin zu Konzernen arbeiten bereits mit uns im Rahmen ihrer KI-Vorhaben (Post- und Pre-Training von Modellen, Data Labeling anhand von Bildern, RLHF etc.) zusammen.</p>
<p>Wenn Sie ebenfalls Bedarfe in diesen Bereichen haben, würden wir uns freuen, wenn wir euch hier supporten könnten.</p>
<p>Ich freue mich auf den weiteren Austausch.</p>
<p>Viele Grüße<br>[Ihr Name]<br>PathWize</p>","sales@divis.io"
"167","DM Technologies GmbH (Plato)","https://www.getplato.co/","Vielleicht","Benedikt Nolte, Matthias Heinrich Morales, Oliver Birch","contact@platoapp.ai","funktional","Intro KI Bundesverband - z.Hd. Benedikt Nolte - Data Labeling und Annotation für Ihre KI Vorhaben","Hallo Herr Nolte,","Hallo Herr Nolte,

wir stehen eng mit dem KI Bundesverband im Austausch und haben dort die Info erhalten, dass wir uns mal bei euch melden sollen, da unser Experten-Netzwerk ggf. spannend für euch sein könnte.

Wir bei PathWize sind einer der führenden Anbieter für Data Labeling und Annotation im europäischen Raum. Mit einem Netzwerk von über 250.000 Experten können wir die richtigen Köpfe in unterschiedlichen Bereichen für sämtliche Data-Labeling-Bedarfe stellen.

Unternehmen wie z.B. Mistral AI und mittelständische Firmen bis hin zu Konzernen arbeiten bereits mit uns im Rahmen ihrer KI-Vorhaben (Post- und Pre-Training von Modellen, Data Labeling anhand von Bildern, RLHF etc.) zusammen.

Wenn Sie ebenfalls Bedarfe in diesen Bereichen haben, würden wir uns freuen, wenn wir euch hier supporten könnten.

Ich freue mich auf den weiteren Austausch.

Viele Grüße
[Ihr Name]
PathWize","<p>Hallo Herr Nolte,</p>
<p>wir stehen eng mit dem KI Bundesverband im Austausch und haben dort die Info erhalten, dass wir uns mal bei euch melden sollen, da unser Experten-Netzwerk ggf. spannend für euch sein könnte.</p>
<p>Wir bei <a href=""https://www.gopathwize.com"">PathWize</a> sind einer der führenden Anbieter für Data Labeling und Annotation im europäischen Raum. Mit einem Netzwerk von über 250.000 Experten können wir die richtigen Köpfe in unterschiedlichen Bereichen für sämtliche Data-Labeling-Bedarfe stellen.</p>
<p>Unternehmen wie z.B. Mistral AI und mittelständische Firmen bis hin zu Konzernen arbeiten bereits mit uns im Rahmen ihrer KI-Vorhaben (Post- und Pre-Training von Modellen, Data Labeling anhand von Bildern, RLHF etc.) zusammen.</p>
<p>Wenn Sie ebenfalls Bedarfe in diesen Bereichen haben, würden wir uns freuen, wenn wir euch hier supporten könnten.</p>
<p>Ich freue mich auf den weiteren Austausch.</p>
<p>Viele Grüße<br>[Ihr Name]<br>PathWize</p>","contact@platoapp.ai"
"169","DNDY. Data and Design GmbH","https://dndy.de/","Vielleicht","Martin Burger","martin.burger@dndy.de","direkt (belegt)","Intro KI Bundesverband - Data Labeling und Annotation für Ihre KI Vorhaben","Hallo Herr Burger,","Hallo Herr Burger,

wir stehen eng mit dem KI Bundesverband im Austausch und haben dort die Info erhalten, dass wir uns mal bei euch melden sollen, da unser Experten-Netzwerk ggf. spannend für euch sein könnte.

Wir bei PathWize sind einer der führenden Anbieter für Data Labeling und Annotation im europäischen Raum. Mit einem Netzwerk von über 250.000 Experten können wir die richtigen Köpfe in unterschiedlichen Bereichen für sämtliche Data-Labeling-Bedarfe stellen.

Unternehmen wie z.B. Mistral AI und mittelständische Firmen bis hin zu Konzernen arbeiten bereits mit uns im Rahmen ihrer KI-Vorhaben (Post- und Pre-Training von Modellen, Data Labeling anhand von Bildern, RLHF etc.) zusammen.

Wenn Sie ebenfalls Bedarfe in diesen Bereichen haben, würden wir uns freuen, wenn wir euch hier supporten könnten.

Ich freue mich auf den weiteren Austausch.

Viele Grüße
[Ihr Name]
PathWize","<p>Hallo Herr Burger,</p>
<p>wir stehen eng mit dem KI Bundesverband im Austausch und haben dort die Info erhalten, dass wir uns mal bei euch melden sollen, da unser Experten-Netzwerk ggf. spannend für euch sein könnte.</p>
<p>Wir bei <a href=""https://www.gopathwize.com"">PathWize</a> sind einer der führenden Anbieter für Data Labeling und Annotation im europäischen Raum. Mit einem Netzwerk von über 250.000 Experten können wir die richtigen Köpfe in unterschiedlichen Bereichen für sämtliche Data-Labeling-Bedarfe stellen.</p>
<p>Unternehmen wie z.B. Mistral AI und mittelständische Firmen bis hin zu Konzernen arbeiten bereits mit uns im Rahmen ihrer KI-Vorhaben (Post- und Pre-Training von Modellen, Data Labeling anhand von Bildern, RLHF etc.) zusammen.</p>
<p>Wenn Sie ebenfalls Bedarfe in diesen Bereichen haben, würden wir uns freuen, wenn wir euch hier supporten könnten.</p>
<p>Ich freue mich auf den weiteren Austausch.</p>
<p>Viele Grüße<br>[Ihr Name]<br>PathWize</p>","martin.burger@dndy.de"
"170","DNL Deep Neuron Lab GmbH","https://www.dnl.ai/","Ja","Andreas Schindler, Iason Georgakopoulos, Livia Jansen-Winkeln","support@dnl.ai","funktional (Mitarbeiter-Mail)","Intro KI Bundesverband - z.Hd. Andreas Schindler - Data Labeling und Annotation für Ihre KI Vorhaben","Hallo Herr Schindler,","Hallo Herr Schindler,

wir stehen eng mit dem KI Bundesverband im Austausch und haben dort die Info erhalten, dass wir uns mal bei euch melden sollen, da unser Experten-Netzwerk ggf. spannend für euch sein könnte.

Wir bei PathWize sind einer der führenden Anbieter für Data Labeling und Annotation im europäischen Raum. Mit einem Netzwerk von über 250.000 Experten können wir die richtigen Köpfe in unterschiedlichen Bereichen für sämtliche Data-Labeling-Bedarfe stellen.

Unternehmen wie z.B. Mistral AI und mittelständische Firmen bis hin zu Konzernen arbeiten bereits mit uns im Rahmen ihrer KI-Vorhaben (Post- und Pre-Training von Modellen, Data Labeling anhand von Bildern, RLHF etc.) zusammen.

Wenn Sie ebenfalls Bedarfe in diesen Bereichen haben, würden wir uns freuen, wenn wir euch hier supporten könnten.

Ich freue mich auf den weiteren Austausch.

Viele Grüße
[Ihr Name]
PathWize","<p>Hallo Herr Schindler,</p>
<p>wir stehen eng mit dem KI Bundesverband im Austausch und haben dort die Info erhalten, dass wir uns mal bei euch melden sollen, da unser Experten-Netzwerk ggf. spannend für euch sein könnte.</p>
<p>Wir bei <a href=""https://www.gopathwize.com"">PathWize</a> sind einer der führenden Anbieter für Data Labeling und Annotation im europäischen Raum. Mit einem Netzwerk von über 250.000 Experten können wir die richtigen Köpfe in unterschiedlichen Bereichen für sämtliche Data-Labeling-Bedarfe stellen.</p>
<p>Unternehmen wie z.B. Mistral AI und mittelständische Firmen bis hin zu Konzernen arbeiten bereits mit uns im Rahmen ihrer KI-Vorhaben (Post- und Pre-Training von Modellen, Data Labeling anhand von Bildern, RLHF etc.) zusammen.</p>
<p>Wenn Sie ebenfalls Bedarfe in diesen Bereichen haben, würden wir uns freuen, wenn wir euch hier supporten könnten.</p>
<p>Ich freue mich auf den weiteren Austausch.</p>
<p>Viele Grüße<br>[Ihr Name]<br>PathWize</p>","support@dnl.ai"
"171","doubleSlash Net-Business GmbH","https://www.doubleslash.de/","Vielleicht","Konrad Krafft, Andreas Strobel, Patrick Schmerbach, Matthias Sekinger (Prokura)","info@doubleSlash.de","funktional","Intro KI Bundesverband - z.Hd. Konrad Krafft - Data Labeling und Annotation für Ihre KI Vorhaben","Hallo Herr Krafft,","Hallo Herr Krafft,

wir stehen eng mit dem KI Bundesverband im Austausch und haben dort die Info erhalten, dass wir uns mal bei euch melden sollen, da unser Experten-Netzwerk ggf. spannend für euch sein könnte.

Wir bei PathWize sind einer der führenden Anbieter für Data Labeling und Annotation im europäischen Raum. Mit einem Netzwerk von über 250.000 Experten können wir die richtigen Köpfe in unterschiedlichen Bereichen für sämtliche Data-Labeling-Bedarfe stellen.

Unternehmen wie z.B. Mistral AI und mittelständische Firmen bis hin zu Konzernen arbeiten bereits mit uns im Rahmen ihrer KI-Vorhaben (Post- und Pre-Training von Modellen, Data Labeling anhand von Bildern, RLHF etc.) zusammen.

Wenn Sie ebenfalls Bedarfe in diesen Bereichen haben, würden wir uns freuen, wenn wir euch hier supporten könnten.

Ich freue mich auf den weiteren Austausch.

Viele Grüße
[Ihr Name]
PathWize","<p>Hallo Herr Krafft,</p>
<p>wir stehen eng mit dem KI Bundesverband im Austausch und haben dort die Info erhalten, dass wir uns mal bei euch melden sollen, da unser Experten-Netzwerk ggf. spannend für euch sein könnte.</p>
<p>Wir bei <a href=""https://www.gopathwize.com"">PathWize</a> sind einer der führenden Anbieter für Data Labeling und Annotation im europäischen Raum. Mit einem Netzwerk von über 250.000 Experten können wir die richtigen Köpfe in unterschiedlichen Bereichen für sämtliche Data-Labeling-Bedarfe stellen.</p>
<p>Unternehmen wie z.B. Mistral AI und mittelständische Firmen bis hin zu Konzernen arbeiten bereits mit uns im Rahmen ihrer KI-Vorhaben (Post- und Pre-Training von Modellen, Data Labeling anhand von Bildern, RLHF etc.) zusammen.</p>
<p>Wenn Sie ebenfalls Bedarfe in diesen Bereichen haben, würden wir uns freuen, wenn wir euch hier supporten könnten.</p>
<p>Ich freue mich auf den weiteren Austausch.</p>
<p>Viele Grüße<br>[Ihr Name]<br>PathWize</p>","info@doubleSlash.de"
"173","DYMATRIX","https://www.dymatrix.de/","Vielleicht","Thomas Dold, Stefan Oertel","info@dymatrix.de","funktional","Intro KI Bundesverband - z.Hd. Thomas Dold - Data Labeling und Annotation für Ihre KI Vorhaben","Hallo Herr Dold,","Hallo Herr Dold,

wir stehen eng mit dem KI Bundesverband im Austausch und haben dort die Info erhalten, dass wir uns mal bei euch melden sollen, da unser Experten-Netzwerk ggf. spannend für euch sein könnte.

Wir bei PathWize sind einer der führenden Anbieter für Data Labeling und Annotation im europäischen Raum. Mit einem Netzwerk von über 250.000 Experten können wir die richtigen Köpfe in unterschiedlichen Bereichen für sämtliche Data-Labeling-Bedarfe stellen.

Unternehmen wie z.B. Mistral AI und mittelständische Firmen bis hin zu Konzernen arbeiten bereits mit uns im Rahmen ihrer KI-Vorhaben (Post- und Pre-Training von Modellen, Data Labeling anhand von Bildern, RLHF etc.) zusammen.

Wenn Sie ebenfalls Bedarfe in diesen Bereichen haben, würden wir uns freuen, wenn wir euch hier supporten könnten.

Ich freue mich auf den weiteren Austausch.

Viele Grüße
[Ihr Name]
PathWize","<p>Hallo Herr Dold,</p>
<p>wir stehen eng mit dem KI Bundesverband im Austausch und haben dort die Info erhalten, dass wir uns mal bei euch melden sollen, da unser Experten-Netzwerk ggf. spannend für euch sein könnte.</p>
<p>Wir bei <a href=""https://www.gopathwize.com"">PathWize</a> sind einer der führenden Anbieter für Data Labeling und Annotation im europäischen Raum. Mit einem Netzwerk von über 250.000 Experten können wir die richtigen Köpfe in unterschiedlichen Bereichen für sämtliche Data-Labeling-Bedarfe stellen.</p>
<p>Unternehmen wie z.B. Mistral AI und mittelständische Firmen bis hin zu Konzernen arbeiten bereits mit uns im Rahmen ihrer KI-Vorhaben (Post- und Pre-Training von Modellen, Data Labeling anhand von Bildern, RLHF etc.) zusammen.</p>
<p>Wenn Sie ebenfalls Bedarfe in diesen Bereichen haben, würden wir uns freuen, wenn wir euch hier supporten könnten.</p>
<p>Ich freue mich auf den weiteren Austausch.</p>
<p>Viele Grüße<br>[Ihr Name]<br>PathWize</p>","info@dymatrix.de"
"174","Ebenbuild GmbH","https://www.ebenbuild.com/","Ja","Dr. Kei Wieland Müller, Dr. Jonas Biehler, Dr. Karl-Robert Wichmann","info@ebenbuild.com","funktional","Intro KI Bundesverband - z.Hd. Kei Müller - Data Labeling und Annotation für Ihre KI Vorhaben","Hallo Dr. Kei Müller,","Hallo Dr. Kei Müller,

wir stehen eng mit dem KI Bundesverband im Austausch und haben dort die Info erhalten, dass wir uns mal bei euch melden sollen, da unser Experten-Netzwerk ggf. spannend für euch sein könnte.

Wir bei PathWize sind einer der führenden Anbieter für Data Labeling und Annotation im europäischen Raum. Mit einem Netzwerk von über 250.000 Experten können wir die richtigen Köpfe in unterschiedlichen Bereichen für sämtliche Data-Labeling-Bedarfe stellen.

Unternehmen wie z.B. Mistral AI und mittelständische Firmen bis hin zu Konzernen arbeiten bereits mit uns im Rahmen ihrer KI-Vorhaben (Post- und Pre-Training von Modellen, Data Labeling anhand von Bildern, RLHF etc.) zusammen.

Wenn Sie ebenfalls Bedarfe in diesen Bereichen haben, würden wir uns freuen, wenn wir euch hier supporten könnten.

Ich freue mich auf den weiteren Austausch.

Viele Grüße
[Ihr Name]
PathWize","<p>Hallo Dr. Kei Müller,</p>
<p>wir stehen eng mit dem KI Bundesverband im Austausch und haben dort die Info erhalten, dass wir uns mal bei euch melden sollen, da unser Experten-Netzwerk ggf. spannend für euch sein könnte.</p>
<p>Wir bei <a href=""https://www.gopathwize.com"">PathWize</a> sind einer der führenden Anbieter für Data Labeling und Annotation im europäischen Raum. Mit einem Netzwerk von über 250.000 Experten können wir die richtigen Köpfe in unterschiedlichen Bereichen für sämtliche Data-Labeling-Bedarfe stellen.</p>
<p>Unternehmen wie z.B. Mistral AI und mittelständische Firmen bis hin zu Konzernen arbeiten bereits mit uns im Rahmen ihrer KI-Vorhaben (Post- und Pre-Training von Modellen, Data Labeling anhand von Bildern, RLHF etc.) zusammen.</p>
<p>Wenn Sie ebenfalls Bedarfe in diesen Bereichen haben, würden wir uns freuen, wenn wir euch hier supporten könnten.</p>
<p>Ich freue mich auf den weiteren Austausch.</p>
<p>Viele Grüße<br>[Ihr Name]<br>PathWize</p>","info@ebenbuild.com"
"176","Economic AI","https://www.economicai.com/","Vielleicht","Martin Spindler","","keine Mail gefunden","Intro KI Bundesverband - z.Hd. Martin Spindler - Data Labeling und Annotation für Ihre KI Vorhaben","Hallo Herr Spindler,","Hallo Herr Spindler,

wir stehen eng mit dem KI Bundesverband im Austausch und haben dort die Info erhalten, dass wir uns mal bei euch melden sollen, da unser Experten-Netzwerk ggf. spannend für euch sein könnte.

Wir bei PathWize sind einer der führenden Anbieter für Data Labeling und Annotation im europäischen Raum. Mit einem Netzwerk von über 250.000 Experten können wir die richtigen Köpfe in unterschiedlichen Bereichen für sämtliche Data-Labeling-Bedarfe stellen.

Unternehmen wie z.B. Mistral AI und mittelständische Firmen bis hin zu Konzernen arbeiten bereits mit uns im Rahmen ihrer KI-Vorhaben (Post- und Pre-Training von Modellen, Data Labeling anhand von Bildern, RLHF etc.) zusammen.

Wenn Sie ebenfalls Bedarfe in diesen Bereichen haben, würden wir uns freuen, wenn wir euch hier supporten könnten.

Ich freue mich auf den weiteren Austausch.

Viele Grüße
[Ihr Name]
PathWize","<p>Hallo Herr Spindler,</p>
<p>wir stehen eng mit dem KI Bundesverband im Austausch und haben dort die Info erhalten, dass wir uns mal bei euch melden sollen, da unser Experten-Netzwerk ggf. spannend für euch sein könnte.</p>
<p>Wir bei <a href=""https://www.gopathwize.com"">PathWize</a> sind einer der führenden Anbieter für Data Labeling und Annotation im europäischen Raum. Mit einem Netzwerk von über 250.000 Experten können wir die richtigen Köpfe in unterschiedlichen Bereichen für sämtliche Data-Labeling-Bedarfe stellen.</p>
<p>Unternehmen wie z.B. Mistral AI und mittelständische Firmen bis hin zu Konzernen arbeiten bereits mit uns im Rahmen ihrer KI-Vorhaben (Post- und Pre-Training von Modellen, Data Labeling anhand von Bildern, RLHF etc.) zusammen.</p>
<p>Wenn Sie ebenfalls Bedarfe in diesen Bereichen haben, würden wir uns freuen, wenn wir euch hier supporten könnten.</p>
<p>Ich freue mich auf den weiteren Austausch.</p>
<p>Viele Grüße<br>[Ihr Name]<br>PathWize</p>",""
"177","EffiPy","https://www.effipy.de/","Vielleicht","Julian Beese, Linus Müller","kontakt@effipy.de","funktional","Intro KI Bundesverband - z.Hd. Julian Beese - Data Labeling und Annotation für Ihre KI Vorhaben","Hallo Herr Beese,","Hallo Herr Beese,

wir stehen eng mit dem KI Bundesverband im Austausch und haben dort die Info erhalten, dass wir uns mal bei euch melden sollen, da unser Experten-Netzwerk ggf. spannend für euch sein könnte.

Wir bei PathWize sind einer der führenden Anbieter für Data Labeling und Annotation im europäischen Raum. Mit einem Netzwerk von über 250.000 Experten können wir die richtigen Köpfe in unterschiedlichen Bereichen für sämtliche Data-Labeling-Bedarfe stellen.

Unternehmen wie z.B. Mistral AI und mittelständische Firmen bis hin zu Konzernen arbeiten bereits mit uns im Rahmen ihrer KI-Vorhaben (Post- und Pre-Training von Modellen, Data Labeling anhand von Bildern, RLHF etc.) zusammen.

Wenn Sie ebenfalls Bedarfe in diesen Bereichen haben, würden wir uns freuen, wenn wir euch hier supporten könnten.

Ich freue mich auf den weiteren Austausch.

Viele Grüße
[Ihr Name]
PathWize","<p>Hallo Herr Beese,</p>
<p>wir stehen eng mit dem KI Bundesverband im Austausch und haben dort die Info erhalten, dass wir uns mal bei euch melden sollen, da unser Experten-Netzwerk ggf. spannend für euch sein könnte.</p>
<p>Wir bei <a href=""https://www.gopathwize.com"">PathWize</a> sind einer der führenden Anbieter für Data Labeling und Annotation im europäischen Raum. Mit einem Netzwerk von über 250.000 Experten können wir die richtigen Köpfe in unterschiedlichen Bereichen für sämtliche Data-Labeling-Bedarfe stellen.</p>
<p>Unternehmen wie z.B. Mistral AI und mittelständische Firmen bis hin zu Konzernen arbeiten bereits mit uns im Rahmen ihrer KI-Vorhaben (Post- und Pre-Training von Modellen, Data Labeling anhand von Bildern, RLHF etc.) zusammen.</p>
<p>Wenn Sie ebenfalls Bedarfe in diesen Bereichen haben, würden wir uns freuen, wenn wir euch hier supporten könnten.</p>
<p>Ich freue mich auf den weiteren Austausch.</p>
<p>Viele Grüße<br>[Ihr Name]<br>PathWize</p>","kontakt@effipy.de"
"178","Ehrenmüller GmbH","https://www.ehrenmueller.ai/","Ja","Dr. Julia König (Geschäftsführerin)","","keine Mail gefunden","Intro KI Bundesverband - z.Hd. Julia König - Data Labeling und Annotation für Ihre KI Vorhaben","Hallo Frau Dr. König,","Hallo Frau Dr. König,

wir stehen eng mit dem KI Bundesverband im Austausch und haben dort die Info erhalten, dass wir uns mal bei euch melden sollen, da unser Experten-Netzwerk ggf. spannend für euch sein könnte.

Wir bei PathWize sind einer der führenden Anbieter für Data Labeling und Annotation im europäischen Raum. Mit einem Netzwerk von über 250.000 Experten können wir die richtigen Köpfe in unterschiedlichen Bereichen für sämtliche Data-Labeling-Bedarfe stellen.

Unternehmen wie z.B. Mistral AI und mittelständische Firmen bis hin zu Konzernen arbeiten bereits mit uns im Rahmen ihrer KI-Vorhaben (Post- und Pre-Training von Modellen, Data Labeling anhand von Bildern, RLHF etc.) zusammen.

Wenn Sie ebenfalls Bedarfe in diesen Bereichen haben, würden wir uns freuen, wenn wir euch hier supporten könnten.

Ich freue mich auf den weiteren Austausch.

Viele Grüße
[Ihr Name]
PathWize","<p>Hallo Frau Dr. König,</p>
<p>wir stehen eng mit dem KI Bundesverband im Austausch und haben dort die Info erhalten, dass wir uns mal bei euch melden sollen, da unser Experten-Netzwerk ggf. spannend für euch sein könnte.</p>
<p>Wir bei <a href=""https://www.gopathwize.com"">PathWize</a> sind einer der führenden Anbieter für Data Labeling und Annotation im europäischen Raum. Mit einem Netzwerk von über 250.000 Experten können wir die richtigen Köpfe in unterschiedlichen Bereichen für sämtliche Data-Labeling-Bedarfe stellen.</p>
<p>Unternehmen wie z.B. Mistral AI und mittelständische Firmen bis hin zu Konzernen arbeiten bereits mit uns im Rahmen ihrer KI-Vorhaben (Post- und Pre-Training von Modellen, Data Labeling anhand von Bildern, RLHF etc.) zusammen.</p>
<p>Wenn Sie ebenfalls Bedarfe in diesen Bereichen haben, würden wir uns freuen, wenn wir euch hier supporten könnten.</p>
<p>Ich freue mich auf den weiteren Austausch.</p>
<p>Viele Grüße<br>[Ihr Name]<br>PathWize</p>",""
"179","elevait GmbH & Co. KG","https://elevait.de/","Ja","Dr. Günther Möckesch, Dr. Martin Voigt","info@elevait.de","funktional","Intro KI Bundesverband - z.Hd. Günther Möckesch - Data Labeling und Annotation für Ihre KI Vorhaben","Hallo Herr Dr. Möckesch,","Hallo Herr Dr. Möckesch,

wir stehen eng mit dem KI Bundesverband im Austausch und haben dort die Info erhalten, dass wir uns mal bei euch melden sollen, da unser Experten-Netzwerk ggf. spannend für euch sein könnte.

Wir bei PathWize sind einer der führenden Anbieter für Data Labeling und Annotation im europäischen Raum. Mit einem Netzwerk von über 250.000 Experten können wir die richtigen Köpfe in unterschiedlichen Bereichen für sämtliche Data-Labeling-Bedarfe stellen.

Unternehmen wie z.B. Mistral AI und mittelständische Firmen bis hin zu Konzernen arbeiten bereits mit uns im Rahmen ihrer KI-Vorhaben (Post- und Pre-Training von Modellen, Data Labeling anhand von Bildern, RLHF etc.) zusammen.

Wenn Sie ebenfalls Bedarfe in diesen Bereichen haben, würden wir uns freuen, wenn wir euch hier supporten könnten.

Ich freue mich auf den weiteren Austausch.

Viele Grüße
[Ihr Name]
PathWize","<p>Hallo Herr Dr. Möckesch,</p>
<p>wir stehen eng mit dem KI Bundesverband im Austausch und haben dort die Info erhalten, dass wir uns mal bei euch melden sollen, da unser Experten-Netzwerk ggf. spannend für euch sein könnte.</p>
<p>Wir bei <a href=""https://www.gopathwize.com"">PathWize</a> sind einer der führenden Anbieter für Data Labeling und Annotation im europäischen Raum. Mit einem Netzwerk von über 250.000 Experten können wir die richtigen Köpfe in unterschiedlichen Bereichen für sämtliche Data-Labeling-Bedarfe stellen.</p>
<p>Unternehmen wie z.B. Mistral AI und mittelständische Firmen bis hin zu Konzernen arbeiten bereits mit uns im Rahmen ihrer KI-Vorhaben (Post- und Pre-Training von Modellen, Data Labeling anhand von Bildern, RLHF etc.) zusammen.</p>
<p>Wenn Sie ebenfalls Bedarfe in diesen Bereichen haben, würden wir uns freuen, wenn wir euch hier supporten könnten.</p>
<p>Ich freue mich auf den weiteren Austausch.</p>
<p>Viele Grüße<br>[Ihr Name]<br>PathWize</p>","info@elevait.de"
"180","ellamind GmbH","https://ellamind.com/","Ja","Jan Philipp Harries, Björn Plüster","info@ellamind.com","funktional","Intro KI Bundesverband - z.Hd. Jan Harries - Data Labeling und Annotation für Ihre KI Vorhaben","Hallo Herr Harries,","Hallo Herr Harries,

wir stehen eng mit dem KI Bundesverband im Austausch und haben dort die Info erhalten, dass wir uns mal bei euch melden sollen, da unser Experten-Netzwerk ggf. spannend für euch sein könnte.

Wir bei PathWize sind einer der führenden Anbieter für Data Labeling und Annotation im europäischen Raum. Mit einem Netzwerk von über 250.000 Experten können wir die richtigen Köpfe in unterschiedlichen Bereichen für sämtliche Data-Labeling-Bedarfe stellen.

Unternehmen wie z.B. Mistral AI und mittelständische Firmen bis hin zu Konzernen arbeiten bereits mit uns im Rahmen ihrer KI-Vorhaben (Post- und Pre-Training von Modellen, Data Labeling anhand von Bildern, RLHF etc.) zusammen.

Wenn Sie ebenfalls Bedarfe in diesen Bereichen haben, würden wir uns freuen, wenn wir euch hier supporten könnten.

Ich freue mich auf den weiteren Austausch.

Viele Grüße
[Ihr Name]
PathWize","<p>Hallo Herr Harries,</p>
<p>wir stehen eng mit dem KI Bundesverband im Austausch und haben dort die Info erhalten, dass wir uns mal bei euch melden sollen, da unser Experten-Netzwerk ggf. spannend für euch sein könnte.</p>
<p>Wir bei <a href=""https://www.gopathwize.com"">PathWize</a> sind einer der führenden Anbieter für Data Labeling und Annotation im europäischen Raum. Mit einem Netzwerk von über 250.000 Experten können wir die richtigen Köpfe in unterschiedlichen Bereichen für sämtliche Data-Labeling-Bedarfe stellen.</p>
<p>Unternehmen wie z.B. Mistral AI und mittelständische Firmen bis hin zu Konzernen arbeiten bereits mit uns im Rahmen ihrer KI-Vorhaben (Post- und Pre-Training von Modellen, Data Labeling anhand von Bildern, RLHF etc.) zusammen.</p>
<p>Wenn Sie ebenfalls Bedarfe in diesen Bereichen haben, würden wir uns freuen, wenn wir euch hier supporten könnten.</p>
<p>Ich freue mich auf den weiteren Austausch.</p>
<p>Viele Grüße<br>[Ihr Name]<br>PathWize</p>","info@ellamind.com"
"181","Emerge Tech GmbH","https://emerge-tech.io/","Vielleicht","Thomas Holl","","keine Mail gefunden","Intro KI Bundesverband - z.Hd. Thomas Holl - Data Labeling und Annotation für Ihre KI Vorhaben","Hallo Herr Holl,","Hallo Herr Holl,

wir stehen eng mit dem KI Bundesverband im Austausch und haben dort die Info erhalten, dass wir uns mal bei euch melden sollen, da unser Experten-Netzwerk ggf. spannend für euch sein könnte.

Wir bei PathWize sind einer der führenden Anbieter für Data Labeling und Annotation im europäischen Raum. Mit einem Netzwerk von über 250.000 Experten können wir die richtigen Köpfe in unterschiedlichen Bereichen für sämtliche Data-Labeling-Bedarfe stellen.

Unternehmen wie z.B. Mistral AI und mittelständische Firmen bis hin zu Konzernen arbeiten bereits mit uns im Rahmen ihrer KI-Vorhaben (Post- und Pre-Training von Modellen, Data Labeling anhand von Bildern, RLHF etc.) zusammen.

Wenn Sie ebenfalls Bedarfe in diesen Bereichen haben, würden wir uns freuen, wenn wir euch hier supporten könnten.

Ich freue mich auf den weiteren Austausch.

Viele Grüße
[Ihr Name]
PathWize","<p>Hallo Herr Holl,</p>
<p>wir stehen eng mit dem KI Bundesverband im Austausch und haben dort die Info erhalten, dass wir uns mal bei euch melden sollen, da unser Experten-Netzwerk ggf. spannend für euch sein könnte.</p>
<p>Wir bei <a href=""https://www.gopathwize.com"">PathWize</a> sind einer der führenden Anbieter für Data Labeling und Annotation im europäischen Raum. Mit einem Netzwerk von über 250.000 Experten können wir die richtigen Köpfe in unterschiedlichen Bereichen für sämtliche Data-Labeling-Bedarfe stellen.</p>
<p>Unternehmen wie z.B. Mistral AI und mittelständische Firmen bis hin zu Konzernen arbeiten bereits mit uns im Rahmen ihrer KI-Vorhaben (Post- und Pre-Training von Modellen, Data Labeling anhand von Bildern, RLHF etc.) zusammen.</p>
<p>Wenn Sie ebenfalls Bedarfe in diesen Bereichen haben, würden wir uns freuen, wenn wir euch hier supporten könnten.</p>
<p>Ich freue mich auf den weiteren Austausch.</p>
<p>Viele Grüße<br>[Ihr Name]<br>PathWize</p>",""
"182","Empion GmbH","https://empion.io/","Vielleicht","Dr. Annika von Mutius (Geschäftsführerin)","info@empion.de","funktional","Intro KI Bundesverband - z.Hd. Annika Mutius - Data Labeling und Annotation für Ihre KI Vorhaben","Hallo Frau Dr. Mutius,","Hallo Frau Dr. Mutius,

wir stehen eng mit dem KI Bundesverband im Austausch und haben dort die Info erhalten, dass wir uns mal bei euch melden sollen, da unser Experten-Netzwerk ggf. spannend für euch sein könnte.

Wir bei PathWize sind einer der führenden Anbieter für Data Labeling und Annotation im europäischen Raum. Mit einem Netzwerk von über 250.000 Experten können wir die richtigen Köpfe in unterschiedlichen Bereichen für sämtliche Data-Labeling-Bedarfe stellen.

Unternehmen wie z.B. Mistral AI und mittelständische Firmen bis hin zu Konzernen arbeiten bereits mit uns im Rahmen ihrer KI-Vorhaben (Post- und Pre-Training von Modellen, Data Labeling anhand von Bildern, RLHF etc.) zusammen.

Wenn Sie ebenfalls Bedarfe in diesen Bereichen haben, würden wir uns freuen, wenn wir euch hier supporten könnten.

Ich freue mich auf den weiteren Austausch.

Viele Grüße
[Ihr Name]
PathWize","<p>Hallo Frau Dr. Mutius,</p>
<p>wir stehen eng mit dem KI Bundesverband im Austausch und haben dort die Info erhalten, dass wir uns mal bei euch melden sollen, da unser Experten-Netzwerk ggf. spannend für euch sein könnte.</p>
<p>Wir bei <a href=""https://www.gopathwize.com"">PathWize</a> sind einer der führenden Anbieter für Data Labeling und Annotation im europäischen Raum. Mit einem Netzwerk von über 250.000 Experten können wir die richtigen Köpfe in unterschiedlichen Bereichen für sämtliche Data-Labeling-Bedarfe stellen.</p>
<p>Unternehmen wie z.B. Mistral AI und mittelständische Firmen bis hin zu Konzernen arbeiten bereits mit uns im Rahmen ihrer KI-Vorhaben (Post- und Pre-Training von Modellen, Data Labeling anhand von Bildern, RLHF etc.) zusammen.</p>
<p>Wenn Sie ebenfalls Bedarfe in diesen Bereichen haben, würden wir uns freuen, wenn wir euch hier supporten könnten.</p>
<p>Ich freue mich auf den weiteren Austausch.</p>
<p>Viele Grüße<br>[Ihr Name]<br>PathWize</p>","info@empion.de; info@empion.io"
"183","Empolis Information Management GmbH","https://www.empolis.com/","Ja","Eric Brabänder","eric.brabaender@empolis.com","direkt (belegt)","Intro KI Bundesverband - Data Labeling und Annotation für Ihre KI Vorhaben","Hallo Herr Brabänder,","Hallo Herr Brabänder,

wir stehen eng mit dem KI Bundesverband im Austausch und haben dort die Info erhalten, dass wir uns mal bei euch melden sollen, da unser Experten-Netzwerk ggf. spannend für euch sein könnte.

Wir bei PathWize sind einer der führenden Anbieter für Data Labeling und Annotation im europäischen Raum. Mit einem Netzwerk von über 250.000 Experten können wir die richtigen Köpfe in unterschiedlichen Bereichen für sämtliche Data-Labeling-Bedarfe stellen.

Unternehmen wie z.B. Mistral AI und mittelständische Firmen bis hin zu Konzernen arbeiten bereits mit uns im Rahmen ihrer KI-Vorhaben (Post- und Pre-Training von Modellen, Data Labeling anhand von Bildern, RLHF etc.) zusammen.

Wenn Sie ebenfalls Bedarfe in diesen Bereichen haben, würden wir uns freuen, wenn wir euch hier supporten könnten.

Ich freue mich auf den weiteren Austausch.

Viele Grüße
[Ihr Name]
PathWize","<p>Hallo Herr Brabänder,</p>
<p>wir stehen eng mit dem KI Bundesverband im Austausch und haben dort die Info erhalten, dass wir uns mal bei euch melden sollen, da unser Experten-Netzwerk ggf. spannend für euch sein könnte.</p>
<p>Wir bei <a href=""https://www.gopathwize.com"">PathWize</a> sind einer der führenden Anbieter für Data Labeling und Annotation im europäischen Raum. Mit einem Netzwerk von über 250.000 Experten können wir die richtigen Köpfe in unterschiedlichen Bereichen für sämtliche Data-Labeling-Bedarfe stellen.</p>
<p>Unternehmen wie z.B. Mistral AI und mittelständische Firmen bis hin zu Konzernen arbeiten bereits mit uns im Rahmen ihrer KI-Vorhaben (Post- und Pre-Training von Modellen, Data Labeling anhand von Bildern, RLHF etc.) zusammen.</p>
<p>Wenn Sie ebenfalls Bedarfe in diesen Bereichen haben, würden wir uns freuen, wenn wir euch hier supporten könnten.</p>
<p>Ich freue mich auf den weiteren Austausch.</p>
<p>Viele Grüße<br>[Ihr Name]<br>PathWize</p>","info@empolis.com; eric.brabaender@empolis.com"
"184","Korial (ehemals Energy Robotics GmbH)","https://energy-robotics.com/","Ja","Marc Dassler, Dr. Dorian Scholz","info@korial.com","funktional","Intro KI Bundesverband - z.Hd. Marc Dassler - Data Labeling und Annotation für Ihre KI Vorhaben","Hallo Herr Dassler,","Hallo Herr Dassler,

wir stehen eng mit dem KI Bundesverband im Austausch und haben dort die Info erhalten, dass wir uns mal bei euch melden sollen, da unser Experten-Netzwerk ggf. spannend für euch sein könnte.

Wir bei PathWize sind einer der führenden Anbieter für Data Labeling und Annotation im europäischen Raum. Mit einem Netzwerk von über 250.000 Experten können wir die richtigen Köpfe in unterschiedlichen Bereichen für sämtliche Data-Labeling-Bedarfe stellen.

Unternehmen wie z.B. Mistral AI und mittelständische Firmen bis hin zu Konzernen arbeiten bereits mit uns im Rahmen ihrer KI-Vorhaben (Post- und Pre-Training von Modellen, Data Labeling anhand von Bildern, RLHF etc.) zusammen.

Wenn Sie ebenfalls Bedarfe in diesen Bereichen haben, würden wir uns freuen, wenn wir euch hier supporten könnten.

Ich freue mich auf den weiteren Austausch.

Viele Grüße
[Ihr Name]
PathWize","<p>Hallo Herr Dassler,</p>
<p>wir stehen eng mit dem KI Bundesverband im Austausch und haben dort die Info erhalten, dass wir uns mal bei euch melden sollen, da unser Experten-Netzwerk ggf. spannend für euch sein könnte.</p>
<p>Wir bei <a href=""https://www.gopathwize.com"">PathWize</a> sind einer der führenden Anbieter für Data Labeling und Annotation im europäischen Raum. Mit einem Netzwerk von über 250.000 Experten können wir die richtigen Köpfe in unterschiedlichen Bereichen für sämtliche Data-Labeling-Bedarfe stellen.</p>
<p>Unternehmen wie z.B. Mistral AI und mittelständische Firmen bis hin zu Konzernen arbeiten bereits mit uns im Rahmen ihrer KI-Vorhaben (Post- und Pre-Training von Modellen, Data Labeling anhand von Bildern, RLHF etc.) zusammen.</p>
<p>Wenn Sie ebenfalls Bedarfe in diesen Bereichen haben, würden wir uns freuen, wenn wir euch hier supporten könnten.</p>
<p>Ich freue mich auf den weiteren Austausch.</p>
<p>Viele Grüße<br>[Ihr Name]<br>PathWize</p>","info@korial.com"
"185","engaige GmbH","https://speedie.io/","Ja","Thomas Heißmeyer, Stefan Raab","hello@engaige.tech","funktional","Intro KI Bundesverband - z.Hd. Thomas Heißmeyer - Data Labeling und Annotation für Ihre KI Vorhaben","Hallo Herr Heißmeyer,","Hallo Herr Heißmeyer,

wir stehen eng mit dem KI Bundesverband im Austausch und haben dort die Info erhalten, dass wir uns mal bei euch melden sollen, da unser Experten-Netzwerk ggf. spannend für euch sein könnte.

Wir bei PathWize sind einer der führenden Anbieter für Data Labeling und Annotation im europäischen Raum. Mit einem Netzwerk von über 250.000 Experten können wir die richtigen Köpfe in unterschiedlichen Bereichen für sämtliche Data-Labeling-Bedarfe stellen.

Unternehmen wie z.B. Mistral AI und mittelständische Firmen bis hin zu Konzernen arbeiten bereits mit uns im Rahmen ihrer KI-Vorhaben (Post- und Pre-Training von Modellen, Data Labeling anhand von Bildern, RLHF etc.) zusammen.

Wenn Sie ebenfalls Bedarfe in diesen Bereichen haben, würden wir uns freuen, wenn wir euch hier supporten könnten.

Ich freue mich auf den weiteren Austausch.

Viele Grüße
[Ihr Name]
PathWize","<p>Hallo Herr Heißmeyer,</p>
<p>wir stehen eng mit dem KI Bundesverband im Austausch und haben dort die Info erhalten, dass wir uns mal bei euch melden sollen, da unser Experten-Netzwerk ggf. spannend für euch sein könnte.</p>
<p>Wir bei <a href=""https://www.gopathwize.com"">PathWize</a> sind einer der führenden Anbieter für Data Labeling und Annotation im europäischen Raum. Mit einem Netzwerk von über 250.000 Experten können wir die richtigen Köpfe in unterschiedlichen Bereichen für sämtliche Data-Labeling-Bedarfe stellen.</p>
<p>Unternehmen wie z.B. Mistral AI und mittelständische Firmen bis hin zu Konzernen arbeiten bereits mit uns im Rahmen ihrer KI-Vorhaben (Post- und Pre-Training von Modellen, Data Labeling anhand von Bildern, RLHF etc.) zusammen.</p>
<p>Wenn Sie ebenfalls Bedarfe in diesen Bereichen haben, würden wir uns freuen, wenn wir euch hier supporten könnten.</p>
<p>Ich freue mich auf den weiteren Austausch.</p>
<p>Viele Grüße<br>[Ihr Name]<br>PathWize</p>","hello@engaige.tech"
"186","engenious GmbH","https://engenious.de/","Vielleicht","Dipl.-Ing. Andreas Sommer","info@engenious.de","funktional","Intro KI Bundesverband - z.Hd. Andreas Sommer - Data Labeling und Annotation für Ihre KI Vorhaben","Hallo Herr Dipl.-Ing. Sommer,","Hallo Herr Dipl.-Ing. Sommer,

wir stehen eng mit dem KI Bundesverband im Austausch und haben dort die Info erhalten, dass wir uns mal bei euch melden sollen, da unser Experten-Netzwerk ggf. spannend für euch sein könnte.

Wir bei PathWize sind einer der führenden Anbieter für Data Labeling und Annotation im europäischen Raum. Mit einem Netzwerk von über 250.000 Experten können wir die richtigen Köpfe in unterschiedlichen Bereichen für sämtliche Data-Labeling-Bedarfe stellen.

Unternehmen wie z.B. Mistral AI und mittelständische Firmen bis hin zu Konzernen arbeiten bereits mit uns im Rahmen ihrer KI-Vorhaben (Post- und Pre-Training von Modellen, Data Labeling anhand von Bildern, RLHF etc.) zusammen.

Wenn Sie ebenfalls Bedarfe in diesen Bereichen haben, würden wir uns freuen, wenn wir euch hier supporten könnten.

Ich freue mich auf den weiteren Austausch.

Viele Grüße
[Ihr Name]
PathWize","<p>Hallo Herr Dipl.-Ing. Sommer,</p>
<p>wir stehen eng mit dem KI Bundesverband im Austausch und haben dort die Info erhalten, dass wir uns mal bei euch melden sollen, da unser Experten-Netzwerk ggf. spannend für euch sein könnte.</p>
<p>Wir bei <a href=""https://www.gopathwize.com"">PathWize</a> sind einer der führenden Anbieter für Data Labeling und Annotation im europäischen Raum. Mit einem Netzwerk von über 250.000 Experten können wir die richtigen Köpfe in unterschiedlichen Bereichen für sämtliche Data-Labeling-Bedarfe stellen.</p>
<p>Unternehmen wie z.B. Mistral AI und mittelständische Firmen bis hin zu Konzernen arbeiten bereits mit uns im Rahmen ihrer KI-Vorhaben (Post- und Pre-Training von Modellen, Data Labeling anhand von Bildern, RLHF etc.) zusammen.</p>
<p>Wenn Sie ebenfalls Bedarfe in diesen Bereichen haben, würden wir uns freuen, wenn wir euch hier supporten könnten.</p>
<p>Ich freue mich auf den weiteren Austausch.</p>
<p>Viele Grüße<br>[Ihr Name]<br>PathWize</p>","info@engenious.de"
"187","ennoia GmbH","https://ennoia.ai/","Vielleicht","Michael Pütz","info@ennoia.ai","funktional","Intro KI Bundesverband - z.Hd. Michael Pütz - Data Labeling und Annotation für Ihre KI Vorhaben","Hallo Herr Pütz,","Hallo Herr Pütz,

wir stehen eng mit dem KI Bundesverband im Austausch und haben dort die Info erhalten, dass wir uns mal bei euch melden sollen, da unser Experten-Netzwerk ggf. spannend für euch sein könnte.

Wir bei PathWize sind einer der führenden Anbieter für Data Labeling und Annotation im europäischen Raum. Mit einem Netzwerk von über 250.000 Experten können wir die richtigen Köpfe in unterschiedlichen Bereichen für sämtliche Data-Labeling-Bedarfe stellen.

Unternehmen wie z.B. Mistral AI und mittelständische Firmen bis hin zu Konzernen arbeiten bereits mit uns im Rahmen ihrer KI-Vorhaben (Post- und Pre-Training von Modellen, Data Labeling anhand von Bildern, RLHF etc.) zusammen.

Wenn Sie ebenfalls Bedarfe in diesen Bereichen haben, würden wir uns freuen, wenn wir euch hier supporten könnten.

Ich freue mich auf den weiteren Austausch.

Viele Grüße
[Ihr Name]
PathWize","<p>Hallo Herr Pütz,</p>
<p>wir stehen eng mit dem KI Bundesverband im Austausch und haben dort die Info erhalten, dass wir uns mal bei euch melden sollen, da unser Experten-Netzwerk ggf. spannend für euch sein könnte.</p>
<p>Wir bei <a href=""https://www.gopathwize.com"">PathWize</a> sind einer der führenden Anbieter für Data Labeling und Annotation im europäischen Raum. Mit einem Netzwerk von über 250.000 Experten können wir die richtigen Köpfe in unterschiedlichen Bereichen für sämtliche Data-Labeling-Bedarfe stellen.</p>
<p>Unternehmen wie z.B. Mistral AI und mittelständische Firmen bis hin zu Konzernen arbeiten bereits mit uns im Rahmen ihrer KI-Vorhaben (Post- und Pre-Training von Modellen, Data Labeling anhand von Bildern, RLHF etc.) zusammen.</p>
<p>Wenn Sie ebenfalls Bedarfe in diesen Bereichen haben, würden wir uns freuen, wenn wir euch hier supporten könnten.</p>
<p>Ich freue mich auf den weiteren Austausch.</p>
<p>Viele Grüße<br>[Ihr Name]<br>PathWize</p>","info@ennoia.ai"
"188","enter ai UG (haftungsbeschränkt)","https://www.enter-ai.de/","Vielleicht","Philip Fürst (Vertretungsberechtigter)","info@enter-ai.de","funktional","Intro KI Bundesverband - z.Hd. Philip Fürst - Data Labeling und Annotation für Ihre KI Vorhaben","Hallo Herr Fürst,","Hallo Herr Fürst,

wir stehen eng mit dem KI Bundesverband im Austausch und haben dort die Info erhalten, dass wir uns mal bei euch melden sollen, da unser Experten-Netzwerk ggf. spannend für euch sein könnte.

Wir bei PathWize sind einer der führenden Anbieter für Data Labeling und Annotation im europäischen Raum. Mit einem Netzwerk von über 250.000 Experten können wir die richtigen Köpfe in unterschiedlichen Bereichen für sämtliche Data-Labeling-Bedarfe stellen.

Unternehmen wie z.B. Mistral AI und mittelständische Firmen bis hin zu Konzernen arbeiten bereits mit uns im Rahmen ihrer KI-Vorhaben (Post- und Pre-Training von Modellen, Data Labeling anhand von Bildern, RLHF etc.) zusammen.

Wenn Sie ebenfalls Bedarfe in diesen Bereichen haben, würden wir uns freuen, wenn wir euch hier supporten könnten.

Ich freue mich auf den weiteren Austausch.

Viele Grüße
[Ihr Name]
PathWize","<p>Hallo Herr Fürst,</p>
<p>wir stehen eng mit dem KI Bundesverband im Austausch und haben dort die Info erhalten, dass wir uns mal bei euch melden sollen, da unser Experten-Netzwerk ggf. spannend für euch sein könnte.</p>
<p>Wir bei <a href=""https://www.gopathwize.com"">PathWize</a> sind einer der führenden Anbieter für Data Labeling und Annotation im europäischen Raum. Mit einem Netzwerk von über 250.000 Experten können wir die richtigen Köpfe in unterschiedlichen Bereichen für sämtliche Data-Labeling-Bedarfe stellen.</p>
<p>Unternehmen wie z.B. Mistral AI und mittelständische Firmen bis hin zu Konzernen arbeiten bereits mit uns im Rahmen ihrer KI-Vorhaben (Post- und Pre-Training von Modellen, Data Labeling anhand von Bildern, RLHF etc.) zusammen.</p>
<p>Wenn Sie ebenfalls Bedarfe in diesen Bereichen haben, würden wir uns freuen, wenn wir euch hier supporten könnten.</p>
<p>Ich freue mich auf den weiteren Austausch.</p>
<p>Viele Grüße<br>[Ihr Name]<br>PathWize</p>","info@enter-ai.de"
"189","eoda GmbH","https://www.eoda.de/","Vielleicht","Oliver Bracht","info@eoda.de","funktional","Intro KI Bundesverband - z.Hd. Oliver Bracht - Data Labeling und Annotation für Ihre KI Vorhaben","Hallo Herr Bracht,","Hallo Herr Bracht,

wir stehen eng mit dem KI Bundesverband im Austausch und haben dort die Info erhalten, dass wir uns mal bei euch melden sollen, da unser Experten-Netzwerk ggf. spannend für euch sein könnte.

Wir bei PathWize sind einer der führenden Anbieter für Data Labeling und Annotation im europäischen Raum. Mit einem Netzwerk von über 250.000 Experten können wir die richtigen Köpfe in unterschiedlichen Bereichen für sämtliche Data-Labeling-Bedarfe stellen.

Unternehmen wie z.B. Mistral AI und mittelständische Firmen bis hin zu Konzernen arbeiten bereits mit uns im Rahmen ihrer KI-Vorhaben (Post- und Pre-Training von Modellen, Data Labeling anhand von Bildern, RLHF etc.) zusammen.

Wenn Sie ebenfalls Bedarfe in diesen Bereichen haben, würden wir uns freuen, wenn wir euch hier supporten könnten.

Ich freue mich auf den weiteren Austausch.

Viele Grüße
[Ihr Name]
PathWize","<p>Hallo Herr Bracht,</p>
<p>wir stehen eng mit dem KI Bundesverband im Austausch und haben dort die Info erhalten, dass wir uns mal bei euch melden sollen, da unser Experten-Netzwerk ggf. spannend für euch sein könnte.</p>
<p>Wir bei <a href=""https://www.gopathwize.com"">PathWize</a> sind einer der führenden Anbieter für Data Labeling und Annotation im europäischen Raum. Mit einem Netzwerk von über 250.000 Experten können wir die richtigen Köpfe in unterschiedlichen Bereichen für sämtliche Data-Labeling-Bedarfe stellen.</p>
<p>Unternehmen wie z.B. Mistral AI und mittelständische Firmen bis hin zu Konzernen arbeiten bereits mit uns im Rahmen ihrer KI-Vorhaben (Post- und Pre-Training von Modellen, Data Labeling anhand von Bildern, RLHF etc.) zusammen.</p>
<p>Wenn Sie ebenfalls Bedarfe in diesen Bereichen haben, würden wir uns freuen, wenn wir euch hier supporten könnten.</p>
<p>Ich freue mich auf den weiteren Austausch.</p>
<p>Viele Grüße<br>[Ihr Name]<br>PathWize</p>","info@eoda.de"
"190","Eraneos Analytics Germany GmbH (Ginkgo Analytics)","https://www.ginkgo-analytics.com/","Vielleicht","Steffen Maas (Ginkgo Analytics GmbH); Claudia Schulze (bestellt 2024, Eraneos Analytics Germany GmbH)","","keine Mail gefunden","Intro KI Bundesverband - z.Hd. Steffen Maas - Data Labeling und Annotation für Ihre KI Vorhaben","Hallo Herr Maas,","Hallo Herr Maas,

wir stehen eng mit dem KI Bundesverband im Austausch und haben dort die Info erhalten, dass wir uns mal bei euch melden sollen, da unser Experten-Netzwerk ggf. spannend für euch sein könnte.

Wir bei PathWize sind einer der führenden Anbieter für Data Labeling und Annotation im europäischen Raum. Mit einem Netzwerk von über 250.000 Experten können wir die richtigen Köpfe in unterschiedlichen Bereichen für sämtliche Data-Labeling-Bedarfe stellen.

Unternehmen wie z.B. Mistral AI und mittelständische Firmen bis hin zu Konzernen arbeiten bereits mit uns im Rahmen ihrer KI-Vorhaben (Post- und Pre-Training von Modellen, Data Labeling anhand von Bildern, RLHF etc.) zusammen.

Wenn Sie ebenfalls Bedarfe in diesen Bereichen haben, würden wir uns freuen, wenn wir euch hier supporten könnten.

Ich freue mich auf den weiteren Austausch.

Viele Grüße
[Ihr Name]
PathWize","<p>Hallo Herr Maas,</p>
<p>wir stehen eng mit dem KI Bundesverband im Austausch und haben dort die Info erhalten, dass wir uns mal bei euch melden sollen, da unser Experten-Netzwerk ggf. spannend für euch sein könnte.</p>
<p>Wir bei <a href=""https://www.gopathwize.com"">PathWize</a> sind einer der führenden Anbieter für Data Labeling und Annotation im europäischen Raum. Mit einem Netzwerk von über 250.000 Experten können wir die richtigen Köpfe in unterschiedlichen Bereichen für sämtliche Data-Labeling-Bedarfe stellen.</p>
<p>Unternehmen wie z.B. Mistral AI und mittelständische Firmen bis hin zu Konzernen arbeiten bereits mit uns im Rahmen ihrer KI-Vorhaben (Post- und Pre-Training von Modellen, Data Labeling anhand von Bildern, RLHF etc.) zusammen.</p>
<p>Wenn Sie ebenfalls Bedarfe in diesen Bereichen haben, würden wir uns freuen, wenn wir euch hier supporten könnten.</p>
<p>Ich freue mich auf den weiteren Austausch.</p>
<p>Viele Grüße<br>[Ihr Name]<br>PathWize</p>",""
"191","Erium GmbH","https://erium.de/","Vielleicht","Dr. Maksim Greiner, Dr. Theo Steininger","info@erium.de","funktional","Intro KI Bundesverband - z.Hd. Maksim Greiner - Data Labeling und Annotation für Ihre KI Vorhaben","Hallo Herr Dr. Greiner,","Hallo Herr Dr. Greiner,

wir stehen eng mit dem KI Bundesverband im Austausch und haben dort die Info erhalten, dass wir uns mal bei euch melden sollen, da unser Experten-Netzwerk ggf. spannend für euch sein könnte.

Wir bei PathWize sind einer der führenden Anbieter für Data Labeling und Annotation im europäischen Raum. Mit einem Netzwerk von über 250.000 Experten können wir die richtigen Köpfe in unterschiedlichen Bereichen für sämtliche Data-Labeling-Bedarfe stellen.

Unternehmen wie z.B. Mistral AI und mittelständische Firmen bis hin zu Konzernen arbeiten bereits mit uns im Rahmen ihrer KI-Vorhaben (Post- und Pre-Training von Modellen, Data Labeling anhand von Bildern, RLHF etc.) zusammen.

Wenn Sie ebenfalls Bedarfe in diesen Bereichen haben, würden wir uns freuen, wenn wir euch hier supporten könnten.

Ich freue mich auf den weiteren Austausch.

Viele Grüße
[Ihr Name]
PathWize","<p>Hallo Herr Dr. Greiner,</p>
<p>wir stehen eng mit dem KI Bundesverband im Austausch und haben dort die Info erhalten, dass wir uns mal bei euch melden sollen, da unser Experten-Netzwerk ggf. spannend für euch sein könnte.</p>
<p>Wir bei <a href=""https://www.gopathwize.com"">PathWize</a> sind einer der führenden Anbieter für Data Labeling und Annotation im europäischen Raum. Mit einem Netzwerk von über 250.000 Experten können wir die richtigen Köpfe in unterschiedlichen Bereichen für sämtliche Data-Labeling-Bedarfe stellen.</p>
<p>Unternehmen wie z.B. Mistral AI und mittelständische Firmen bis hin zu Konzernen arbeiten bereits mit uns im Rahmen ihrer KI-Vorhaben (Post- und Pre-Training von Modellen, Data Labeling anhand von Bildern, RLHF etc.) zusammen.</p>
<p>Wenn Sie ebenfalls Bedarfe in diesen Bereichen haben, würden wir uns freuen, wenn wir euch hier supporten könnten.</p>
<p>Ich freue mich auf den weiteren Austausch.</p>
<p>Viele Grüße<br>[Ihr Name]<br>PathWize</p>","info@erium.de"
"192","EU-Rechnung","https://www.eu-rechnung.de/","Vielleicht","Nico Weinreich (Inhaber, net advisor)","info@eu-rechnung.de","funktional","Intro KI Bundesverband - z.Hd. Nico Weinreich - Data Labeling und Annotation für Ihre KI Vorhaben","Hallo Herr Weinreich,","Hallo Herr Weinreich,

wir stehen eng mit dem KI Bundesverband im Austausch und haben dort die Info erhalten, dass wir uns mal bei euch melden sollen, da unser Experten-Netzwerk ggf. spannend für euch sein könnte.

Wir bei PathWize sind einer der führenden Anbieter für Data Labeling und Annotation im europäischen Raum. Mit einem Netzwerk von über 250.000 Experten können wir die richtigen Köpfe in unterschiedlichen Bereichen für sämtliche Data-Labeling-Bedarfe stellen.

Unternehmen wie z.B. Mistral AI und mittelständische Firmen bis hin zu Konzernen arbeiten bereits mit uns im Rahmen ihrer KI-Vorhaben (Post- und Pre-Training von Modellen, Data Labeling anhand von Bildern, RLHF etc.) zusammen.

Wenn Sie ebenfalls Bedarfe in diesen Bereichen haben, würden wir uns freuen, wenn wir euch hier supporten könnten.

Ich freue mich auf den weiteren Austausch.

Viele Grüße
[Ihr Name]
PathWize","<p>Hallo Herr Weinreich,</p>
<p>wir stehen eng mit dem KI Bundesverband im Austausch und haben dort die Info erhalten, dass wir uns mal bei euch melden sollen, da unser Experten-Netzwerk ggf. spannend für euch sein könnte.</p>
<p>Wir bei <a href=""https://www.gopathwize.com"">PathWize</a> sind einer der führenden Anbieter für Data Labeling und Annotation im europäischen Raum. Mit einem Netzwerk von über 250.000 Experten können wir die richtigen Köpfe in unterschiedlichen Bereichen für sämtliche Data-Labeling-Bedarfe stellen.</p>
<p>Unternehmen wie z.B. Mistral AI und mittelständische Firmen bis hin zu Konzernen arbeiten bereits mit uns im Rahmen ihrer KI-Vorhaben (Post- und Pre-Training von Modellen, Data Labeling anhand von Bildern, RLHF etc.) zusammen.</p>
<p>Wenn Sie ebenfalls Bedarfe in diesen Bereichen haben, würden wir uns freuen, wenn wir euch hier supporten könnten.</p>
<p>Ich freue mich auf den weiteren Austausch.</p>
<p>Viele Grüße<br>[Ihr Name]<br>PathWize</p>","info@eu-rechnung.de"
"193","Eucon GmbH","https://www.eucon.com/","Vielleicht","Régis Sandrin-Guillon, Natalie Jupe","info@eucon.com","funktional","Intro KI Bundesverband - z.Hd. Régis Sandrin-Guillon - Data Labeling und Annotation für Ihre KI Vorhaben","Hallo Herr Sandrin-Guillon,","Hallo Herr Sandrin-Guillon,

wir stehen eng mit dem KI Bundesverband im Austausch und haben dort die Info erhalten, dass wir uns mal bei euch melden sollen, da unser Experten-Netzwerk ggf. spannend für euch sein könnte.

Wir bei PathWize sind einer der führenden Anbieter für Data Labeling und Annotation im europäischen Raum. Mit einem Netzwerk von über 250.000 Experten können wir die richtigen Köpfe in unterschiedlichen Bereichen für sämtliche Data-Labeling-Bedarfe stellen.

Unternehmen wie z.B. Mistral AI und mittelständische Firmen bis hin zu Konzernen arbeiten bereits mit uns im Rahmen ihrer KI-Vorhaben (Post- und Pre-Training von Modellen, Data Labeling anhand von Bildern, RLHF etc.) zusammen.

Wenn Sie ebenfalls Bedarfe in diesen Bereichen haben, würden wir uns freuen, wenn wir euch hier supporten könnten.

Ich freue mich auf den weiteren Austausch.

Viele Grüße
[Ihr Name]
PathWize","<p>Hallo Herr Sandrin-Guillon,</p>
<p>wir stehen eng mit dem KI Bundesverband im Austausch und haben dort die Info erhalten, dass wir uns mal bei euch melden sollen, da unser Experten-Netzwerk ggf. spannend für euch sein könnte.</p>
<p>Wir bei <a href=""https://www.gopathwize.com"">PathWize</a> sind einer der führenden Anbieter für Data Labeling und Annotation im europäischen Raum. Mit einem Netzwerk von über 250.000 Experten können wir die richtigen Köpfe in unterschiedlichen Bereichen für sämtliche Data-Labeling-Bedarfe stellen.</p>
<p>Unternehmen wie z.B. Mistral AI und mittelständische Firmen bis hin zu Konzernen arbeiten bereits mit uns im Rahmen ihrer KI-Vorhaben (Post- und Pre-Training von Modellen, Data Labeling anhand von Bildern, RLHF etc.) zusammen.</p>
<p>Wenn Sie ebenfalls Bedarfe in diesen Bereichen haben, würden wir uns freuen, wenn wir euch hier supporten könnten.</p>
<p>Ich freue mich auf den weiteren Austausch.</p>
<p>Viele Grüße<br>[Ihr Name]<br>PathWize</p>","info@eucon.com; us.info@eucon.com; cn.info@eucon.com; marketing.automotive@infopro-digital.com"
"194","EVACO GmbH","https://www.evaco.de/","Vielleicht","Alexander Willinek, Jens Merget","info@evaco.de","funktional","Intro KI Bundesverband - z.Hd. Alexander Willinek - Data Labeling und Annotation für Ihre KI Vorhaben","Hallo Herr Willinek,","Hallo Herr Willinek,

wir stehen eng mit dem KI Bundesverband im Austausch und haben dort die Info erhalten, dass wir uns mal bei euch melden sollen, da unser Experten-Netzwerk ggf. spannend für euch sein könnte.

Wir bei PathWize sind einer der führenden Anbieter für Data Labeling und Annotation im europäischen Raum. Mit einem Netzwerk von über 250.000 Experten können wir die richtigen Köpfe in unterschiedlichen Bereichen für sämtliche Data-Labeling-Bedarfe stellen.

Unternehmen wie z.B. Mistral AI und mittelständische Firmen bis hin zu Konzernen arbeiten bereits mit uns im Rahmen ihrer KI-Vorhaben (Post- und Pre-Training von Modellen, Data Labeling anhand von Bildern, RLHF etc.) zusammen.

Wenn Sie ebenfalls Bedarfe in diesen Bereichen haben, würden wir uns freuen, wenn wir euch hier supporten könnten.

Ich freue mich auf den weiteren Austausch.

Viele Grüße
[Ihr Name]
PathWize","<p>Hallo Herr Willinek,</p>
<p>wir stehen eng mit dem KI Bundesverband im Austausch und haben dort die Info erhalten, dass wir uns mal bei euch melden sollen, da unser Experten-Netzwerk ggf. spannend für euch sein könnte.</p>
<p>Wir bei <a href=""https://www.gopathwize.com"">PathWize</a> sind einer der führenden Anbieter für Data Labeling und Annotation im europäischen Raum. Mit einem Netzwerk von über 250.000 Experten können wir die richtigen Köpfe in unterschiedlichen Bereichen für sämtliche Data-Labeling-Bedarfe stellen.</p>
<p>Unternehmen wie z.B. Mistral AI und mittelständische Firmen bis hin zu Konzernen arbeiten bereits mit uns im Rahmen ihrer KI-Vorhaben (Post- und Pre-Training von Modellen, Data Labeling anhand von Bildern, RLHF etc.) zusammen.</p>
<p>Wenn Sie ebenfalls Bedarfe in diesen Bereichen haben, würden wir uns freuen, wenn wir euch hier supporten könnten.</p>
<p>Ich freue mich auf den weiteren Austausch.</p>
<p>Viele Grüße<br>[Ihr Name]<br>PathWize</p>","info@evaco.de"
"195","evival Technologies GmbH","https://evival.net/","Vielleicht","Alexander Gehring (Inhaber/Geschäftsführer)","info@evival.net","funktional","Intro KI Bundesverband - z.Hd. Alexander Gehring - Data Labeling und Annotation für Ihre KI Vorhaben","Hallo Herr Gehring,","Hallo Herr Gehring,

wir stehen eng mit dem KI Bundesverband im Austausch und haben dort die Info erhalten, dass wir uns mal bei euch melden sollen, da unser Experten-Netzwerk ggf. spannend für euch sein könnte.

Wir bei PathWize sind einer der führenden Anbieter für Data Labeling und Annotation im europäischen Raum. Mit einem Netzwerk von über 250.000 Experten können wir die richtigen Köpfe in unterschiedlichen Bereichen für sämtliche Data-Labeling-Bedarfe stellen.

Unternehmen wie z.B. Mistral AI und mittelständische Firmen bis hin zu Konzernen arbeiten bereits mit uns im Rahmen ihrer KI-Vorhaben (Post- und Pre-Training von Modellen, Data Labeling anhand von Bildern, RLHF etc.) zusammen.

Wenn Sie ebenfalls Bedarfe in diesen Bereichen haben, würden wir uns freuen, wenn wir euch hier supporten könnten.

Ich freue mich auf den weiteren Austausch.

Viele Grüße
[Ihr Name]
PathWize","<p>Hallo Herr Gehring,</p>
<p>wir stehen eng mit dem KI Bundesverband im Austausch und haben dort die Info erhalten, dass wir uns mal bei euch melden sollen, da unser Experten-Netzwerk ggf. spannend für euch sein könnte.</p>
<p>Wir bei <a href=""https://www.gopathwize.com"">PathWize</a> sind einer der führenden Anbieter für Data Labeling und Annotation im europäischen Raum. Mit einem Netzwerk von über 250.000 Experten können wir die richtigen Köpfe in unterschiedlichen Bereichen für sämtliche Data-Labeling-Bedarfe stellen.</p>
<p>Unternehmen wie z.B. Mistral AI und mittelständische Firmen bis hin zu Konzernen arbeiten bereits mit uns im Rahmen ihrer KI-Vorhaben (Post- und Pre-Training von Modellen, Data Labeling anhand von Bildern, RLHF etc.) zusammen.</p>
<p>Wenn Sie ebenfalls Bedarfe in diesen Bereichen haben, würden wir uns freuen, wenn wir euch hier supporten könnten.</p>
<p>Ich freue mich auf den weiteren Austausch.</p>
<p>Viele Grüße<br>[Ihr Name]<br>PathWize</p>","info@evival.net"
"196","evocenta GmbH","https://www.evocenta.com/","Ja","Uwe Kamann","info@evocenta.com","funktional","Intro KI Bundesverband - z.Hd. Uwe Kamann - Data Labeling und Annotation für Ihre KI Vorhaben","Hallo Herr Kamann,","Hallo Herr Kamann,

wir stehen eng mit dem KI Bundesverband im Austausch und haben dort die Info erhalten, dass wir uns mal bei euch melden sollen, da unser Experten-Netzwerk ggf. spannend für euch sein könnte.

Wir bei PathWize sind einer der führenden Anbieter für Data Labeling und Annotation im europäischen Raum. Mit einem Netzwerk von über 250.000 Experten können wir die richtigen Köpfe in unterschiedlichen Bereichen für sämtliche Data-Labeling-Bedarfe stellen.

Unternehmen wie z.B. Mistral AI und mittelständische Firmen bis hin zu Konzernen arbeiten bereits mit uns im Rahmen ihrer KI-Vorhaben (Post- und Pre-Training von Modellen, Data Labeling anhand von Bildern, RLHF etc.) zusammen.

Wenn Sie ebenfalls Bedarfe in diesen Bereichen haben, würden wir uns freuen, wenn wir euch hier supporten könnten.

Ich freue mich auf den weiteren Austausch.

Viele Grüße
[Ihr Name]
PathWize","<p>Hallo Herr Kamann,</p>
<p>wir stehen eng mit dem KI Bundesverband im Austausch und haben dort die Info erhalten, dass wir uns mal bei euch melden sollen, da unser Experten-Netzwerk ggf. spannend für euch sein könnte.</p>
<p>Wir bei <a href=""https://www.gopathwize.com"">PathWize</a> sind einer der führenden Anbieter für Data Labeling und Annotation im europäischen Raum. Mit einem Netzwerk von über 250.000 Experten können wir die richtigen Köpfe in unterschiedlichen Bereichen für sämtliche Data-Labeling-Bedarfe stellen.</p>
<p>Unternehmen wie z.B. Mistral AI und mittelständische Firmen bis hin zu Konzernen arbeiten bereits mit uns im Rahmen ihrer KI-Vorhaben (Post- und Pre-Training von Modellen, Data Labeling anhand von Bildern, RLHF etc.) zusammen.</p>
<p>Wenn Sie ebenfalls Bedarfe in diesen Bereichen haben, würden wir uns freuen, wenn wir euch hier supporten könnten.</p>
<p>Ich freue mich auf den weiteren Austausch.</p>
<p>Viele Grüße<br>[Ihr Name]<br>PathWize</p>","info@evocenta.com"
"198","ExB Labs GmbH","https://www.exb.de/","Ja","Dr. Ramin Assadollahi, Tobias Brix","contact@exb.de","funktional","Intro KI Bundesverband - z.Hd. Ramin Assadollahi - Data Labeling und Annotation für Ihre KI Vorhaben","Hallo Herr Dr. Assadollahi,","Hallo Herr Dr. Assadollahi,

wir stehen eng mit dem KI Bundesverband im Austausch und haben dort die Info erhalten, dass wir uns mal bei euch melden sollen, da unser Experten-Netzwerk ggf. spannend für euch sein könnte.

Wir bei PathWize sind einer der führenden Anbieter für Data Labeling und Annotation im europäischen Raum. Mit einem Netzwerk von über 250.000 Experten können wir die richtigen Köpfe in unterschiedlichen Bereichen für sämtliche Data-Labeling-Bedarfe stellen.

Unternehmen wie z.B. Mistral AI und mittelständische Firmen bis hin zu Konzernen arbeiten bereits mit uns im Rahmen ihrer KI-Vorhaben (Post- und Pre-Training von Modellen, Data Labeling anhand von Bildern, RLHF etc.) zusammen.

Wenn Sie ebenfalls Bedarfe in diesen Bereichen haben, würden wir uns freuen, wenn wir euch hier supporten könnten.

Ich freue mich auf den weiteren Austausch.

Viele Grüße
[Ihr Name]
PathWize","<p>Hallo Herr Dr. Assadollahi,</p>
<p>wir stehen eng mit dem KI Bundesverband im Austausch und haben dort die Info erhalten, dass wir uns mal bei euch melden sollen, da unser Experten-Netzwerk ggf. spannend für euch sein könnte.</p>
<p>Wir bei <a href=""https://www.gopathwize.com"">PathWize</a> sind einer der führenden Anbieter für Data Labeling und Annotation im europäischen Raum. Mit einem Netzwerk von über 250.000 Experten können wir die richtigen Köpfe in unterschiedlichen Bereichen für sämtliche Data-Labeling-Bedarfe stellen.</p>
<p>Unternehmen wie z.B. Mistral AI und mittelständische Firmen bis hin zu Konzernen arbeiten bereits mit uns im Rahmen ihrer KI-Vorhaben (Post- und Pre-Training von Modellen, Data Labeling anhand von Bildern, RLHF etc.) zusammen.</p>
<p>Wenn Sie ebenfalls Bedarfe in diesen Bereichen haben, würden wir uns freuen, wenn wir euch hier supporten könnten.</p>
<p>Ich freue mich auf den weiteren Austausch.</p>
<p>Viele Grüße<br>[Ihr Name]<br>PathWize</p>","contact@exb.de; dpo@exb.de"
"199","Exelentic GmbH","https://www.exelentic.com/","Vielleicht","Robert Sevecke","info@exelentic.com","funktional","Intro KI Bundesverband - z.Hd. Robert Sevecke - Data Labeling und Annotation für Ihre KI Vorhaben","Hallo Herr Sevecke,","Hallo Herr Sevecke,

wir stehen eng mit dem KI Bundesverband im Austausch und haben dort die Info erhalten, dass wir uns mal bei euch melden sollen, da unser Experten-Netzwerk ggf. spannend für euch sein könnte.

Wir bei PathWize sind einer der führenden Anbieter für Data Labeling und Annotation im europäischen Raum. Mit einem Netzwerk von über 250.000 Experten können wir die richtigen Köpfe in unterschiedlichen Bereichen für sämtliche Data-Labeling-Bedarfe stellen.

Unternehmen wie z.B. Mistral AI und mittelständische Firmen bis hin zu Konzernen arbeiten bereits mit uns im Rahmen ihrer KI-Vorhaben (Post- und Pre-Training von Modellen, Data Labeling anhand von Bildern, RLHF etc.) zusammen.

Wenn Sie ebenfalls Bedarfe in diesen Bereichen haben, würden wir uns freuen, wenn wir euch hier supporten könnten.

Ich freue mich auf den weiteren Austausch.

Viele Grüße
[Ihr Name]
PathWize","<p>Hallo Herr Sevecke,</p>
<p>wir stehen eng mit dem KI Bundesverband im Austausch und haben dort die Info erhalten, dass wir uns mal bei euch melden sollen, da unser Experten-Netzwerk ggf. spannend für euch sein könnte.</p>
<p>Wir bei <a href=""https://www.gopathwize.com"">PathWize</a> sind einer der führenden Anbieter für Data Labeling und Annotation im europäischen Raum. Mit einem Netzwerk von über 250.000 Experten können wir die richtigen Köpfe in unterschiedlichen Bereichen für sämtliche Data-Labeling-Bedarfe stellen.</p>
<p>Unternehmen wie z.B. Mistral AI und mittelständische Firmen bis hin zu Konzernen arbeiten bereits mit uns im Rahmen ihrer KI-Vorhaben (Post- und Pre-Training von Modellen, Data Labeling anhand von Bildern, RLHF etc.) zusammen.</p>
<p>Wenn Sie ebenfalls Bedarfe in diesen Bereichen haben, würden wir uns freuen, wenn wir euch hier supporten könnten.</p>
<p>Ich freue mich auf den weiteren Austausch.</p>
<p>Viele Grüße<br>[Ihr Name]<br>PathWize</p>","info@exelentic.com"
"200","exorbyte GmbH","https://www.exorbyte.com/","Vielleicht","","office@exorbyte.com","funktional","Intro KI Bundesverband - Data Labeling und Annotation für Ihre KI Vorhaben","Guten Tag,","Guten Tag,

wir stehen eng mit dem KI Bundesverband im Austausch und haben dort die Info erhalten, dass wir uns mal bei euch melden sollen, da unser Experten-Netzwerk ggf. spannend für euch sein könnte.

Wir bei PathWize sind einer der führenden Anbieter für Data Labeling und Annotation im europäischen Raum. Mit einem Netzwerk von über 250.000 Experten können wir die richtigen Köpfe in unterschiedlichen Bereichen für sämtliche Data-Labeling-Bedarfe stellen.

Unternehmen wie z.B. Mistral AI und mittelständische Firmen bis hin zu Konzernen arbeiten bereits mit uns im Rahmen ihrer KI-Vorhaben (Post- und Pre-Training von Modellen, Data Labeling anhand von Bildern, RLHF etc.) zusammen.

Wenn Sie ebenfalls Bedarfe in diesen Bereichen haben, würden wir uns freuen, wenn wir euch hier supporten könnten.

Ich freue mich auf den weiteren Austausch.

Viele Grüße
[Ihr Name]
PathWize","<p>Guten Tag,</p>
<p>wir stehen eng mit dem KI Bundesverband im Austausch und haben dort die Info erhalten, dass wir uns mal bei euch melden sollen, da unser Experten-Netzwerk ggf. spannend für euch sein könnte.</p>
<p>Wir bei <a href=""https://www.gopathwize.com"">PathWize</a> sind einer der führenden Anbieter für Data Labeling und Annotation im europäischen Raum. Mit einem Netzwerk von über 250.000 Experten können wir die richtigen Köpfe in unterschiedlichen Bereichen für sämtliche Data-Labeling-Bedarfe stellen.</p>
<p>Unternehmen wie z.B. Mistral AI und mittelständische Firmen bis hin zu Konzernen arbeiten bereits mit uns im Rahmen ihrer KI-Vorhaben (Post- und Pre-Training von Modellen, Data Labeling anhand von Bildern, RLHF etc.) zusammen.</p>
<p>Wenn Sie ebenfalls Bedarfe in diesen Bereichen haben, würden wir uns freuen, wenn wir euch hier supporten könnten.</p>
<p>Ich freue mich auf den weiteren Austausch.</p>
<p>Viele Grüße<br>[Ihr Name]<br>PathWize</p>","office@exorbyte.com"
"201","Explorate AI GmbH","http://www.explorate.ai/","Vielleicht","Prof. Dr. Stephan Matzka, Felix Wendler","welcome@explorate.ai","funktional","Intro KI Bundesverband - z.Hd. Stephan Matzka - Data Labeling und Annotation für Ihre KI Vorhaben","Hallo Herr Prof. Dr. Matzka,","Hallo Herr Prof. Dr. Matzka,

wir stehen eng mit dem KI Bundesverband im Austausch und haben dort die Info erhalten, dass wir uns mal bei euch melden sollen, da unser Experten-Netzwerk ggf. spannend für euch sein könnte.

Wir bei PathWize sind einer der führenden Anbieter für Data Labeling und Annotation im europäischen Raum. Mit einem Netzwerk von über 250.000 Experten können wir die richtigen Köpfe in unterschiedlichen Bereichen für sämtliche Data-Labeling-Bedarfe stellen.

Unternehmen wie z.B. Mistral AI und mittelständische Firmen bis hin zu Konzernen arbeiten bereits mit uns im Rahmen ihrer KI-Vorhaben (Post- und Pre-Training von Modellen, Data Labeling anhand von Bildern, RLHF etc.) zusammen.

Wenn Sie ebenfalls Bedarfe in diesen Bereichen haben, würden wir uns freuen, wenn wir euch hier supporten könnten.

Ich freue mich auf den weiteren Austausch.

Viele Grüße
[Ihr Name]
PathWize","<p>Hallo Herr Prof. Dr. Matzka,</p>
<p>wir stehen eng mit dem KI Bundesverband im Austausch und haben dort die Info erhalten, dass wir uns mal bei euch melden sollen, da unser Experten-Netzwerk ggf. spannend für euch sein könnte.</p>
<p>Wir bei <a href=""https://www.gopathwize.com"">PathWize</a> sind einer der führenden Anbieter für Data Labeling und Annotation im europäischen Raum. Mit einem Netzwerk von über 250.000 Experten können wir die richtigen Köpfe in unterschiedlichen Bereichen für sämtliche Data-Labeling-Bedarfe stellen.</p>
<p>Unternehmen wie z.B. Mistral AI und mittelständische Firmen bis hin zu Konzernen arbeiten bereits mit uns im Rahmen ihrer KI-Vorhaben (Post- und Pre-Training von Modellen, Data Labeling anhand von Bildern, RLHF etc.) zusammen.</p>
<p>Wenn Sie ebenfalls Bedarfe in diesen Bereichen haben, würden wir uns freuen, wenn wir euch hier supporten könnten.</p>
<p>Ich freue mich auf den weiteren Austausch.</p>
<p>Viele Grüße<br>[Ihr Name]<br>PathWize</p>","welcome@explorate.ai"
"202","Explosion AI","https://explosion.ai/","Ja","Dr. Matthew Honnibal, Ines Montani","contact@explosion.ai","funktional","Intro KI Bundesverband - z.Hd. Matthew Honnibal - Data Labeling und Annotation für Ihre KI Vorhaben","Hallo Herr Dr. Honnibal,","Hallo Herr Dr. Honnibal,

wir stehen eng mit dem KI Bundesverband im Austausch und haben dort die Info erhalten, dass wir uns mal bei euch melden sollen, da unser Experten-Netzwerk ggf. spannend für euch sein könnte.

Wir bei PathWize sind einer der führenden Anbieter für Data Labeling und Annotation im europäischen Raum. Mit einem Netzwerk von über 250.000 Experten können wir die richtigen Köpfe in unterschiedlichen Bereichen für sämtliche Data-Labeling-Bedarfe stellen.

Unternehmen wie z.B. Mistral AI und mittelständische Firmen bis hin zu Konzernen arbeiten bereits mit uns im Rahmen ihrer KI-Vorhaben (Post- und Pre-Training von Modellen, Data Labeling anhand von Bildern, RLHF etc.) zusammen.

Wenn Sie ebenfalls Bedarfe in diesen Bereichen haben, würden wir uns freuen, wenn wir euch hier supporten könnten.

Ich freue mich auf den weiteren Austausch.

Viele Grüße
[Ihr Name]
PathWize","<p>Hallo Herr Dr. Honnibal,</p>
<p>wir stehen eng mit dem KI Bundesverband im Austausch und haben dort die Info erhalten, dass wir uns mal bei euch melden sollen, da unser Experten-Netzwerk ggf. spannend für euch sein könnte.</p>
<p>Wir bei <a href=""https://www.gopathwize.com"">PathWize</a> sind einer der führenden Anbieter für Data Labeling und Annotation im europäischen Raum. Mit einem Netzwerk von über 250.000 Experten können wir die richtigen Köpfe in unterschiedlichen Bereichen für sämtliche Data-Labeling-Bedarfe stellen.</p>
<p>Unternehmen wie z.B. Mistral AI und mittelständische Firmen bis hin zu Konzernen arbeiten bereits mit uns im Rahmen ihrer KI-Vorhaben (Post- und Pre-Training von Modellen, Data Labeling anhand von Bildern, RLHF etc.) zusammen.</p>
<p>Wenn Sie ebenfalls Bedarfe in diesen Bereichen haben, würden wir uns freuen, wenn wir euch hier supporten könnten.</p>
<p>Ich freue mich auf den weiteren Austausch.</p>
<p>Viele Grüße<br>[Ihr Name]<br>PathWize</p>","contact@explosion.ai"
"204","FayoTec GmbH","https://www.fayotec.eu/","Vielleicht","","","keine Mail gefunden","Intro KI Bundesverband - Data Labeling und Annotation für Ihre KI Vorhaben","Guten Tag,","Guten Tag,

wir stehen eng mit dem KI Bundesverband im Austausch und haben dort die Info erhalten, dass wir uns mal bei euch melden sollen, da unser Experten-Netzwerk ggf. spannend für euch sein könnte.

Wir bei PathWize sind einer der führenden Anbieter für Data Labeling und Annotation im europäischen Raum. Mit einem Netzwerk von über 250.000 Experten können wir die richtigen Köpfe in unterschiedlichen Bereichen für sämtliche Data-Labeling-Bedarfe stellen.

Unternehmen wie z.B. Mistral AI und mittelständische Firmen bis hin zu Konzernen arbeiten bereits mit uns im Rahmen ihrer KI-Vorhaben (Post- und Pre-Training von Modellen, Data Labeling anhand von Bildern, RLHF etc.) zusammen.

Wenn Sie ebenfalls Bedarfe in diesen Bereichen haben, würden wir uns freuen, wenn wir euch hier supporten könnten.

Ich freue mich auf den weiteren Austausch.

Viele Grüße
[Ihr Name]
PathWize","<p>Guten Tag,</p>
<p>wir stehen eng mit dem KI Bundesverband im Austausch und haben dort die Info erhalten, dass wir uns mal bei euch melden sollen, da unser Experten-Netzwerk ggf. spannend für euch sein könnte.</p>
<p>Wir bei <a href=""https://www.gopathwize.com"">PathWize</a> sind einer der führenden Anbieter für Data Labeling und Annotation im europäischen Raum. Mit einem Netzwerk von über 250.000 Experten können wir die richtigen Köpfe in unterschiedlichen Bereichen für sämtliche Data-Labeling-Bedarfe stellen.</p>
<p>Unternehmen wie z.B. Mistral AI und mittelständische Firmen bis hin zu Konzernen arbeiten bereits mit uns im Rahmen ihrer KI-Vorhaben (Post- und Pre-Training von Modellen, Data Labeling anhand von Bildern, RLHF etc.) zusammen.</p>
<p>Wenn Sie ebenfalls Bedarfe in diesen Bereichen haben, würden wir uns freuen, wenn wir euch hier supporten könnten.</p>
<p>Ich freue mich auf den weiteren Austausch.</p>
<p>Viele Grüße<br>[Ihr Name]<br>PathWize</p>",""
"205","ferret go GmbH","https://www.ferret-go.com/","Ja","Kevin Kallenbach","support@ferret-go.com","funktional (Mitarbeiter-Mail)","Intro KI Bundesverband - z.Hd. Kevin Kallenbach - Data Labeling und Annotation für Ihre KI Vorhaben","Hallo Herr Kallenbach,","Hallo Herr Kallenbach,

wir stehen eng mit dem KI Bundesverband im Austausch und haben dort die Info erhalten, dass wir uns mal bei euch melden sollen, da unser Experten-Netzwerk ggf. spannend für euch sein könnte.

Wir bei PathWize sind einer der führenden Anbieter für Data Labeling und Annotation im europäischen Raum. Mit einem Netzwerk von über 250.000 Experten können wir die richtigen Köpfe in unterschiedlichen Bereichen für sämtliche Data-Labeling-Bedarfe stellen.

Unternehmen wie z.B. Mistral AI und mittelständische Firmen bis hin zu Konzernen arbeiten bereits mit uns im Rahmen ihrer KI-Vorhaben (Post- und Pre-Training von Modellen, Data Labeling anhand von Bildern, RLHF etc.) zusammen.

Wenn Sie ebenfalls Bedarfe in diesen Bereichen haben, würden wir uns freuen, wenn wir euch hier supporten könnten.

Ich freue mich auf den weiteren Austausch.

Viele Grüße
[Ihr Name]
PathWize","<p>Hallo Herr Kallenbach,</p>
<p>wir stehen eng mit dem KI Bundesverband im Austausch und haben dort die Info erhalten, dass wir uns mal bei euch melden sollen, da unser Experten-Netzwerk ggf. spannend für euch sein könnte.</p>
<p>Wir bei <a href=""https://www.gopathwize.com"">PathWize</a> sind einer der führenden Anbieter für Data Labeling und Annotation im europäischen Raum. Mit einem Netzwerk von über 250.000 Experten können wir die richtigen Köpfe in unterschiedlichen Bereichen für sämtliche Data-Labeling-Bedarfe stellen.</p>
<p>Unternehmen wie z.B. Mistral AI und mittelständische Firmen bis hin zu Konzernen arbeiten bereits mit uns im Rahmen ihrer KI-Vorhaben (Post- und Pre-Training von Modellen, Data Labeling anhand von Bildern, RLHF etc.) zusammen.</p>
<p>Wenn Sie ebenfalls Bedarfe in diesen Bereichen haben, würden wir uns freuen, wenn wir euch hier supporten könnten.</p>
<p>Ich freue mich auf den weiteren Austausch.</p>
<p>Viele Grüße<br>[Ihr Name]<br>PathWize</p>","support@ferret-go.com"
"206","FIASCO GmbH","https://fiasco.de/","Ja","Harun Coşkun, Önder Aslan","info@fiasco.de","funktional","Intro KI Bundesverband - z.Hd. Önder Aslan - Data Labeling und Annotation für Ihre KI Vorhaben","Hallo Önder Aslan,","Hallo Önder Aslan,

wir stehen eng mit dem KI Bundesverband im Austausch und haben dort die Info erhalten, dass wir uns mal bei euch melden sollen, da unser Experten-Netzwerk ggf. spannend für euch sein könnte.

Wir bei PathWize sind einer der führenden Anbieter für Data Labeling und Annotation im europäischen Raum. Mit einem Netzwerk von über 250.000 Experten können wir die richtigen Köpfe in unterschiedlichen Bereichen für sämtliche Data-Labeling-Bedarfe stellen.

Unternehmen wie z.B. Mistral AI und mittelständische Firmen bis hin zu Konzernen arbeiten bereits mit uns im Rahmen ihrer KI-Vorhaben (Post- und Pre-Training von Modellen, Data Labeling anhand von Bildern, RLHF etc.) zusammen.

Wenn Sie ebenfalls Bedarfe in diesen Bereichen haben, würden wir uns freuen, wenn wir euch hier supporten könnten.

Ich freue mich auf den weiteren Austausch.

Viele Grüße
[Ihr Name]
PathWize","<p>Hallo Önder Aslan,</p>
<p>wir stehen eng mit dem KI Bundesverband im Austausch und haben dort die Info erhalten, dass wir uns mal bei euch melden sollen, da unser Experten-Netzwerk ggf. spannend für euch sein könnte.</p>
<p>Wir bei <a href=""https://www.gopathwize.com"">PathWize</a> sind einer der führenden Anbieter für Data Labeling und Annotation im europäischen Raum. Mit einem Netzwerk von über 250.000 Experten können wir die richtigen Köpfe in unterschiedlichen Bereichen für sämtliche Data-Labeling-Bedarfe stellen.</p>
<p>Unternehmen wie z.B. Mistral AI und mittelständische Firmen bis hin zu Konzernen arbeiten bereits mit uns im Rahmen ihrer KI-Vorhaben (Post- und Pre-Training von Modellen, Data Labeling anhand von Bildern, RLHF etc.) zusammen.</p>
<p>Wenn Sie ebenfalls Bedarfe in diesen Bereichen haben, würden wir uns freuen, wenn wir euch hier supporten könnten.</p>
<p>Ich freue mich auf den weiteren Austausch.</p>
<p>Viele Grüße<br>[Ihr Name]<br>PathWize</p>","info@fiasco.de"
"207","finception GmbH","https://finception.de/","Vielleicht","Kevin Schuller","support@finception.de","funktional (Mitarbeiter-Mail)","Intro KI Bundesverband - z.Hd. Kevin Schuller - Data Labeling und Annotation für Ihre KI Vorhaben","Hallo Herr Schuller,","Hallo Herr Schuller,

wir stehen eng mit dem KI Bundesverband im Austausch und haben dort die Info erhalten, dass wir uns mal bei euch melden sollen, da unser Experten-Netzwerk ggf. spannend für euch sein könnte.

Wir bei PathWize sind einer der führenden Anbieter für Data Labeling und Annotation im europäischen Raum. Mit einem Netzwerk von über 250.000 Experten können wir die richtigen Köpfe in unterschiedlichen Bereichen für sämtliche Data-Labeling-Bedarfe stellen.

Unternehmen wie z.B. Mistral AI und mittelständische Firmen bis hin zu Konzernen arbeiten bereits mit uns im Rahmen ihrer KI-Vorhaben (Post- und Pre-Training von Modellen, Data Labeling anhand von Bildern, RLHF etc.) zusammen.

Wenn Sie ebenfalls Bedarfe in diesen Bereichen haben, würden wir uns freuen, wenn wir euch hier supporten könnten.

Ich freue mich auf den weiteren Austausch.

Viele Grüße
[Ihr Name]
PathWize","<p>Hallo Herr Schuller,</p>
<p>wir stehen eng mit dem KI Bundesverband im Austausch und haben dort die Info erhalten, dass wir uns mal bei euch melden sollen, da unser Experten-Netzwerk ggf. spannend für euch sein könnte.</p>
<p>Wir bei <a href=""https://www.gopathwize.com"">PathWize</a> sind einer der führenden Anbieter für Data Labeling und Annotation im europäischen Raum. Mit einem Netzwerk von über 250.000 Experten können wir die richtigen Köpfe in unterschiedlichen Bereichen für sämtliche Data-Labeling-Bedarfe stellen.</p>
<p>Unternehmen wie z.B. Mistral AI und mittelständische Firmen bis hin zu Konzernen arbeiten bereits mit uns im Rahmen ihrer KI-Vorhaben (Post- und Pre-Training von Modellen, Data Labeling anhand von Bildern, RLHF etc.) zusammen.</p>
<p>Wenn Sie ebenfalls Bedarfe in diesen Bereichen haben, würden wir uns freuen, wenn wir euch hier supporten könnten.</p>
<p>Ich freue mich auf den weiteren Austausch.</p>
<p>Viele Grüße<br>[Ihr Name]<br>PathWize</p>","support@finception.de"
"209","Floy GmbH","https://www.floy.com/","Ja","Benedikt Schneider","info@floy.com","funktional","Intro KI Bundesverband - z.Hd. Benedikt Schneider - Data Labeling und Annotation für Ihre KI Vorhaben","Hallo Herr Schneider,","Hallo Herr Schneider,

wir stehen eng mit dem KI Bundesverband im Austausch und haben dort die Info erhalten, dass wir uns mal bei euch melden sollen, da unser Experten-Netzwerk ggf. spannend für euch sein könnte.

Wir bei PathWize sind einer der führenden Anbieter für Data Labeling und Annotation im europäischen Raum. Mit einem Netzwerk von über 250.000 Experten können wir die richtigen Köpfe in unterschiedlichen Bereichen für sämtliche Data-Labeling-Bedarfe stellen.

Unternehmen wie z.B. Mistral AI und mittelständische Firmen bis hin zu Konzernen arbeiten bereits mit uns im Rahmen ihrer KI-Vorhaben (Post- und Pre-Training von Modellen, Data Labeling anhand von Bildern, RLHF etc.) zusammen.

Wenn Sie ebenfalls Bedarfe in diesen Bereichen haben, würden wir uns freuen, wenn wir euch hier supporten könnten.

Ich freue mich auf den weiteren Austausch.

Viele Grüße
[Ihr Name]
PathWize","<p>Hallo Herr Schneider,</p>
<p>wir stehen eng mit dem KI Bundesverband im Austausch und haben dort die Info erhalten, dass wir uns mal bei euch melden sollen, da unser Experten-Netzwerk ggf. spannend für euch sein könnte.</p>
<p>Wir bei <a href=""https://www.gopathwize.com"">PathWize</a> sind einer der führenden Anbieter für Data Labeling und Annotation im europäischen Raum. Mit einem Netzwerk von über 250.000 Experten können wir die richtigen Köpfe in unterschiedlichen Bereichen für sämtliche Data-Labeling-Bedarfe stellen.</p>
<p>Unternehmen wie z.B. Mistral AI und mittelständische Firmen bis hin zu Konzernen arbeiten bereits mit uns im Rahmen ihrer KI-Vorhaben (Post- und Pre-Training von Modellen, Data Labeling anhand von Bildern, RLHF etc.) zusammen.</p>
<p>Wenn Sie ebenfalls Bedarfe in diesen Bereichen haben, würden wir uns freuen, wenn wir euch hier supporten könnten.</p>
<p>Ich freue mich auf den weiteren Austausch.</p>
<p>Viele Grüße<br>[Ihr Name]<br>PathWize</p>","info@floy.com"
"211","foldAI / Turner und Partner Data Scientists PartG","https://eco.fold.ai/","Ja","Dr. Jake Turner, Dr. Friedrich Förstner, Dr. Giovanni Carmantini (Managing Directors); Alicia Charennat (Président)","hello@fold.eco","funktional","Intro KI Bundesverband - z.Hd. Jake Turner - Data Labeling und Annotation für Ihre KI Vorhaben","Hallo Herr Dr. Turner,","Hallo Herr Dr. Turner,

wir stehen eng mit dem KI Bundesverband im Austausch und haben dort die Info erhalten, dass wir uns mal bei euch melden sollen, da unser Experten-Netzwerk ggf. spannend für euch sein könnte.

Wir bei PathWize sind einer der führenden Anbieter für Data Labeling und Annotation im europäischen Raum. Mit einem Netzwerk von über 250.000 Experten können wir die richtigen Köpfe in unterschiedlichen Bereichen für sämtliche Data-Labeling-Bedarfe stellen.

Unternehmen wie z.B. Mistral AI und mittelständische Firmen bis hin zu Konzernen arbeiten bereits mit uns im Rahmen ihrer KI-Vorhaben (Post- und Pre-Training von Modellen, Data Labeling anhand von Bildern, RLHF etc.) zusammen.

Wenn Sie ebenfalls Bedarfe in diesen Bereichen haben, würden wir uns freuen, wenn wir euch hier supporten könnten.

Ich freue mich auf den weiteren Austausch.

Viele Grüße
[Ihr Name]
PathWize","<p>Hallo Herr Dr. Turner,</p>
<p>wir stehen eng mit dem KI Bundesverband im Austausch und haben dort die Info erhalten, dass wir uns mal bei euch melden sollen, da unser Experten-Netzwerk ggf. spannend für euch sein könnte.</p>
<p>Wir bei <a href=""https://www.gopathwize.com"">PathWize</a> sind einer der führenden Anbieter für Data Labeling und Annotation im europäischen Raum. Mit einem Netzwerk von über 250.000 Experten können wir die richtigen Köpfe in unterschiedlichen Bereichen für sämtliche Data-Labeling-Bedarfe stellen.</p>
<p>Unternehmen wie z.B. Mistral AI und mittelständische Firmen bis hin zu Konzernen arbeiten bereits mit uns im Rahmen ihrer KI-Vorhaben (Post- und Pre-Training von Modellen, Data Labeling anhand von Bildern, RLHF etc.) zusammen.</p>
<p>Wenn Sie ebenfalls Bedarfe in diesen Bereichen haben, würden wir uns freuen, wenn wir euch hier supporten könnten.</p>
<p>Ich freue mich auf den weiteren Austausch.</p>
<p>Viele Grüße<br>[Ihr Name]<br>PathWize</p>","hello@fold.eco"
"212","foresAIght.ai","https://www.foresaight.ai/","Ja","Julian Gruber, Steffen Runge (Managing Directors / Co-Founders)","info@foresaight.ai","funktional","Intro KI Bundesverband - z.Hd. Julian Gruber - Data Labeling und Annotation für Ihre KI Vorhaben","Hallo Herr Gruber,","Hallo Herr Gruber,

wir stehen eng mit dem KI Bundesverband im Austausch und haben dort die Info erhalten, dass wir uns mal bei euch melden sollen, da unser Experten-Netzwerk ggf. spannend für euch sein könnte.

Wir bei PathWize sind einer der führenden Anbieter für Data Labeling und Annotation im europäischen Raum. Mit einem Netzwerk von über 250.000 Experten können wir die richtigen Köpfe in unterschiedlichen Bereichen für sämtliche Data-Labeling-Bedarfe stellen.

Unternehmen wie z.B. Mistral AI und mittelständische Firmen bis hin zu Konzernen arbeiten bereits mit uns im Rahmen ihrer KI-Vorhaben (Post- und Pre-Training von Modellen, Data Labeling anhand von Bildern, RLHF etc.) zusammen.

Wenn Sie ebenfalls Bedarfe in diesen Bereichen haben, würden wir uns freuen, wenn wir euch hier supporten könnten.

Ich freue mich auf den weiteren Austausch.

Viele Grüße
[Ihr Name]
PathWize","<p>Hallo Herr Gruber,</p>
<p>wir stehen eng mit dem KI Bundesverband im Austausch und haben dort die Info erhalten, dass wir uns mal bei euch melden sollen, da unser Experten-Netzwerk ggf. spannend für euch sein könnte.</p>
<p>Wir bei <a href=""https://www.gopathwize.com"">PathWize</a> sind einer der führenden Anbieter für Data Labeling und Annotation im europäischen Raum. Mit einem Netzwerk von über 250.000 Experten können wir die richtigen Köpfe in unterschiedlichen Bereichen für sämtliche Data-Labeling-Bedarfe stellen.</p>
<p>Unternehmen wie z.B. Mistral AI und mittelständische Firmen bis hin zu Konzernen arbeiten bereits mit uns im Rahmen ihrer KI-Vorhaben (Post- und Pre-Training von Modellen, Data Labeling anhand von Bildern, RLHF etc.) zusammen.</p>
<p>Wenn Sie ebenfalls Bedarfe in diesen Bereichen haben, würden wir uns freuen, wenn wir euch hier supporten könnten.</p>
<p>Ich freue mich auf den weiteren Austausch.</p>
<p>Viele Grüße<br>[Ihr Name]<br>PathWize</p>","info@foresaight.ai"
"214","FrontNow GmbH","https://frontnow.com/","Vielleicht","Marc Funk, Bernhard Lihotzky","imprint@frontnow.com","funktional (Mitarbeiter-Mail)","Intro KI Bundesverband - z.Hd. Marc Funk - Data Labeling und Annotation für Ihre KI Vorhaben","Hallo Herr Funk,","Hallo Herr Funk,

wir stehen eng mit dem KI Bundesverband im Austausch und haben dort die Info erhalten, dass wir uns mal bei euch melden sollen, da unser Experten-Netzwerk ggf. spannend für euch sein könnte.

Wir bei PathWize sind einer der führenden Anbieter für Data Labeling und Annotation im europäischen Raum. Mit einem Netzwerk von über 250.000 Experten können wir die richtigen Köpfe in unterschiedlichen Bereichen für sämtliche Data-Labeling-Bedarfe stellen.

Unternehmen wie z.B. Mistral AI und mittelständische Firmen bis hin zu Konzernen arbeiten bereits mit uns im Rahmen ihrer KI-Vorhaben (Post- und Pre-Training von Modellen, Data Labeling anhand von Bildern, RLHF etc.) zusammen.

Wenn Sie ebenfalls Bedarfe in diesen Bereichen haben, würden wir uns freuen, wenn wir euch hier supporten könnten.

Ich freue mich auf den weiteren Austausch.

Viele Grüße
[Ihr Name]
PathWize","<p>Hallo Herr Funk,</p>
<p>wir stehen eng mit dem KI Bundesverband im Austausch und haben dort die Info erhalten, dass wir uns mal bei euch melden sollen, da unser Experten-Netzwerk ggf. spannend für euch sein könnte.</p>
<p>Wir bei <a href=""https://www.gopathwize.com"">PathWize</a> sind einer der führenden Anbieter für Data Labeling und Annotation im europäischen Raum. Mit einem Netzwerk von über 250.000 Experten können wir die richtigen Köpfe in unterschiedlichen Bereichen für sämtliche Data-Labeling-Bedarfe stellen.</p>
<p>Unternehmen wie z.B. Mistral AI und mittelständische Firmen bis hin zu Konzernen arbeiten bereits mit uns im Rahmen ihrer KI-Vorhaben (Post- und Pre-Training von Modellen, Data Labeling anhand von Bildern, RLHF etc.) zusammen.</p>
<p>Wenn Sie ebenfalls Bedarfe in diesen Bereichen haben, würden wir uns freuen, wenn wir euch hier supporten könnten.</p>
<p>Ich freue mich auf den weiteren Austausch.</p>
<p>Viele Grüße<br>[Ihr Name]<br>PathWize</p>","imprint@frontnow.com"
"216","FSGU GmbH (nulu)","https://nulu.io/","Vielleicht","Alexander Golfmann, Rolf Stahlberger, Martin Teufel","hello@nulu.io","funktional","Intro KI Bundesverband - z.Hd. Alexander Golfmann - Data Labeling und Annotation für Ihre KI Vorhaben","Hallo Herr Golfmann,","Hallo Herr Golfmann,

wir stehen eng mit dem KI Bundesverband im Austausch und haben dort die Info erhalten, dass wir uns mal bei euch melden sollen, da unser Experten-Netzwerk ggf. spannend für euch sein könnte.

Wir bei PathWize sind einer der führenden Anbieter für Data Labeling und Annotation im europäischen Raum. Mit einem Netzwerk von über 250.000 Experten können wir die richtigen Köpfe in unterschiedlichen Bereichen für sämtliche Data-Labeling-Bedarfe stellen.

Unternehmen wie z.B. Mistral AI und mittelständische Firmen bis hin zu Konzernen arbeiten bereits mit uns im Rahmen ihrer KI-Vorhaben (Post- und Pre-Training von Modellen, Data Labeling anhand von Bildern, RLHF etc.) zusammen.

Wenn Sie ebenfalls Bedarfe in diesen Bereichen haben, würden wir uns freuen, wenn wir euch hier supporten könnten.

Ich freue mich auf den weiteren Austausch.

Viele Grüße
[Ihr Name]
PathWize","<p>Hallo Herr Golfmann,</p>
<p>wir stehen eng mit dem KI Bundesverband im Austausch und haben dort die Info erhalten, dass wir uns mal bei euch melden sollen, da unser Experten-Netzwerk ggf. spannend für euch sein könnte.</p>
<p>Wir bei <a href=""https://www.gopathwize.com"">PathWize</a> sind einer der führenden Anbieter für Data Labeling und Annotation im europäischen Raum. Mit einem Netzwerk von über 250.000 Experten können wir die richtigen Köpfe in unterschiedlichen Bereichen für sämtliche Data-Labeling-Bedarfe stellen.</p>
<p>Unternehmen wie z.B. Mistral AI und mittelständische Firmen bis hin zu Konzernen arbeiten bereits mit uns im Rahmen ihrer KI-Vorhaben (Post- und Pre-Training von Modellen, Data Labeling anhand von Bildern, RLHF etc.) zusammen.</p>
<p>Wenn Sie ebenfalls Bedarfe in diesen Bereichen haben, würden wir uns freuen, wenn wir euch hier supporten könnten.</p>
<p>Ich freue mich auf den weiteren Austausch.</p>
<p>Viele Grüße<br>[Ihr Name]<br>PathWize</p>","hello@nulu.io"
"217","FUSE-AI GmbH","https://fuse-ai.de/en/home/","Ja","Matthias Steffen","info@fuse-ai.de","funktional","Intro KI Bundesverband - z.Hd. Matthias Steffen - Data Labeling und Annotation für Ihre KI Vorhaben","Hallo Herr Steffen,","Hallo Herr Steffen,

wir stehen eng mit dem KI Bundesverband im Austausch und haben dort die Info erhalten, dass wir uns mal bei euch melden sollen, da unser Experten-Netzwerk ggf. spannend für euch sein könnte.

Wir bei PathWize sind einer der führenden Anbieter für Data Labeling und Annotation im europäischen Raum. Mit einem Netzwerk von über 250.000 Experten können wir die richtigen Köpfe in unterschiedlichen Bereichen für sämtliche Data-Labeling-Bedarfe stellen.

Unternehmen wie z.B. Mistral AI und mittelständische Firmen bis hin zu Konzernen arbeiten bereits mit uns im Rahmen ihrer KI-Vorhaben (Post- und Pre-Training von Modellen, Data Labeling anhand von Bildern, RLHF etc.) zusammen.

Wenn Sie ebenfalls Bedarfe in diesen Bereichen haben, würden wir uns freuen, wenn wir euch hier supporten könnten.

Ich freue mich auf den weiteren Austausch.

Viele Grüße
[Ihr Name]
PathWize","<p>Hallo Herr Steffen,</p>
<p>wir stehen eng mit dem KI Bundesverband im Austausch und haben dort die Info erhalten, dass wir uns mal bei euch melden sollen, da unser Experten-Netzwerk ggf. spannend für euch sein könnte.</p>
<p>Wir bei <a href=""https://www.gopathwize.com"">PathWize</a> sind einer der führenden Anbieter für Data Labeling und Annotation im europäischen Raum. Mit einem Netzwerk von über 250.000 Experten können wir die richtigen Köpfe in unterschiedlichen Bereichen für sämtliche Data-Labeling-Bedarfe stellen.</p>
<p>Unternehmen wie z.B. Mistral AI und mittelständische Firmen bis hin zu Konzernen arbeiten bereits mit uns im Rahmen ihrer KI-Vorhaben (Post- und Pre-Training von Modellen, Data Labeling anhand von Bildern, RLHF etc.) zusammen.</p>
<p>Wenn Sie ebenfalls Bedarfe in diesen Bereichen haben, würden wir uns freuen, wenn wir euch hier supporten könnten.</p>
<p>Ich freue mich auf den weiteren Austausch.</p>
<p>Viele Grüße<br>[Ihr Name]<br>PathWize</p>","info@fuse-ai.de"
"218","fuseki GmbH","https://www.fuseki.com/","Vielleicht","Dr. Heinz Kierchhoff, Milan Radman","hi@fuseki.com","funktional (Mitarbeiter-Mail)","Intro KI Bundesverband - z.Hd. Heinz Kierchhoff - Data Labeling und Annotation für Ihre KI Vorhaben","Hallo Herr Dr. Kierchhoff,","Hallo Herr Dr. Kierchhoff,

wir stehen eng mit dem KI Bundesverband im Austausch und haben dort die Info erhalten, dass wir uns mal bei euch melden sollen, da unser Experten-Netzwerk ggf. spannend für euch sein könnte.

Wir bei PathWize sind einer der führenden Anbieter für Data Labeling und Annotation im europäischen Raum. Mit einem Netzwerk von über 250.000 Experten können wir die richtigen Köpfe in unterschiedlichen Bereichen für sämtliche Data-Labeling-Bedarfe stellen.

Unternehmen wie z.B. Mistral AI und mittelständische Firmen bis hin zu Konzernen arbeiten bereits mit uns im Rahmen ihrer KI-Vorhaben (Post- und Pre-Training von Modellen, Data Labeling anhand von Bildern, RLHF etc.) zusammen.

Wenn Sie ebenfalls Bedarfe in diesen Bereichen haben, würden wir uns freuen, wenn wir euch hier supporten könnten.

Ich freue mich auf den weiteren Austausch.

Viele Grüße
[Ihr Name]
PathWize","<p>Hallo Herr Dr. Kierchhoff,</p>
<p>wir stehen eng mit dem KI Bundesverband im Austausch und haben dort die Info erhalten, dass wir uns mal bei euch melden sollen, da unser Experten-Netzwerk ggf. spannend für euch sein könnte.</p>
<p>Wir bei <a href=""https://www.gopathwize.com"">PathWize</a> sind einer der führenden Anbieter für Data Labeling und Annotation im europäischen Raum. Mit einem Netzwerk von über 250.000 Experten können wir die richtigen Köpfe in unterschiedlichen Bereichen für sämtliche Data-Labeling-Bedarfe stellen.</p>
<p>Unternehmen wie z.B. Mistral AI und mittelständische Firmen bis hin zu Konzernen arbeiten bereits mit uns im Rahmen ihrer KI-Vorhaben (Post- und Pre-Training von Modellen, Data Labeling anhand von Bildern, RLHF etc.) zusammen.</p>
<p>Wenn Sie ebenfalls Bedarfe in diesen Bereichen haben, würden wir uns freuen, wenn wir euch hier supporten könnten.</p>
<p>Ich freue mich auf den weiteren Austausch.</p>
<p>Viele Grüße<br>[Ihr Name]<br>PathWize</p>","hi@fuseki.com"
"219","Fuxlab GmbH","https://fuxlab.com/","Vielleicht","F. Cieslik","mail@fuxlab.com","funktional","Intro KI Bundesverband - Data Labeling und Annotation für Ihre KI Vorhaben","Guten Tag,","Guten Tag,

wir stehen eng mit dem KI Bundesverband im Austausch und haben dort die Info erhalten, dass wir uns mal bei euch melden sollen, da unser Experten-Netzwerk ggf. spannend für euch sein könnte.

Wir bei PathWize sind einer der führenden Anbieter für Data Labeling und Annotation im europäischen Raum. Mit einem Netzwerk von über 250.000 Experten können wir die richtigen Köpfe in unterschiedlichen Bereichen für sämtliche Data-Labeling-Bedarfe stellen.

Unternehmen wie z.B. Mistral AI und mittelständische Firmen bis hin zu Konzernen arbeiten bereits mit uns im Rahmen ihrer KI-Vorhaben (Post- und Pre-Training von Modellen, Data Labeling anhand von Bildern, RLHF etc.) zusammen.

Wenn Sie ebenfalls Bedarfe in diesen Bereichen haben, würden wir uns freuen, wenn wir euch hier supporten könnten.

Ich freue mich auf den weiteren Austausch.

Viele Grüße
[Ihr Name]
PathWize","<p>Guten Tag,</p>
<p>wir stehen eng mit dem KI Bundesverband im Austausch und haben dort die Info erhalten, dass wir uns mal bei euch melden sollen, da unser Experten-Netzwerk ggf. spannend für euch sein könnte.</p>
<p>Wir bei <a href=""https://www.gopathwize.com"">PathWize</a> sind einer der führenden Anbieter für Data Labeling und Annotation im europäischen Raum. Mit einem Netzwerk von über 250.000 Experten können wir die richtigen Köpfe in unterschiedlichen Bereichen für sämtliche Data-Labeling-Bedarfe stellen.</p>
<p>Unternehmen wie z.B. Mistral AI und mittelständische Firmen bis hin zu Konzernen arbeiten bereits mit uns im Rahmen ihrer KI-Vorhaben (Post- und Pre-Training von Modellen, Data Labeling anhand von Bildern, RLHF etc.) zusammen.</p>
<p>Wenn Sie ebenfalls Bedarfe in diesen Bereichen haben, würden wir uns freuen, wenn wir euch hier supporten könnten.</p>
<p>Ich freue mich auf den weiteren Austausch.</p>
<p>Viele Grüße<br>[Ihr Name]<br>PathWize</p>","mail@fuxlab.com"
"220","Gauss Machine Learning GmbH (GaussML)","https://www.gauss-ml.com/","Ja","Dr. Jonathan Spitz","info@gauss-ml.com","funktional","Intro KI Bundesverband - z.Hd. Jonathan Spitz - Data Labeling und Annotation für Ihre KI Vorhaben","Hallo Herr Dr. Spitz,","Hallo Herr Dr. Spitz,

wir stehen eng mit dem KI Bundesverband im Austausch und haben dort die Info erhalten, dass wir uns mal bei euch melden sollen, da unser Experten-Netzwerk ggf. spannend für euch sein könnte.

Wir bei PathWize sind einer der führenden Anbieter für Data Labeling und Annotation im europäischen Raum. Mit einem Netzwerk von über 250.000 Experten können wir die richtigen Köpfe in unterschiedlichen Bereichen für sämtliche Data-Labeling-Bedarfe stellen.

Unternehmen wie z.B. Mistral AI und mittelständische Firmen bis hin zu Konzernen arbeiten bereits mit uns im Rahmen ihrer KI-Vorhaben (Post- und Pre-Training von Modellen, Data Labeling anhand von Bildern, RLHF etc.) zusammen.

Wenn Sie ebenfalls Bedarfe in diesen Bereichen haben, würden wir uns freuen, wenn wir euch hier supporten könnten.

Ich freue mich auf den weiteren Austausch.

Viele Grüße
[Ihr Name]
PathWize","<p>Hallo Herr Dr. Spitz,</p>
<p>wir stehen eng mit dem KI Bundesverband im Austausch und haben dort die Info erhalten, dass wir uns mal bei euch melden sollen, da unser Experten-Netzwerk ggf. spannend für euch sein könnte.</p>
<p>Wir bei <a href=""https://www.gopathwize.com"">PathWize</a> sind einer der führenden Anbieter für Data Labeling und Annotation im europäischen Raum. Mit einem Netzwerk von über 250.000 Experten können wir die richtigen Köpfe in unterschiedlichen Bereichen für sämtliche Data-Labeling-Bedarfe stellen.</p>
<p>Unternehmen wie z.B. Mistral AI und mittelständische Firmen bis hin zu Konzernen arbeiten bereits mit uns im Rahmen ihrer KI-Vorhaben (Post- und Pre-Training von Modellen, Data Labeling anhand von Bildern, RLHF etc.) zusammen.</p>
<p>Wenn Sie ebenfalls Bedarfe in diesen Bereichen haben, würden wir uns freuen, wenn wir euch hier supporten könnten.</p>
<p>Ich freue mich auf den weiteren Austausch.</p>
<p>Viele Grüße<br>[Ihr Name]<br>PathWize</p>","contact@gauss-ml.com; info@gauss-ml.com"
"222","Genow GmbH","https://www.genow.ai/","Vielleicht","Dr. Timo Koppe, Adrian Glauben, Dr. Sara Jourdan","hey@genow.ai","funktional (Mitarbeiter-Mail)","Intro KI Bundesverband - z.Hd. Timo Koppe - Data Labeling und Annotation für Ihre KI Vorhaben","Hallo Herr Dr. Koppe,","Hallo Herr Dr. Koppe,

wir stehen eng mit dem KI Bundesverband im Austausch und haben dort die Info erhalten, dass wir uns mal bei euch melden sollen, da unser Experten-Netzwerk ggf. spannend für euch sein könnte.

Wir bei PathWize sind einer der führenden Anbieter für Data Labeling und Annotation im europäischen Raum. Mit einem Netzwerk von über 250.000 Experten können wir die richtigen Köpfe in unterschiedlichen Bereichen für sämtliche Data-Labeling-Bedarfe stellen.

Unternehmen wie z.B. Mistral AI und mittelständische Firmen bis hin zu Konzernen arbeiten bereits mit uns im Rahmen ihrer KI-Vorhaben (Post- und Pre-Training von Modellen, Data Labeling anhand von Bildern, RLHF etc.) zusammen.

Wenn Sie ebenfalls Bedarfe in diesen Bereichen haben, würden wir uns freuen, wenn wir euch hier supporten könnten.

Ich freue mich auf den weiteren Austausch.

Viele Grüße
[Ihr Name]
PathWize","<p>Hallo Herr Dr. Koppe,</p>
<p>wir stehen eng mit dem KI Bundesverband im Austausch und haben dort die Info erhalten, dass wir uns mal bei euch melden sollen, da unser Experten-Netzwerk ggf. spannend für euch sein könnte.</p>
<p>Wir bei <a href=""https://www.gopathwize.com"">PathWize</a> sind einer der führenden Anbieter für Data Labeling und Annotation im europäischen Raum. Mit einem Netzwerk von über 250.000 Experten können wir die richtigen Köpfe in unterschiedlichen Bereichen für sämtliche Data-Labeling-Bedarfe stellen.</p>
<p>Unternehmen wie z.B. Mistral AI und mittelständische Firmen bis hin zu Konzernen arbeiten bereits mit uns im Rahmen ihrer KI-Vorhaben (Post- und Pre-Training von Modellen, Data Labeling anhand von Bildern, RLHF etc.) zusammen.</p>
<p>Wenn Sie ebenfalls Bedarfe in diesen Bereichen haben, würden wir uns freuen, wenn wir euch hier supporten könnten.</p>
<p>Ich freue mich auf den weiteren Austausch.</p>
<p>Viele Grüße<br>[Ihr Name]<br>PathWize</p>","hey@genow.ai"
"223","GEOLINKED (GeoLambda)","https://www.geolinked.de/","Ja","Dr. Gerrit Tombrink","g.tombrink@geolambda.ai","direkt (belegt)","Intro KI Bundesverband - Data Labeling und Annotation für Ihre KI Vorhaben","Hallo Herr Dr. Tombrink,","Hallo Herr Dr. Tombrink,

wir stehen eng mit dem KI Bundesverband im Austausch und haben dort die Info erhalten, dass wir uns mal bei euch melden sollen, da unser Experten-Netzwerk ggf. spannend für euch sein könnte.

Wir bei PathWize sind einer der führenden Anbieter für Data Labeling und Annotation im europäischen Raum. Mit einem Netzwerk von über 250.000 Experten können wir die richtigen Köpfe in unterschiedlichen Bereichen für sämtliche Data-Labeling-Bedarfe stellen.

Unternehmen wie z.B. Mistral AI und mittelständische Firmen bis hin zu Konzernen arbeiten bereits mit uns im Rahmen ihrer KI-Vorhaben (Post- und Pre-Training von Modellen, Data Labeling anhand von Bildern, RLHF etc.) zusammen.

Wenn Sie ebenfalls Bedarfe in diesen Bereichen haben, würden wir uns freuen, wenn wir euch hier supporten könnten.

Ich freue mich auf den weiteren Austausch.

Viele Grüße
[Ihr Name]
PathWize","<p>Hallo Herr Dr. Tombrink,</p>
<p>wir stehen eng mit dem KI Bundesverband im Austausch und haben dort die Info erhalten, dass wir uns mal bei euch melden sollen, da unser Experten-Netzwerk ggf. spannend für euch sein könnte.</p>
<p>Wir bei <a href=""https://www.gopathwize.com"">PathWize</a> sind einer der führenden Anbieter für Data Labeling und Annotation im europäischen Raum. Mit einem Netzwerk von über 250.000 Experten können wir die richtigen Köpfe in unterschiedlichen Bereichen für sämtliche Data-Labeling-Bedarfe stellen.</p>
<p>Unternehmen wie z.B. Mistral AI und mittelständische Firmen bis hin zu Konzernen arbeiten bereits mit uns im Rahmen ihrer KI-Vorhaben (Post- und Pre-Training von Modellen, Data Labeling anhand von Bildern, RLHF etc.) zusammen.</p>
<p>Wenn Sie ebenfalls Bedarfe in diesen Bereichen haben, würden wir uns freuen, wenn wir euch hier supporten könnten.</p>
<p>Ich freue mich auf den weiteren Austausch.</p>
<p>Viele Grüße<br>[Ihr Name]<br>PathWize</p>","g.tombrink@geolambda.ai; hello@geolambda.ai"
"224","GET Capital AG","https://www.get-capital.de/","Vielleicht","Vorstand: Harald Schnorrenberg (Aufsichtsratsvorsitzender: Prof. Dr. Heinz J. Hockmann)","mail@get-capital.de","funktional","Intro KI Bundesverband - z.Hd. Harald Schnorrenberg - Data Labeling und Annotation für Ihre KI Vorhaben","Hallo Herr Schnorrenberg,","Hallo Herr Schnorrenberg,

wir stehen eng mit dem KI Bundesverband im Austausch und haben dort die Info erhalten, dass wir uns mal bei euch melden sollen, da unser Experten-Netzwerk ggf. spannend für euch sein könnte.

Wir bei PathWize sind einer der führenden Anbieter für Data Labeling und Annotation im europäischen Raum. Mit einem Netzwerk von über 250.000 Experten können wir die richtigen Köpfe in unterschiedlichen Bereichen für sämtliche Data-Labeling-Bedarfe stellen.

Unternehmen wie z.B. Mistral AI und mittelständische Firmen bis hin zu Konzernen arbeiten bereits mit uns im Rahmen ihrer KI-Vorhaben (Post- und Pre-Training von Modellen, Data Labeling anhand von Bildern, RLHF etc.) zusammen.

Wenn Sie ebenfalls Bedarfe in diesen Bereichen haben, würden wir uns freuen, wenn wir euch hier supporten könnten.

Ich freue mich auf den weiteren Austausch.

Viele Grüße
[Ihr Name]
PathWize","<p>Hallo Herr Schnorrenberg,</p>
<p>wir stehen eng mit dem KI Bundesverband im Austausch und haben dort die Info erhalten, dass wir uns mal bei euch melden sollen, da unser Experten-Netzwerk ggf. spannend für euch sein könnte.</p>
<p>Wir bei <a href=""https://www.gopathwize.com"">PathWize</a> sind einer der führenden Anbieter für Data Labeling und Annotation im europäischen Raum. Mit einem Netzwerk von über 250.000 Experten können wir die richtigen Köpfe in unterschiedlichen Bereichen für sämtliche Data-Labeling-Bedarfe stellen.</p>
<p>Unternehmen wie z.B. Mistral AI und mittelständische Firmen bis hin zu Konzernen arbeiten bereits mit uns im Rahmen ihrer KI-Vorhaben (Post- und Pre-Training von Modellen, Data Labeling anhand von Bildern, RLHF etc.) zusammen.</p>
<p>Wenn Sie ebenfalls Bedarfe in diesen Bereichen haben, würden wir uns freuen, wenn wir euch hier supporten könnten.</p>
<p>Ich freue mich auf den weiteren Austausch.</p>
<p>Viele Grüße<br>[Ihr Name]<br>PathWize</p>","mail@get-capital.de"
"225","Get Mika GmbH","https://www.getmika.de/","Ja","Agnieszka Walorska, Lukas Linnekuhle Brunner, Henry Müssemann","sales@getmika.de","funktional","Intro KI Bundesverband - z.Hd. Agnieszka Walorska - Data Labeling und Annotation für Ihre KI Vorhaben","Hallo Frau Walorska,","Hallo Frau Walorska,

wir stehen eng mit dem KI Bundesverband im Austausch und haben dort die Info erhalten, dass wir uns mal bei euch melden sollen, da unser Experten-Netzwerk ggf. spannend für euch sein könnte.

Wir bei PathWize sind einer der führenden Anbieter für Data Labeling und Annotation im europäischen Raum. Mit einem Netzwerk von über 250.000 Experten können wir die richtigen Köpfe in unterschiedlichen Bereichen für sämtliche Data-Labeling-Bedarfe stellen.

Unternehmen wie z.B. Mistral AI und mittelständische Firmen bis hin zu Konzernen arbeiten bereits mit uns im Rahmen ihrer KI-Vorhaben (Post- und Pre-Training von Modellen, Data Labeling anhand von Bildern, RLHF etc.) zusammen.

Wenn Sie ebenfalls Bedarfe in diesen Bereichen haben, würden wir uns freuen, wenn wir euch hier supporten könnten.

Ich freue mich auf den weiteren Austausch.

Viele Grüße
[Ihr Name]
PathWize","<p>Hallo Frau Walorska,</p>
<p>wir stehen eng mit dem KI Bundesverband im Austausch und haben dort die Info erhalten, dass wir uns mal bei euch melden sollen, da unser Experten-Netzwerk ggf. spannend für euch sein könnte.</p>
<p>Wir bei <a href=""https://www.gopathwize.com"">PathWize</a> sind einer der führenden Anbieter für Data Labeling und Annotation im europäischen Raum. Mit einem Netzwerk von über 250.000 Experten können wir die richtigen Köpfe in unterschiedlichen Bereichen für sämtliche Data-Labeling-Bedarfe stellen.</p>
<p>Unternehmen wie z.B. Mistral AI und mittelständische Firmen bis hin zu Konzernen arbeiten bereits mit uns im Rahmen ihrer KI-Vorhaben (Post- und Pre-Training von Modellen, Data Labeling anhand von Bildern, RLHF etc.) zusammen.</p>
<p>Wenn Sie ebenfalls Bedarfe in diesen Bereichen haben, würden wir uns freuen, wenn wir euch hier supporten könnten.</p>
<p>Ich freue mich auf den weiteren Austausch.</p>
<p>Viele Grüße<br>[Ihr Name]<br>PathWize</p>","mika@getmika.de; sales@getmika.de"
"226","Gini GmbH","https://www.gini.net/","Ja","","hello@gini.net","funktional","Intro KI Bundesverband - Data Labeling und Annotation für Ihre KI Vorhaben","Guten Tag,","Guten Tag,

wir stehen eng mit dem KI Bundesverband im Austausch und haben dort die Info erhalten, dass wir uns mal bei euch melden sollen, da unser Experten-Netzwerk ggf. spannend für euch sein könnte.

Wir bei PathWize sind einer der führenden Anbieter für Data Labeling und Annotation im europäischen Raum. Mit einem Netzwerk von über 250.000 Experten können wir die richtigen Köpfe in unterschiedlichen Bereichen für sämtliche Data-Labeling-Bedarfe stellen.

Unternehmen wie z.B. Mistral AI und mittelständische Firmen bis hin zu Konzernen arbeiten bereits mit uns im Rahmen ihrer KI-Vorhaben (Post- und Pre-Training von Modellen, Data Labeling anhand von Bildern, RLHF etc.) zusammen.

Wenn Sie ebenfalls Bedarfe in diesen Bereichen haben, würden wir uns freuen, wenn wir euch hier supporten könnten.

Ich freue mich auf den weiteren Austausch.

Viele Grüße
[Ihr Name]
PathWize","<p>Guten Tag,</p>
<p>wir stehen eng mit dem KI Bundesverband im Austausch und haben dort die Info erhalten, dass wir uns mal bei euch melden sollen, da unser Experten-Netzwerk ggf. spannend für euch sein könnte.</p>
<p>Wir bei <a href=""https://www.gopathwize.com"">PathWize</a> sind einer der führenden Anbieter für Data Labeling und Annotation im europäischen Raum. Mit einem Netzwerk von über 250.000 Experten können wir die richtigen Köpfe in unterschiedlichen Bereichen für sämtliche Data-Labeling-Bedarfe stellen.</p>
<p>Unternehmen wie z.B. Mistral AI und mittelständische Firmen bis hin zu Konzernen arbeiten bereits mit uns im Rahmen ihrer KI-Vorhaben (Post- und Pre-Training von Modellen, Data Labeling anhand von Bildern, RLHF etc.) zusammen.</p>
<p>Wenn Sie ebenfalls Bedarfe in diesen Bereichen haben, würden wir uns freuen, wenn wir euch hier supporten könnten.</p>
<p>Ich freue mich auf den weiteren Austausch.</p>
<p>Viele Grüße<br>[Ihr Name]<br>PathWize</p>","hello@gini.net"
"228","goCAD GmbH","https://www.gocad.de/","Ja","","","keine Mail gefunden","Intro KI Bundesverband - Data Labeling und Annotation für Ihre KI Vorhaben","Guten Tag,","Guten Tag,

wir stehen eng mit dem KI Bundesverband im Austausch und haben dort die Info erhalten, dass wir uns mal bei euch melden sollen, da unser Experten-Netzwerk ggf. spannend für euch sein könnte.

Wir bei PathWize sind einer der führenden Anbieter für Data Labeling und Annotation im europäischen Raum. Mit einem Netzwerk von über 250.000 Experten können wir die richtigen Köpfe in unterschiedlichen Bereichen für sämtliche Data-Labeling-Bedarfe stellen.

Unternehmen wie z.B. Mistral AI und mittelständische Firmen bis hin zu Konzernen arbeiten bereits mit uns im Rahmen ihrer KI-Vorhaben (Post- und Pre-Training von Modellen, Data Labeling anhand von Bildern, RLHF etc.) zusammen.

Wenn Sie ebenfalls Bedarfe in diesen Bereichen haben, würden wir uns freuen, wenn wir euch hier supporten könnten.

Ich freue mich auf den weiteren Austausch.

Viele Grüße
[Ihr Name]
PathWize","<p>Guten Tag,</p>
<p>wir stehen eng mit dem KI Bundesverband im Austausch und haben dort die Info erhalten, dass wir uns mal bei euch melden sollen, da unser Experten-Netzwerk ggf. spannend für euch sein könnte.</p>
<p>Wir bei <a href=""https://www.gopathwize.com"">PathWize</a> sind einer der führenden Anbieter für Data Labeling und Annotation im europäischen Raum. Mit einem Netzwerk von über 250.000 Experten können wir die richtigen Köpfe in unterschiedlichen Bereichen für sämtliche Data-Labeling-Bedarfe stellen.</p>
<p>Unternehmen wie z.B. Mistral AI und mittelständische Firmen bis hin zu Konzernen arbeiten bereits mit uns im Rahmen ihrer KI-Vorhaben (Post- und Pre-Training von Modellen, Data Labeling anhand von Bildern, RLHF etc.) zusammen.</p>
<p>Wenn Sie ebenfalls Bedarfe in diesen Bereichen haben, würden wir uns freuen, wenn wir euch hier supporten könnten.</p>
<p>Ich freue mich auf den weiteren Austausch.</p>
<p>Viele Grüße<br>[Ihr Name]<br>PathWize</p>",""
"230","graphworks.ai GmbH","https://graphworks.ai/","Vielleicht","Prof. Dr. Fatih Gedikli, Enes Gedikli","info@graphworks.ai","funktional","Intro KI Bundesverband - z.Hd. Fatih Gedikli - Data Labeling und Annotation für Ihre KI Vorhaben","Hallo Herr Prof. Dr. Gedikli,","Hallo Herr Prof. Dr. Gedikli,

wir stehen eng mit dem KI Bundesverband im Austausch und haben dort die Info erhalten, dass wir uns mal bei euch melden sollen, da unser Experten-Netzwerk ggf. spannend für euch sein könnte.

Wir bei PathWize sind einer der führenden Anbieter für Data Labeling und Annotation im europäischen Raum. Mit einem Netzwerk von über 250.000 Experten können wir die richtigen Köpfe in unterschiedlichen Bereichen für sämtliche Data-Labeling-Bedarfe stellen.

Unternehmen wie z.B. Mistral AI und mittelständische Firmen bis hin zu Konzernen arbeiten bereits mit uns im Rahmen ihrer KI-Vorhaben (Post- und Pre-Training von Modellen, Data Labeling anhand von Bildern, RLHF etc.) zusammen.

Wenn Sie ebenfalls Bedarfe in diesen Bereichen haben, würden wir uns freuen, wenn wir euch hier supporten könnten.

Ich freue mich auf den weiteren Austausch.

Viele Grüße
[Ihr Name]
PathWize","<p>Hallo Herr Prof. Dr. Gedikli,</p>
<p>wir stehen eng mit dem KI Bundesverband im Austausch und haben dort die Info erhalten, dass wir uns mal bei euch melden sollen, da unser Experten-Netzwerk ggf. spannend für euch sein könnte.</p>
<p>Wir bei <a href=""https://www.gopathwize.com"">PathWize</a> sind einer der führenden Anbieter für Data Labeling und Annotation im europäischen Raum. Mit einem Netzwerk von über 250.000 Experten können wir die richtigen Köpfe in unterschiedlichen Bereichen für sämtliche Data-Labeling-Bedarfe stellen.</p>
<p>Unternehmen wie z.B. Mistral AI und mittelständische Firmen bis hin zu Konzernen arbeiten bereits mit uns im Rahmen ihrer KI-Vorhaben (Post- und Pre-Training von Modellen, Data Labeling anhand von Bildern, RLHF etc.) zusammen.</p>
<p>Wenn Sie ebenfalls Bedarfe in diesen Bereichen haben, würden wir uns freuen, wenn wir euch hier supporten könnten.</p>
<p>Ich freue mich auf den weiteren Austausch.</p>
<p>Viele Grüße<br>[Ihr Name]<br>PathWize</p>","info@graphworks.ai"
"231","H&F Solutions GmbH","https://www.hf-solutions.co/","Vielleicht","Tobias Hertfelder","info@hertfelder.ai","funktional","Intro KI Bundesverband - z.Hd. Tobias Hertfelder - Data Labeling und Annotation für Ihre KI Vorhaben","Hallo Herr Hertfelder,","Hallo Herr Hertfelder,

wir stehen eng mit dem KI Bundesverband im Austausch und haben dort die Info erhalten, dass wir uns mal bei euch melden sollen, da unser Experten-Netzwerk ggf. spannend für euch sein könnte.

Wir bei PathWize sind einer der führenden Anbieter für Data Labeling und Annotation im europäischen Raum. Mit einem Netzwerk von über 250.000 Experten können wir die richtigen Köpfe in unterschiedlichen Bereichen für sämtliche Data-Labeling-Bedarfe stellen.

Unternehmen wie z.B. Mistral AI und mittelständische Firmen bis hin zu Konzernen arbeiten bereits mit uns im Rahmen ihrer KI-Vorhaben (Post- und Pre-Training von Modellen, Data Labeling anhand von Bildern, RLHF etc.) zusammen.

Wenn Sie ebenfalls Bedarfe in diesen Bereichen haben, würden wir uns freuen, wenn wir euch hier supporten könnten.

Ich freue mich auf den weiteren Austausch.

Viele Grüße
[Ihr Name]
PathWize","<p>Hallo Herr Hertfelder,</p>
<p>wir stehen eng mit dem KI Bundesverband im Austausch und haben dort die Info erhalten, dass wir uns mal bei euch melden sollen, da unser Experten-Netzwerk ggf. spannend für euch sein könnte.</p>
<p>Wir bei <a href=""https://www.gopathwize.com"">PathWize</a> sind einer der führenden Anbieter für Data Labeling und Annotation im europäischen Raum. Mit einem Netzwerk von über 250.000 Experten können wir die richtigen Köpfe in unterschiedlichen Bereichen für sämtliche Data-Labeling-Bedarfe stellen.</p>
<p>Unternehmen wie z.B. Mistral AI und mittelständische Firmen bis hin zu Konzernen arbeiten bereits mit uns im Rahmen ihrer KI-Vorhaben (Post- und Pre-Training von Modellen, Data Labeling anhand von Bildern, RLHF etc.) zusammen.</p>
<p>Wenn Sie ebenfalls Bedarfe in diesen Bereichen haben, würden wir uns freuen, wenn wir euch hier supporten könnten.</p>
<p>Ich freue mich auf den weiteren Austausch.</p>
<p>Viele Grüße<br>[Ihr Name]<br>PathWize</p>","info@hertfelder.ai"
"232","Hainzelman GmbH","https://hainzelman.com/","Vielleicht","Robin Müller, Collin Müller","sales@hainzelman.com","funktional","Intro KI Bundesverband - z.Hd. Robin Müller - Data Labeling und Annotation für Ihre KI Vorhaben","Hallo Robin Müller,","Hallo Robin Müller,

wir stehen eng mit dem KI Bundesverband im Austausch und haben dort die Info erhalten, dass wir uns mal bei euch melden sollen, da unser Experten-Netzwerk ggf. spannend für euch sein könnte.

Wir bei PathWize sind einer der führenden Anbieter für Data Labeling und Annotation im europäischen Raum. Mit einem Netzwerk von über 250.000 Experten können wir die richtigen Köpfe in unterschiedlichen Bereichen für sämtliche Data-Labeling-Bedarfe stellen.

Unternehmen wie z.B. Mistral AI und mittelständische Firmen bis hin zu Konzernen arbeiten bereits mit uns im Rahmen ihrer KI-Vorhaben (Post- und Pre-Training von Modellen, Data Labeling anhand von Bildern, RLHF etc.) zusammen.

Wenn Sie ebenfalls Bedarfe in diesen Bereichen haben, würden wir uns freuen, wenn wir euch hier supporten könnten.

Ich freue mich auf den weiteren Austausch.

Viele Grüße
[Ihr Name]
PathWize","<p>Hallo Robin Müller,</p>
<p>wir stehen eng mit dem KI Bundesverband im Austausch und haben dort die Info erhalten, dass wir uns mal bei euch melden sollen, da unser Experten-Netzwerk ggf. spannend für euch sein könnte.</p>
<p>Wir bei <a href=""https://www.gopathwize.com"">PathWize</a> sind einer der führenden Anbieter für Data Labeling und Annotation im europäischen Raum. Mit einem Netzwerk von über 250.000 Experten können wir die richtigen Köpfe in unterschiedlichen Bereichen für sämtliche Data-Labeling-Bedarfe stellen.</p>
<p>Unternehmen wie z.B. Mistral AI und mittelständische Firmen bis hin zu Konzernen arbeiten bereits mit uns im Rahmen ihrer KI-Vorhaben (Post- und Pre-Training von Modellen, Data Labeling anhand von Bildern, RLHF etc.) zusammen.</p>
<p>Wenn Sie ebenfalls Bedarfe in diesen Bereichen haben, würden wir uns freuen, wenn wir euch hier supporten könnten.</p>
<p>Ich freue mich auf den weiteren Austausch.</p>
<p>Viele Grüße<br>[Ihr Name]<br>PathWize</p>","sales@hainzelman.com"
"233","HASE & IGEL GmbH","https://www.haseundigel.com/","Vielleicht","Jan Schoenmakers","kontakt@haseundigel.com","funktional","Intro KI Bundesverband - z.Hd. Jan Schoenmakers - Data Labeling und Annotation für Ihre KI Vorhaben","Hallo Herr Schoenmakers,","Hallo Herr Schoenmakers,

wir stehen eng mit dem KI Bundesverband im Austausch und haben dort die Info erhalten, dass wir uns mal bei euch melden sollen, da unser Experten-Netzwerk ggf. spannend für euch sein könnte.

Wir bei PathWize sind einer der führenden Anbieter für Data Labeling und Annotation im europäischen Raum. Mit einem Netzwerk von über 250.000 Experten können wir die richtigen Köpfe in unterschiedlichen Bereichen für sämtliche Data-Labeling-Bedarfe stellen.

Unternehmen wie z.B. Mistral AI und mittelständische Firmen bis hin zu Konzernen arbeiten bereits mit uns im Rahmen ihrer KI-Vorhaben (Post- und Pre-Training von Modellen, Data Labeling anhand von Bildern, RLHF etc.) zusammen.

Wenn Sie ebenfalls Bedarfe in diesen Bereichen haben, würden wir uns freuen, wenn wir euch hier supporten könnten.

Ich freue mich auf den weiteren Austausch.

Viele Grüße
[Ihr Name]
PathWize","<p>Hallo Herr Schoenmakers,</p>
<p>wir stehen eng mit dem KI Bundesverband im Austausch und haben dort die Info erhalten, dass wir uns mal bei euch melden sollen, da unser Experten-Netzwerk ggf. spannend für euch sein könnte.</p>
<p>Wir bei <a href=""https://www.gopathwize.com"">PathWize</a> sind einer der führenden Anbieter für Data Labeling und Annotation im europäischen Raum. Mit einem Netzwerk von über 250.000 Experten können wir die richtigen Köpfe in unterschiedlichen Bereichen für sämtliche Data-Labeling-Bedarfe stellen.</p>
<p>Unternehmen wie z.B. Mistral AI und mittelständische Firmen bis hin zu Konzernen arbeiten bereits mit uns im Rahmen ihrer KI-Vorhaben (Post- und Pre-Training von Modellen, Data Labeling anhand von Bildern, RLHF etc.) zusammen.</p>
<p>Wenn Sie ebenfalls Bedarfe in diesen Bereichen haben, würden wir uns freuen, wenn wir euch hier supporten könnten.</p>
<p>Ich freue mich auf den weiteren Austausch.</p>
<p>Viele Grüße<br>[Ihr Name]<br>PathWize</p>","kontakt@haseundigel.com"
"234","Heldenkombinat Technologies GmbH","https://www.heldenkombinat.com/","Ja","","website@heldenkombinat.com","funktional (Mitarbeiter-Mail)","Intro KI Bundesverband - Data Labeling und Annotation für Ihre KI Vorhaben","Guten Tag,","Guten Tag,

wir stehen eng mit dem KI Bundesverband im Austausch und haben dort die Info erhalten, dass wir uns mal bei euch melden sollen, da unser Experten-Netzwerk ggf. spannend für euch sein könnte.

Wir bei PathWize sind einer der führenden Anbieter für Data Labeling und Annotation im europäischen Raum. Mit einem Netzwerk von über 250.000 Experten können wir die richtigen Köpfe in unterschiedlichen Bereichen für sämtliche Data-Labeling-Bedarfe stellen.

Unternehmen wie z.B. Mistral AI und mittelständische Firmen bis hin zu Konzernen arbeiten bereits mit uns im Rahmen ihrer KI-Vorhaben (Post- und Pre-Training von Modellen, Data Labeling anhand von Bildern, RLHF etc.) zusammen.

Wenn Sie ebenfalls Bedarfe in diesen Bereichen haben, würden wir uns freuen, wenn wir euch hier supporten könnten.

Ich freue mich auf den weiteren Austausch.

Viele Grüße
[Ihr Name]
PathWize","<p>Guten Tag,</p>
<p>wir stehen eng mit dem KI Bundesverband im Austausch und haben dort die Info erhalten, dass wir uns mal bei euch melden sollen, da unser Experten-Netzwerk ggf. spannend für euch sein könnte.</p>
<p>Wir bei <a href=""https://www.gopathwize.com"">PathWize</a> sind einer der führenden Anbieter für Data Labeling und Annotation im europäischen Raum. Mit einem Netzwerk von über 250.000 Experten können wir die richtigen Köpfe in unterschiedlichen Bereichen für sämtliche Data-Labeling-Bedarfe stellen.</p>
<p>Unternehmen wie z.B. Mistral AI und mittelständische Firmen bis hin zu Konzernen arbeiten bereits mit uns im Rahmen ihrer KI-Vorhaben (Post- und Pre-Training von Modellen, Data Labeling anhand von Bildern, RLHF etc.) zusammen.</p>
<p>Wenn Sie ebenfalls Bedarfe in diesen Bereichen haben, würden wir uns freuen, wenn wir euch hier supporten könnten.</p>
<p>Ich freue mich auf den weiteren Austausch.</p>
<p>Viele Grüße<br>[Ihr Name]<br>PathWize</p>","website@heldenkombinat.com"
"235","hiqs GmbH","https://www.hiqs.de/","Vielleicht","Peter Alexander Sohl","info@hiqs.de","funktional","Intro KI Bundesverband - z.Hd. Peter Sohl - Data Labeling und Annotation für Ihre KI Vorhaben","Hallo Herr Sohl,","Hallo Herr Sohl,

wir stehen eng mit dem KI Bundesverband im Austausch und haben dort die Info erhalten, dass wir uns mal bei euch melden sollen, da unser Experten-Netzwerk ggf. spannend für euch sein könnte.

Wir bei PathWize sind einer der führenden Anbieter für Data Labeling und Annotation im europäischen Raum. Mit einem Netzwerk von über 250.000 Experten können wir die richtigen Köpfe in unterschiedlichen Bereichen für sämtliche Data-Labeling-Bedarfe stellen.

Unternehmen wie z.B. Mistral AI und mittelständische Firmen bis hin zu Konzernen arbeiten bereits mit uns im Rahmen ihrer KI-Vorhaben (Post- und Pre-Training von Modellen, Data Labeling anhand von Bildern, RLHF etc.) zusammen.

Wenn Sie ebenfalls Bedarfe in diesen Bereichen haben, würden wir uns freuen, wenn wir euch hier supporten könnten.

Ich freue mich auf den weiteren Austausch.

Viele Grüße
[Ihr Name]
PathWize","<p>Hallo Herr Sohl,</p>
<p>wir stehen eng mit dem KI Bundesverband im Austausch und haben dort die Info erhalten, dass wir uns mal bei euch melden sollen, da unser Experten-Netzwerk ggf. spannend für euch sein könnte.</p>
<p>Wir bei <a href=""https://www.gopathwize.com"">PathWize</a> sind einer der führenden Anbieter für Data Labeling und Annotation im europäischen Raum. Mit einem Netzwerk von über 250.000 Experten können wir die richtigen Köpfe in unterschiedlichen Bereichen für sämtliche Data-Labeling-Bedarfe stellen.</p>
<p>Unternehmen wie z.B. Mistral AI und mittelständische Firmen bis hin zu Konzernen arbeiten bereits mit uns im Rahmen ihrer KI-Vorhaben (Post- und Pre-Training von Modellen, Data Labeling anhand von Bildern, RLHF etc.) zusammen.</p>
<p>Wenn Sie ebenfalls Bedarfe in diesen Bereichen haben, würden wir uns freuen, wenn wir euch hier supporten könnten.</p>
<p>Ich freue mich auf den weiteren Austausch.</p>
<p>Viele Grüße<br>[Ihr Name]<br>PathWize</p>","info@hiqs.de"
"236","Hitachi Solutions Germany GmbH","https://www.hitachi-solutions.de/","Vielleicht","Steven French, Yasushi Miura","","keine Mail gefunden","Intro KI Bundesverband - z.Hd. Steven French - Data Labeling und Annotation für Ihre KI Vorhaben","Hallo Herr French,","Hallo Herr French,

wir stehen eng mit dem KI Bundesverband im Austausch und haben dort die Info erhalten, dass wir uns mal bei euch melden sollen, da unser Experten-Netzwerk ggf. spannend für euch sein könnte.

Wir bei PathWize sind einer der führenden Anbieter für Data Labeling und Annotation im europäischen Raum. Mit einem Netzwerk von über 250.000 Experten können wir die richtigen Köpfe in unterschiedlichen Bereichen für sämtliche Data-Labeling-Bedarfe stellen.

Unternehmen wie z.B. Mistral AI und mittelständische Firmen bis hin zu Konzernen arbeiten bereits mit uns im Rahmen ihrer KI-Vorhaben (Post- und Pre-Training von Modellen, Data Labeling anhand von Bildern, RLHF etc.) zusammen.

Wenn Sie ebenfalls Bedarfe in diesen Bereichen haben, würden wir uns freuen, wenn wir euch hier supporten könnten.

Ich freue mich auf den weiteren Austausch.

Viele Grüße
[Ihr Name]
PathWize","<p>Hallo Herr French,</p>
<p>wir stehen eng mit dem KI Bundesverband im Austausch und haben dort die Info erhalten, dass wir uns mal bei euch melden sollen, da unser Experten-Netzwerk ggf. spannend für euch sein könnte.</p>
<p>Wir bei <a href=""https://www.gopathwize.com"">PathWize</a> sind einer der führenden Anbieter für Data Labeling und Annotation im europäischen Raum. Mit einem Netzwerk von über 250.000 Experten können wir die richtigen Köpfe in unterschiedlichen Bereichen für sämtliche Data-Labeling-Bedarfe stellen.</p>
<p>Unternehmen wie z.B. Mistral AI und mittelständische Firmen bis hin zu Konzernen arbeiten bereits mit uns im Rahmen ihrer KI-Vorhaben (Post- und Pre-Training von Modellen, Data Labeling anhand von Bildern, RLHF etc.) zusammen.</p>
<p>Wenn Sie ebenfalls Bedarfe in diesen Bereichen haben, würden wir uns freuen, wenn wir euch hier supporten könnten.</p>
<p>Ich freue mich auf den weiteren Austausch.</p>
<p>Viele Grüße<br>[Ihr Name]<br>PathWize</p>",""
"237","Holocene GmbH","https://www.holocene.eu/","Vielleicht","Navneet Lekshminarayanan","info@holocene.eu","funktional","Intro KI Bundesverband - z.Hd. Navneet Lekshminarayanan - Data Labeling und Annotation für Ihre KI Vorhaben","Hallo Navneet Lekshminarayanan,","Hallo Navneet Lekshminarayanan,

wir stehen eng mit dem KI Bundesverband im Austausch und haben dort die Info erhalten, dass wir uns mal bei euch melden sollen, da unser Experten-Netzwerk ggf. spannend für euch sein könnte.

Wir bei PathWize sind einer der führenden Anbieter für Data Labeling und Annotation im europäischen Raum. Mit einem Netzwerk von über 250.000 Experten können wir die richtigen Köpfe in unterschiedlichen Bereichen für sämtliche Data-Labeling-Bedarfe stellen.

Unternehmen wie z.B. Mistral AI und mittelständische Firmen bis hin zu Konzernen arbeiten bereits mit uns im Rahmen ihrer KI-Vorhaben (Post- und Pre-Training von Modellen, Data Labeling anhand von Bildern, RLHF etc.) zusammen.

Wenn Sie ebenfalls Bedarfe in diesen Bereichen haben, würden wir uns freuen, wenn wir euch hier supporten könnten.

Ich freue mich auf den weiteren Austausch.

Viele Grüße
[Ihr Name]
PathWize","<p>Hallo Navneet Lekshminarayanan,</p>
<p>wir stehen eng mit dem KI Bundesverband im Austausch und haben dort die Info erhalten, dass wir uns mal bei euch melden sollen, da unser Experten-Netzwerk ggf. spannend für euch sein könnte.</p>
<p>Wir bei <a href=""https://www.gopathwize.com"">PathWize</a> sind einer der führenden Anbieter für Data Labeling und Annotation im europäischen Raum. Mit einem Netzwerk von über 250.000 Experten können wir die richtigen Köpfe in unterschiedlichen Bereichen für sämtliche Data-Labeling-Bedarfe stellen.</p>
<p>Unternehmen wie z.B. Mistral AI und mittelständische Firmen bis hin zu Konzernen arbeiten bereits mit uns im Rahmen ihrer KI-Vorhaben (Post- und Pre-Training von Modellen, Data Labeling anhand von Bildern, RLHF etc.) zusammen.</p>
<p>Wenn Sie ebenfalls Bedarfe in diesen Bereichen haben, würden wir uns freuen, wenn wir euch hier supporten könnten.</p>
<p>Ich freue mich auf den weiteren Austausch.</p>
<p>Viele Grüße<br>[Ihr Name]<br>PathWize</p>","info@holocene.eu"
"238","HS Analysis GmbH","https://www.hs-analysis.com/","Ja","Sergey Biniaminov (CEO)","info@hs-analysis.com","funktional","Intro KI Bundesverband - z.Hd. Sergey Biniaminov - Data Labeling und Annotation für Ihre KI Vorhaben","Hallo Herr Biniaminov,","Hallo Herr Biniaminov,

wir stehen eng mit dem KI Bundesverband im Austausch und haben dort die Info erhalten, dass wir uns mal bei euch melden sollen, da unser Experten-Netzwerk ggf. spannend für euch sein könnte.

Wir bei PathWize sind einer der führenden Anbieter für Data Labeling und Annotation im europäischen Raum. Mit einem Netzwerk von über 250.000 Experten können wir die richtigen Köpfe in unterschiedlichen Bereichen für sämtliche Data-Labeling-Bedarfe stellen.

Unternehmen wie z.B. Mistral AI und mittelständische Firmen bis hin zu Konzernen arbeiten bereits mit uns im Rahmen ihrer KI-Vorhaben (Post- und Pre-Training von Modellen, Data Labeling anhand von Bildern, RLHF etc.) zusammen.

Wenn Sie ebenfalls Bedarfe in diesen Bereichen haben, würden wir uns freuen, wenn wir euch hier supporten könnten.

Ich freue mich auf den weiteren Austausch.

Viele Grüße
[Ihr Name]
PathWize","<p>Hallo Herr Biniaminov,</p>
<p>wir stehen eng mit dem KI Bundesverband im Austausch und haben dort die Info erhalten, dass wir uns mal bei euch melden sollen, da unser Experten-Netzwerk ggf. spannend für euch sein könnte.</p>
<p>Wir bei <a href=""https://www.gopathwize.com"">PathWize</a> sind einer der führenden Anbieter für Data Labeling und Annotation im europäischen Raum. Mit einem Netzwerk von über 250.000 Experten können wir die richtigen Köpfe in unterschiedlichen Bereichen für sämtliche Data-Labeling-Bedarfe stellen.</p>
<p>Unternehmen wie z.B. Mistral AI und mittelständische Firmen bis hin zu Konzernen arbeiten bereits mit uns im Rahmen ihrer KI-Vorhaben (Post- und Pre-Training von Modellen, Data Labeling anhand von Bildern, RLHF etc.) zusammen.</p>
<p>Wenn Sie ebenfalls Bedarfe in diesen Bereichen haben, würden wir uns freuen, wenn wir euch hier supporten könnten.</p>
<p>Ich freue mich auf den weiteren Austausch.</p>
<p>Viele Grüße<br>[Ihr Name]<br>PathWize</p>","info@hs-analysis.com"
"240","idalab GmbH","https://idalab.de/","Vielleicht","Dr. Paul von Bünau","hello@idalab.de","funktional","Intro KI Bundesverband - z.Hd. Paul Bünau - Data Labeling und Annotation für Ihre KI Vorhaben","Hallo Herr Dr. Bünau,","Hallo Herr Dr. Bünau,

wir stehen eng mit dem KI Bundesverband im Austausch und haben dort die Info erhalten, dass wir uns mal bei euch melden sollen, da unser Experten-Netzwerk ggf. spannend für euch sein könnte.

Wir bei PathWize sind einer der führenden Anbieter für Data Labeling und Annotation im europäischen Raum. Mit einem Netzwerk von über 250.000 Experten können wir die richtigen Köpfe in unterschiedlichen Bereichen für sämtliche Data-Labeling-Bedarfe stellen.

Unternehmen wie z.B. Mistral AI und mittelständische Firmen bis hin zu Konzernen arbeiten bereits mit uns im Rahmen ihrer KI-Vorhaben (Post- und Pre-Training von Modellen, Data Labeling anhand von Bildern, RLHF etc.) zusammen.

Wenn Sie ebenfalls Bedarfe in diesen Bereichen haben, würden wir uns freuen, wenn wir euch hier supporten könnten.

Ich freue mich auf den weiteren Austausch.

Viele Grüße
[Ihr Name]
PathWize","<p>Hallo Herr Dr. Bünau,</p>
<p>wir stehen eng mit dem KI Bundesverband im Austausch und haben dort die Info erhalten, dass wir uns mal bei euch melden sollen, da unser Experten-Netzwerk ggf. spannend für euch sein könnte.</p>
<p>Wir bei <a href=""https://www.gopathwize.com"">PathWize</a> sind einer der führenden Anbieter für Data Labeling und Annotation im europäischen Raum. Mit einem Netzwerk von über 250.000 Experten können wir die richtigen Köpfe in unterschiedlichen Bereichen für sämtliche Data-Labeling-Bedarfe stellen.</p>
<p>Unternehmen wie z.B. Mistral AI und mittelständische Firmen bis hin zu Konzernen arbeiten bereits mit uns im Rahmen ihrer KI-Vorhaben (Post- und Pre-Training von Modellen, Data Labeling anhand von Bildern, RLHF etc.) zusammen.</p>
<p>Wenn Sie ebenfalls Bedarfe in diesen Bereichen haben, würden wir uns freuen, wenn wir euch hier supporten könnten.</p>
<p>Ich freue mich auf den weiteren Austausch.</p>
<p>Viele Grüße<br>[Ihr Name]<br>PathWize</p>","hello@idalab.de"
"241","IDS Imaging Development Systems GmbH","https://de.ids-imaging.com/","Ja","Jan Hartmann, Alexander Lewinsky","","keine Mail gefunden","Intro KI Bundesverband - z.Hd. Jan Hartmann - Data Labeling und Annotation für Ihre KI Vorhaben","Hallo Herr Hartmann,","Hallo Herr Hartmann,

wir stehen eng mit dem KI Bundesverband im Austausch und haben dort die Info erhalten, dass wir uns mal bei euch melden sollen, da unser Experten-Netzwerk ggf. spannend für euch sein könnte.

Wir bei PathWize sind einer der führenden Anbieter für Data Labeling und Annotation im europäischen Raum. Mit einem Netzwerk von über 250.000 Experten können wir die richtigen Köpfe in unterschiedlichen Bereichen für sämtliche Data-Labeling-Bedarfe stellen.

Unternehmen wie z.B. Mistral AI und mittelständische Firmen bis hin zu Konzernen arbeiten bereits mit uns im Rahmen ihrer KI-Vorhaben (Post- und Pre-Training von Modellen, Data Labeling anhand von Bildern, RLHF etc.) zusammen.

Wenn Sie ebenfalls Bedarfe in diesen Bereichen haben, würden wir uns freuen, wenn wir euch hier supporten könnten.

Ich freue mich auf den weiteren Austausch.

Viele Grüße
[Ihr Name]
PathWize","<p>Hallo Herr Hartmann,</p>
<p>wir stehen eng mit dem KI Bundesverband im Austausch und haben dort die Info erhalten, dass wir uns mal bei euch melden sollen, da unser Experten-Netzwerk ggf. spannend für euch sein könnte.</p>
<p>Wir bei <a href=""https://www.gopathwize.com"">PathWize</a> sind einer der führenden Anbieter für Data Labeling und Annotation im europäischen Raum. Mit einem Netzwerk von über 250.000 Experten können wir die richtigen Köpfe in unterschiedlichen Bereichen für sämtliche Data-Labeling-Bedarfe stellen.</p>
<p>Unternehmen wie z.B. Mistral AI und mittelständische Firmen bis hin zu Konzernen arbeiten bereits mit uns im Rahmen ihrer KI-Vorhaben (Post- und Pre-Training von Modellen, Data Labeling anhand von Bildern, RLHF etc.) zusammen.</p>
<p>Wenn Sie ebenfalls Bedarfe in diesen Bereichen haben, würden wir uns freuen, wenn wir euch hier supporten könnten.</p>
<p>Ich freue mich auf den weiteren Austausch.</p>
<p>Viele Grüße<br>[Ihr Name]<br>PathWize</p>",""
"242","ifm statmath gmbh","https://www.statmath.de/","Vielleicht","Dr. Alexander Hoffmann","statmath@ifm.com","funktional (Mitarbeiter-Mail)","Intro KI Bundesverband - z.Hd. Alexander Hoffmann - Data Labeling und Annotation für Ihre KI Vorhaben","Hallo Herr Dr. Hoffmann,","Hallo Herr Dr. Hoffmann,

wir stehen eng mit dem KI Bundesverband im Austausch und haben dort die Info erhalten, dass wir uns mal bei euch melden sollen, da unser Experten-Netzwerk ggf. spannend für euch sein könnte.

Wir bei PathWize sind einer der führenden Anbieter für Data Labeling und Annotation im europäischen Raum. Mit einem Netzwerk von über 250.000 Experten können wir die richtigen Köpfe in unterschiedlichen Bereichen für sämtliche Data-Labeling-Bedarfe stellen.

Unternehmen wie z.B. Mistral AI und mittelständische Firmen bis hin zu Konzernen arbeiten bereits mit uns im Rahmen ihrer KI-Vorhaben (Post- und Pre-Training von Modellen, Data Labeling anhand von Bildern, RLHF etc.) zusammen.

Wenn Sie ebenfalls Bedarfe in diesen Bereichen haben, würden wir uns freuen, wenn wir euch hier supporten könnten.

Ich freue mich auf den weiteren Austausch.

Viele Grüße
[Ihr Name]
PathWize","<p>Hallo Herr Dr. Hoffmann,</p>
<p>wir stehen eng mit dem KI Bundesverband im Austausch und haben dort die Info erhalten, dass wir uns mal bei euch melden sollen, da unser Experten-Netzwerk ggf. spannend für euch sein könnte.</p>
<p>Wir bei <a href=""https://www.gopathwize.com"">PathWize</a> sind einer der führenden Anbieter für Data Labeling und Annotation im europäischen Raum. Mit einem Netzwerk von über 250.000 Experten können wir die richtigen Köpfe in unterschiedlichen Bereichen für sämtliche Data-Labeling-Bedarfe stellen.</p>
<p>Unternehmen wie z.B. Mistral AI und mittelständische Firmen bis hin zu Konzernen arbeiten bereits mit uns im Rahmen ihrer KI-Vorhaben (Post- und Pre-Training von Modellen, Data Labeling anhand von Bildern, RLHF etc.) zusammen.</p>
<p>Wenn Sie ebenfalls Bedarfe in diesen Bereichen haben, würden wir uns freuen, wenn wir euch hier supporten könnten.</p>
<p>Ich freue mich auf den weiteren Austausch.</p>
<p>Viele Grüße<br>[Ihr Name]<br>PathWize</p>","statmath@ifm.com"
"244","INFOMOTION","https://www.infomotion.de/unternehmen/themen/big-data-advanced-analytics/kuenstliche-intelligenz/","Vielleicht","Mark Zimmermann (CTO), Andreas Naunin (CEO), Oliver Blüher (CBDO)","info@infomotion.de","funktional","Intro KI Bundesverband - z.Hd. Mark Zimmermann - Data Labeling und Annotation für Ihre KI Vorhaben","Hallo Herr Zimmermann,","Hallo Herr Zimmermann,

wir stehen eng mit dem KI Bundesverband im Austausch und haben dort die Info erhalten, dass wir uns mal bei euch melden sollen, da unser Experten-Netzwerk ggf. spannend für euch sein könnte.

Wir bei PathWize sind einer der führenden Anbieter für Data Labeling und Annotation im europäischen Raum. Mit einem Netzwerk von über 250.000 Experten können wir die richtigen Köpfe in unterschiedlichen Bereichen für sämtliche Data-Labeling-Bedarfe stellen.

Unternehmen wie z.B. Mistral AI und mittelständische Firmen bis hin zu Konzernen arbeiten bereits mit uns im Rahmen ihrer KI-Vorhaben (Post- und Pre-Training von Modellen, Data Labeling anhand von Bildern, RLHF etc.) zusammen.

Wenn Sie ebenfalls Bedarfe in diesen Bereichen haben, würden wir uns freuen, wenn wir euch hier supporten könnten.

Ich freue mich auf den weiteren Austausch.

Viele Grüße
[Ihr Name]
PathWize","<p>Hallo Herr Zimmermann,</p>
<p>wir stehen eng mit dem KI Bundesverband im Austausch und haben dort die Info erhalten, dass wir uns mal bei euch melden sollen, da unser Experten-Netzwerk ggf. spannend für euch sein könnte.</p>
<p>Wir bei <a href=""https://www.gopathwize.com"">PathWize</a> sind einer der führenden Anbieter für Data Labeling und Annotation im europäischen Raum. Mit einem Netzwerk von über 250.000 Experten können wir die richtigen Köpfe in unterschiedlichen Bereichen für sämtliche Data-Labeling-Bedarfe stellen.</p>
<p>Unternehmen wie z.B. Mistral AI und mittelständische Firmen bis hin zu Konzernen arbeiten bereits mit uns im Rahmen ihrer KI-Vorhaben (Post- und Pre-Training von Modellen, Data Labeling anhand von Bildern, RLHF etc.) zusammen.</p>
<p>Wenn Sie ebenfalls Bedarfe in diesen Bereichen haben, würden wir uns freuen, wenn wir euch hier supporten könnten.</p>
<p>Ich freue mich auf den weiteren Austausch.</p>
<p>Viele Grüße<br>[Ihr Name]<br>PathWize</p>","info@infomotion.de"
"245","INFORM GmbH","https://www.inform-software.de/","Vielleicht","Dr. Andreas Meyer, Peter Frerichs","info@inform-software.com","funktional","Intro KI Bundesverband - z.Hd. Andreas Meyer - Data Labeling und Annotation für Ihre KI Vorhaben","Hallo Herr Dr. Meyer,","Hallo Herr Dr. Meyer,

wir stehen eng mit dem KI Bundesverband im Austausch und haben dort die Info erhalten, dass wir uns mal bei euch melden sollen, da unser Experten-Netzwerk ggf. spannend für euch sein könnte.

Wir bei PathWize sind einer der führenden Anbieter für Data Labeling und Annotation im europäischen Raum. Mit einem Netzwerk von über 250.000 Experten können wir die richtigen Köpfe in unterschiedlichen Bereichen für sämtliche Data-Labeling-Bedarfe stellen.

Unternehmen wie z.B. Mistral AI und mittelständische Firmen bis hin zu Konzernen arbeiten bereits mit uns im Rahmen ihrer KI-Vorhaben (Post- und Pre-Training von Modellen, Data Labeling anhand von Bildern, RLHF etc.) zusammen.

Wenn Sie ebenfalls Bedarfe in diesen Bereichen haben, würden wir uns freuen, wenn wir euch hier supporten könnten.

Ich freue mich auf den weiteren Austausch.

Viele Grüße
[Ihr Name]
PathWize","<p>Hallo Herr Dr. Meyer,</p>
<p>wir stehen eng mit dem KI Bundesverband im Austausch und haben dort die Info erhalten, dass wir uns mal bei euch melden sollen, da unser Experten-Netzwerk ggf. spannend für euch sein könnte.</p>
<p>Wir bei <a href=""https://www.gopathwize.com"">PathWize</a> sind einer der führenden Anbieter für Data Labeling und Annotation im europäischen Raum. Mit einem Netzwerk von über 250.000 Experten können wir die richtigen Köpfe in unterschiedlichen Bereichen für sämtliche Data-Labeling-Bedarfe stellen.</p>
<p>Unternehmen wie z.B. Mistral AI und mittelständische Firmen bis hin zu Konzernen arbeiten bereits mit uns im Rahmen ihrer KI-Vorhaben (Post- und Pre-Training von Modellen, Data Labeling anhand von Bildern, RLHF etc.) zusammen.</p>
<p>Wenn Sie ebenfalls Bedarfe in diesen Bereichen haben, würden wir uns freuen, wenn wir euch hier supporten könnten.</p>
<p>Ich freue mich auf den weiteren Austausch.</p>
<p>Viele Grüße<br>[Ihr Name]<br>PathWize</p>","info@inform-software.com; webmaster@inform-software.com"
"246","Inlinity Technologies GmbH","https://www.inlinity.ai/","Vielleicht","Kilian Kluge","hello@inlinity.ai","funktional","Intro KI Bundesverband - z.Hd. Kilian Kluge - Data Labeling und Annotation für Ihre KI Vorhaben","Hallo Herr Kluge,","Hallo Herr Kluge,

wir stehen eng mit dem KI Bundesverband im Austausch und haben dort die Info erhalten, dass wir uns mal bei euch melden sollen, da unser Experten-Netzwerk ggf. spannend für euch sein könnte.

Wir bei PathWize sind einer der führenden Anbieter für Data Labeling und Annotation im europäischen Raum. Mit einem Netzwerk von über 250.000 Experten können wir die richtigen Köpfe in unterschiedlichen Bereichen für sämtliche Data-Labeling-Bedarfe stellen.

Unternehmen wie z.B. Mistral AI und mittelständische Firmen bis hin zu Konzernen arbeiten bereits mit uns im Rahmen ihrer KI-Vorhaben (Post- und Pre-Training von Modellen, Data Labeling anhand von Bildern, RLHF etc.) zusammen.

Wenn Sie ebenfalls Bedarfe in diesen Bereichen haben, würden wir uns freuen, wenn wir euch hier supporten könnten.

Ich freue mich auf den weiteren Austausch.

Viele Grüße
[Ihr Name]
PathWize","<p>Hallo Herr Kluge,</p>
<p>wir stehen eng mit dem KI Bundesverband im Austausch und haben dort die Info erhalten, dass wir uns mal bei euch melden sollen, da unser Experten-Netzwerk ggf. spannend für euch sein könnte.</p>
<p>Wir bei <a href=""https://www.gopathwize.com"">PathWize</a> sind einer der führenden Anbieter für Data Labeling und Annotation im europäischen Raum. Mit einem Netzwerk von über 250.000 Experten können wir die richtigen Köpfe in unterschiedlichen Bereichen für sämtliche Data-Labeling-Bedarfe stellen.</p>
<p>Unternehmen wie z.B. Mistral AI und mittelständische Firmen bis hin zu Konzernen arbeiten bereits mit uns im Rahmen ihrer KI-Vorhaben (Post- und Pre-Training von Modellen, Data Labeling anhand von Bildern, RLHF etc.) zusammen.</p>
<p>Wenn Sie ebenfalls Bedarfe in diesen Bereichen haben, würden wir uns freuen, wenn wir euch hier supporten könnten.</p>
<p>Ich freue mich auf den weiteren Austausch.</p>
<p>Viele Grüße<br>[Ihr Name]<br>PathWize</p>","hello@inlinity.ai"
"247","innFactory GAI Consulting GmbH","https://innfactory.ai/","Vielleicht","Tobias Jonas, Fabian Artmann","info@innfactory.ai","funktional","Intro KI Bundesverband - z.Hd. Tobias Jonas - Data Labeling und Annotation für Ihre KI Vorhaben","Hallo Herr Jonas,","Hallo Herr Jonas,

wir stehen eng mit dem KI Bundesverband im Austausch und haben dort die Info erhalten, dass wir uns mal bei euch melden sollen, da unser Experten-Netzwerk ggf. spannend für euch sein könnte.

Wir bei PathWize sind einer der führenden Anbieter für Data Labeling und Annotation im europäischen Raum. Mit einem Netzwerk von über 250.000 Experten können wir die richtigen Köpfe in unterschiedlichen Bereichen für sämtliche Data-Labeling-Bedarfe stellen.

Unternehmen wie z.B. Mistral AI und mittelständische Firmen bis hin zu Konzernen arbeiten bereits mit uns im Rahmen ihrer KI-Vorhaben (Post- und Pre-Training von Modellen, Data Labeling anhand von Bildern, RLHF etc.) zusammen.

Wenn Sie ebenfalls Bedarfe in diesen Bereichen haben, würden wir uns freuen, wenn wir euch hier supporten könnten.

Ich freue mich auf den weiteren Austausch.

Viele Grüße
[Ihr Name]
PathWize","<p>Hallo Herr Jonas,</p>
<p>wir stehen eng mit dem KI Bundesverband im Austausch und haben dort die Info erhalten, dass wir uns mal bei euch melden sollen, da unser Experten-Netzwerk ggf. spannend für euch sein könnte.</p>
<p>Wir bei <a href=""https://www.gopathwize.com"">PathWize</a> sind einer der führenden Anbieter für Data Labeling und Annotation im europäischen Raum. Mit einem Netzwerk von über 250.000 Experten können wir die richtigen Köpfe in unterschiedlichen Bereichen für sämtliche Data-Labeling-Bedarfe stellen.</p>
<p>Unternehmen wie z.B. Mistral AI und mittelständische Firmen bis hin zu Konzernen arbeiten bereits mit uns im Rahmen ihrer KI-Vorhaben (Post- und Pre-Training von Modellen, Data Labeling anhand von Bildern, RLHF etc.) zusammen.</p>
<p>Wenn Sie ebenfalls Bedarfe in diesen Bereichen haben, würden wir uns freuen, wenn wir euch hier supporten könnten.</p>
<p>Ich freue mich auf den weiteren Austausch.</p>
<p>Viele Grüße<br>[Ihr Name]<br>PathWize</p>","info@innfactory.ai"
"248","Innomatik AG","https://www.innomatik.com/","Vielleicht","Dr.-Ing. Peter Merkel (Vorstand); Adrian P. Merkel (Aufsichtsratsvorsitzender)","info@innomatik.com","funktional","Intro KI Bundesverband - z.Hd. Peter Merkel - Data Labeling und Annotation für Ihre KI Vorhaben","Hallo Herr Dr.-Ing. Merkel,","Hallo Herr Dr.-Ing. Merkel,

wir stehen eng mit dem KI Bundesverband im Austausch und haben dort die Info erhalten, dass wir uns mal bei euch melden sollen, da unser Experten-Netzwerk ggf. spannend für euch sein könnte.

Wir bei PathWize sind einer der führenden Anbieter für Data Labeling und Annotation im europäischen Raum. Mit einem Netzwerk von über 250.000 Experten können wir die richtigen Köpfe in unterschiedlichen Bereichen für sämtliche Data-Labeling-Bedarfe stellen.

Unternehmen wie z.B. Mistral AI und mittelständische Firmen bis hin zu Konzernen arbeiten bereits mit uns im Rahmen ihrer KI-Vorhaben (Post- und Pre-Training von Modellen, Data Labeling anhand von Bildern, RLHF etc.) zusammen.

Wenn Sie ebenfalls Bedarfe in diesen Bereichen haben, würden wir uns freuen, wenn wir euch hier supporten könnten.

Ich freue mich auf den weiteren Austausch.

Viele Grüße
[Ihr Name]
PathWize","<p>Hallo Herr Dr.-Ing. Merkel,</p>
<p>wir stehen eng mit dem KI Bundesverband im Austausch und haben dort die Info erhalten, dass wir uns mal bei euch melden sollen, da unser Experten-Netzwerk ggf. spannend für euch sein könnte.</p>
<p>Wir bei <a href=""https://www.gopathwize.com"">PathWize</a> sind einer der führenden Anbieter für Data Labeling und Annotation im europäischen Raum. Mit einem Netzwerk von über 250.000 Experten können wir die richtigen Köpfe in unterschiedlichen Bereichen für sämtliche Data-Labeling-Bedarfe stellen.</p>
<p>Unternehmen wie z.B. Mistral AI und mittelständische Firmen bis hin zu Konzernen arbeiten bereits mit uns im Rahmen ihrer KI-Vorhaben (Post- und Pre-Training von Modellen, Data Labeling anhand von Bildern, RLHF etc.) zusammen.</p>
<p>Wenn Sie ebenfalls Bedarfe in diesen Bereichen haben, würden wir uns freuen, wenn wir euch hier supporten könnten.</p>
<p>Ich freue mich auf den weiteren Austausch.</p>
<p>Viele Grüße<br>[Ihr Name]<br>PathWize</p>","info@innomatik.com"
"249","Innoplexus AG","https://www.innoplexus.com/","Ja","Gunjan Bhardwaj (CEO/Gründer)","info@partex.ai","funktional","Intro KI Bundesverband - z.Hd. Gunjan Bhardwaj - Data Labeling und Annotation für Ihre KI Vorhaben","Hallo Gunjan Bhardwaj,","Hallo Gunjan Bhardwaj,

wir stehen eng mit dem KI Bundesverband im Austausch und haben dort die Info erhalten, dass wir uns mal bei euch melden sollen, da unser Experten-Netzwerk ggf. spannend für euch sein könnte.

Wir bei PathWize sind einer der führenden Anbieter für Data Labeling und Annotation im europäischen Raum. Mit einem Netzwerk von über 250.000 Experten können wir die richtigen Köpfe in unterschiedlichen Bereichen für sämtliche Data-Labeling-Bedarfe stellen.

Unternehmen wie z.B. Mistral AI und mittelständische Firmen bis hin zu Konzernen arbeiten bereits mit uns im Rahmen ihrer KI-Vorhaben (Post- und Pre-Training von Modellen, Data Labeling anhand von Bildern, RLHF etc.) zusammen.

Wenn Sie ebenfalls Bedarfe in diesen Bereichen haben, würden wir uns freuen, wenn wir euch hier supporten könnten.

Ich freue mich auf den weiteren Austausch.

Viele Grüße
[Ihr Name]
PathWize","<p>Hallo Gunjan Bhardwaj,</p>
<p>wir stehen eng mit dem KI Bundesverband im Austausch und haben dort die Info erhalten, dass wir uns mal bei euch melden sollen, da unser Experten-Netzwerk ggf. spannend für euch sein könnte.</p>
<p>Wir bei <a href=""https://www.gopathwize.com"">PathWize</a> sind einer der führenden Anbieter für Data Labeling und Annotation im europäischen Raum. Mit einem Netzwerk von über 250.000 Experten können wir die richtigen Köpfe in unterschiedlichen Bereichen für sämtliche Data-Labeling-Bedarfe stellen.</p>
<p>Unternehmen wie z.B. Mistral AI und mittelständische Firmen bis hin zu Konzernen arbeiten bereits mit uns im Rahmen ihrer KI-Vorhaben (Post- und Pre-Training von Modellen, Data Labeling anhand von Bildern, RLHF etc.) zusammen.</p>
<p>Wenn Sie ebenfalls Bedarfe in diesen Bereichen haben, würden wir uns freuen, wenn wir euch hier supporten könnten.</p>
<p>Ich freue mich auf den weiteren Austausch.</p>
<p>Viele Grüße<br>[Ihr Name]<br>PathWize</p>","info@partex.ai"
"250","inovex GmbH","https://www.inovex.de/de/","Vielleicht","Stephan Müller, Tobias Joch","info@inovex.de","funktional","Intro KI Bundesverband - z.Hd. Stephan Müller - Data Labeling und Annotation für Ihre KI Vorhaben","Hallo Herr Müller,","Hallo Herr Müller,

wir stehen eng mit dem KI Bundesverband im Austausch und haben dort die Info erhalten, dass wir uns mal bei euch melden sollen, da unser Experten-Netzwerk ggf. spannend für euch sein könnte.

Wir bei PathWize sind einer der führenden Anbieter für Data Labeling und Annotation im europäischen Raum. Mit einem Netzwerk von über 250.000 Experten können wir die richtigen Köpfe in unterschiedlichen Bereichen für sämtliche Data-Labeling-Bedarfe stellen.

Unternehmen wie z.B. Mistral AI und mittelständische Firmen bis hin zu Konzernen arbeiten bereits mit uns im Rahmen ihrer KI-Vorhaben (Post- und Pre-Training von Modellen, Data Labeling anhand von Bildern, RLHF etc.) zusammen.

Wenn Sie ebenfalls Bedarfe in diesen Bereichen haben, würden wir uns freuen, wenn wir euch hier supporten könnten.

Ich freue mich auf den weiteren Austausch.

Viele Grüße
[Ihr Name]
PathWize","<p>Hallo Herr Müller,</p>
<p>wir stehen eng mit dem KI Bundesverband im Austausch und haben dort die Info erhalten, dass wir uns mal bei euch melden sollen, da unser Experten-Netzwerk ggf. spannend für euch sein könnte.</p>
<p>Wir bei <a href=""https://www.gopathwize.com"">PathWize</a> sind einer der führenden Anbieter für Data Labeling und Annotation im europäischen Raum. Mit einem Netzwerk von über 250.000 Experten können wir die richtigen Köpfe in unterschiedlichen Bereichen für sämtliche Data-Labeling-Bedarfe stellen.</p>
<p>Unternehmen wie z.B. Mistral AI und mittelständische Firmen bis hin zu Konzernen arbeiten bereits mit uns im Rahmen ihrer KI-Vorhaben (Post- und Pre-Training von Modellen, Data Labeling anhand von Bildern, RLHF etc.) zusammen.</p>
<p>Wenn Sie ebenfalls Bedarfe in diesen Bereichen haben, würden wir uns freuen, wenn wir euch hier supporten könnten.</p>
<p>Ich freue mich auf den weiteren Austausch.</p>
<p>Viele Grüße<br>[Ihr Name]<br>PathWize</p>","info@inovex.de"
"252","insage GmbH","http://www.insage.io/","Vielleicht","Simon Engelhorn, Marc Schauer, Matthias Storch","info@insage.io","funktional","Intro KI Bundesverband - z.Hd. Simon Engelhorn - Data Labeling und Annotation für Ihre KI Vorhaben","Hallo Herr Engelhorn,","Hallo Herr Engelhorn,

wir stehen eng mit dem KI Bundesverband im Austausch und haben dort die Info erhalten, dass wir uns mal bei euch melden sollen, da unser Experten-Netzwerk ggf. spannend für euch sein könnte.

Wir bei PathWize sind einer der führenden Anbieter für Data Labeling und Annotation im europäischen Raum. Mit einem Netzwerk von über 250.000 Experten können wir die richtigen Köpfe in unterschiedlichen Bereichen für sämtliche Data-Labeling-Bedarfe stellen.

Unternehmen wie z.B. Mistral AI und mittelständische Firmen bis hin zu Konzernen arbeiten bereits mit uns im Rahmen ihrer KI-Vorhaben (Post- und Pre-Training von Modellen, Data Labeling anhand von Bildern, RLHF etc.) zusammen.

Wenn Sie ebenfalls Bedarfe in diesen Bereichen haben, würden wir uns freuen, wenn wir euch hier supporten könnten.

Ich freue mich auf den weiteren Austausch.

Viele Grüße
[Ihr Name]
PathWize","<p>Hallo Herr Engelhorn,</p>
<p>wir stehen eng mit dem KI Bundesverband im Austausch und haben dort die Info erhalten, dass wir uns mal bei euch melden sollen, da unser Experten-Netzwerk ggf. spannend für euch sein könnte.</p>
<p>Wir bei <a href=""https://www.gopathwize.com"">PathWize</a> sind einer der führenden Anbieter für Data Labeling und Annotation im europäischen Raum. Mit einem Netzwerk von über 250.000 Experten können wir die richtigen Köpfe in unterschiedlichen Bereichen für sämtliche Data-Labeling-Bedarfe stellen.</p>
<p>Unternehmen wie z.B. Mistral AI und mittelständische Firmen bis hin zu Konzernen arbeiten bereits mit uns im Rahmen ihrer KI-Vorhaben (Post- und Pre-Training von Modellen, Data Labeling anhand von Bildern, RLHF etc.) zusammen.</p>
<p>Wenn Sie ebenfalls Bedarfe in diesen Bereichen haben, würden wir uns freuen, wenn wir euch hier supporten könnten.</p>
<p>Ich freue mich auf den weiteren Austausch.</p>
<p>Viele Grüße<br>[Ihr Name]<br>PathWize</p>","info@insage.io"
"253","Inspirient GmbH","https://www.inspirient.com/","Vielleicht","Dr. Georg Wittenburg, Dr. Guillaume Aimetti","contact@inspirient.com","funktional","Intro KI Bundesverband - z.Hd. Georg Wittenburg - Data Labeling und Annotation für Ihre KI Vorhaben","Hallo Herr Dr. Wittenburg,","Hallo Herr Dr. Wittenburg,

wir stehen eng mit dem KI Bundesverband im Austausch und haben dort die Info erhalten, dass wir uns mal bei euch melden sollen, da unser Experten-Netzwerk ggf. spannend für euch sein könnte.

Wir bei PathWize sind einer der führenden Anbieter für Data Labeling und Annotation im europäischen Raum. Mit einem Netzwerk von über 250.000 Experten können wir die richtigen Köpfe in unterschiedlichen Bereichen für sämtliche Data-Labeling-Bedarfe stellen.

Unternehmen wie z.B. Mistral AI und mittelständische Firmen bis hin zu Konzernen arbeiten bereits mit uns im Rahmen ihrer KI-Vorhaben (Post- und Pre-Training von Modellen, Data Labeling anhand von Bildern, RLHF etc.) zusammen.

Wenn Sie ebenfalls Bedarfe in diesen Bereichen haben, würden wir uns freuen, wenn wir euch hier supporten könnten.

Ich freue mich auf den weiteren Austausch.

Viele Grüße
[Ihr Name]
PathWize","<p>Hallo Herr Dr. Wittenburg,</p>
<p>wir stehen eng mit dem KI Bundesverband im Austausch und haben dort die Info erhalten, dass wir uns mal bei euch melden sollen, da unser Experten-Netzwerk ggf. spannend für euch sein könnte.</p>
<p>Wir bei <a href=""https://www.gopathwize.com"">PathWize</a> sind einer der führenden Anbieter für Data Labeling und Annotation im europäischen Raum. Mit einem Netzwerk von über 250.000 Experten können wir die richtigen Köpfe in unterschiedlichen Bereichen für sämtliche Data-Labeling-Bedarfe stellen.</p>
<p>Unternehmen wie z.B. Mistral AI und mittelständische Firmen bis hin zu Konzernen arbeiten bereits mit uns im Rahmen ihrer KI-Vorhaben (Post- und Pre-Training von Modellen, Data Labeling anhand von Bildern, RLHF etc.) zusammen.</p>
<p>Wenn Sie ebenfalls Bedarfe in diesen Bereichen haben, würden wir uns freuen, wenn wir euch hier supporten könnten.</p>
<p>Ich freue mich auf den weiteren Austausch.</p>
<p>Viele Grüße<br>[Ihr Name]<br>PathWize</p>","contact@inspirient.com"
"254","InstaWerk GmbH","https://www.instawerk.de/","Vielleicht","Marcel Erich","info@instawerk.de","funktional","Intro KI Bundesverband - z.Hd. Marcel Erich - Data Labeling und Annotation für Ihre KI Vorhaben","Hallo Herr Erich,","Hallo Herr Erich,

wir stehen eng mit dem KI Bundesverband im Austausch und haben dort die Info erhalten, dass wir uns mal bei euch melden sollen, da unser Experten-Netzwerk ggf. spannend für euch sein könnte.

Wir bei PathWize sind einer der führenden Anbieter für Data Labeling und Annotation im europäischen Raum. Mit einem Netzwerk von über 250.000 Experten können wir die richtigen Köpfe in unterschiedlichen Bereichen für sämtliche Data-Labeling-Bedarfe stellen.

Unternehmen wie z.B. Mistral AI und mittelständische Firmen bis hin zu Konzernen arbeiten bereits mit uns im Rahmen ihrer KI-Vorhaben (Post- und Pre-Training von Modellen, Data Labeling anhand von Bildern, RLHF etc.) zusammen.

Wenn Sie ebenfalls Bedarfe in diesen Bereichen haben, würden wir uns freuen, wenn wir euch hier supporten könnten.

Ich freue mich auf den weiteren Austausch.

Viele Grüße
[Ihr Name]
PathWize","<p>Hallo Herr Erich,</p>
<p>wir stehen eng mit dem KI Bundesverband im Austausch und haben dort die Info erhalten, dass wir uns mal bei euch melden sollen, da unser Experten-Netzwerk ggf. spannend für euch sein könnte.</p>
<p>Wir bei <a href=""https://www.gopathwize.com"">PathWize</a> sind einer der führenden Anbieter für Data Labeling und Annotation im europäischen Raum. Mit einem Netzwerk von über 250.000 Experten können wir die richtigen Köpfe in unterschiedlichen Bereichen für sämtliche Data-Labeling-Bedarfe stellen.</p>
<p>Unternehmen wie z.B. Mistral AI und mittelständische Firmen bis hin zu Konzernen arbeiten bereits mit uns im Rahmen ihrer KI-Vorhaben (Post- und Pre-Training von Modellen, Data Labeling anhand von Bildern, RLHF etc.) zusammen.</p>
<p>Wenn Sie ebenfalls Bedarfe in diesen Bereichen haben, würden wir uns freuen, wenn wir euch hier supporten könnten.</p>
<p>Ich freue mich auf den weiteren Austausch.</p>
<p>Viele Grüße<br>[Ihr Name]<br>PathWize</p>","info@instawerk.de; support@instawerk.de"
"255","Institut für Angewandte Informatik e.V.","https://infai.org/","Ja","Geschäftsführung: Ingolf Römer, Andreas Heinecke, Prof. Dr. Roland Fassauer; Vorstand: Prof. Dr. André Ludwig (1. Vors.), Prof. Dr. Erhard Rahm (2. Vors.)","info@infai.org","funktional","Intro KI Bundesverband - z.Hd. Ingolf Römer - Data Labeling und Annotation für Ihre KI Vorhaben","Hallo Herr Römer,","Hallo Herr Römer,

wir stehen eng mit dem KI Bundesverband im Austausch und haben dort die Info erhalten, dass wir uns mal bei euch melden sollen, da unser Experten-Netzwerk ggf. spannend für euch sein könnte.

Wir bei PathWize sind einer der führenden Anbieter für Data Labeling und Annotation im europäischen Raum. Mit einem Netzwerk von über 250.000 Experten können wir die richtigen Köpfe in unterschiedlichen Bereichen für sämtliche Data-Labeling-Bedarfe stellen.

Unternehmen wie z.B. Mistral AI und mittelständische Firmen bis hin zu Konzernen arbeiten bereits mit uns im Rahmen ihrer KI-Vorhaben (Post- und Pre-Training von Modellen, Data Labeling anhand von Bildern, RLHF etc.) zusammen.

Wenn Sie ebenfalls Bedarfe in diesen Bereichen haben, würden wir uns freuen, wenn wir euch hier supporten könnten.

Ich freue mich auf den weiteren Austausch.

Viele Grüße
[Ihr Name]
PathWize","<p>Hallo Herr Römer,</p>
<p>wir stehen eng mit dem KI Bundesverband im Austausch und haben dort die Info erhalten, dass wir uns mal bei euch melden sollen, da unser Experten-Netzwerk ggf. spannend für euch sein könnte.</p>
<p>Wir bei <a href=""https://www.gopathwize.com"">PathWize</a> sind einer der führenden Anbieter für Data Labeling und Annotation im europäischen Raum. Mit einem Netzwerk von über 250.000 Experten können wir die richtigen Köpfe in unterschiedlichen Bereichen für sämtliche Data-Labeling-Bedarfe stellen.</p>
<p>Unternehmen wie z.B. Mistral AI und mittelständische Firmen bis hin zu Konzernen arbeiten bereits mit uns im Rahmen ihrer KI-Vorhaben (Post- und Pre-Training von Modellen, Data Labeling anhand von Bildern, RLHF etc.) zusammen.</p>
<p>Wenn Sie ebenfalls Bedarfe in diesen Bereichen haben, würden wir uns freuen, wenn wir euch hier supporten könnten.</p>
<p>Ich freue mich auf den weiteren Austausch.</p>
<p>Viele Grüße<br>[Ihr Name]<br>PathWize</p>","info@infai.org"
"256","Iovai","https://www.lov.ai/","Vielleicht","Philipp Gassen","we@lov.ai","funktional (Mitarbeiter-Mail)","Intro KI Bundesverband - z.Hd. Philipp Gassen - Data Labeling und Annotation für Ihre KI Vorhaben","Hallo Herr Gassen,","Hallo Herr Gassen,

wir stehen eng mit dem KI Bundesverband im Austausch und haben dort die Info erhalten, dass wir uns mal bei euch melden sollen, da unser Experten-Netzwerk ggf. spannend für euch sein könnte.

Wir bei PathWize sind einer der führenden Anbieter für Data Labeling und Annotation im europäischen Raum. Mit einem Netzwerk von über 250.000 Experten können wir die richtigen Köpfe in unterschiedlichen Bereichen für sämtliche Data-Labeling-Bedarfe stellen.

Unternehmen wie z.B. Mistral AI und mittelständische Firmen bis hin zu Konzernen arbeiten bereits mit uns im Rahmen ihrer KI-Vorhaben (Post- und Pre-Training von Modellen, Data Labeling anhand von Bildern, RLHF etc.) zusammen.

Wenn Sie ebenfalls Bedarfe in diesen Bereichen haben, würden wir uns freuen, wenn wir euch hier supporten könnten.

Ich freue mich auf den weiteren Austausch.

Viele Grüße
[Ihr Name]
PathWize","<p>Hallo Herr Gassen,</p>
<p>wir stehen eng mit dem KI Bundesverband im Austausch und haben dort die Info erhalten, dass wir uns mal bei euch melden sollen, da unser Experten-Netzwerk ggf. spannend für euch sein könnte.</p>
<p>Wir bei <a href=""https://www.gopathwize.com"">PathWize</a> sind einer der führenden Anbieter für Data Labeling und Annotation im europäischen Raum. Mit einem Netzwerk von über 250.000 Experten können wir die richtigen Köpfe in unterschiedlichen Bereichen für sämtliche Data-Labeling-Bedarfe stellen.</p>
<p>Unternehmen wie z.B. Mistral AI und mittelständische Firmen bis hin zu Konzernen arbeiten bereits mit uns im Rahmen ihrer KI-Vorhaben (Post- und Pre-Training von Modellen, Data Labeling anhand von Bildern, RLHF etc.) zusammen.</p>
<p>Wenn Sie ebenfalls Bedarfe in diesen Bereichen haben, würden wir uns freuen, wenn wir euch hier supporten könnten.</p>
<p>Ich freue mich auf den weiteren Austausch.</p>
<p>Viele Grüße<br>[Ihr Name]<br>PathWize</p>","we@lov.ai"
"257","irisnet GmbH","https://www.irisnet.de/","Ja","Dr. Walter Benzing","","keine Mail gefunden","Intro KI Bundesverband - z.Hd. Walter Benzing - Data Labeling und Annotation für Ihre KI Vorhaben","Hallo Herr Dr. Benzing,","Hallo Herr Dr. Benzing,

wir stehen eng mit dem KI Bundesverband im Austausch und haben dort die Info erhalten, dass wir uns mal bei euch melden sollen, da unser Experten-Netzwerk ggf. spannend für euch sein könnte.

Wir bei PathWize sind einer der führenden Anbieter für Data Labeling und Annotation im europäischen Raum. Mit einem Netzwerk von über 250.000 Experten können wir die richtigen Köpfe in unterschiedlichen Bereichen für sämtliche Data-Labeling-Bedarfe stellen.

Unternehmen wie z.B. Mistral AI und mittelständische Firmen bis hin zu Konzernen arbeiten bereits mit uns im Rahmen ihrer KI-Vorhaben (Post- und Pre-Training von Modellen, Data Labeling anhand von Bildern, RLHF etc.) zusammen.

Wenn Sie ebenfalls Bedarfe in diesen Bereichen haben, würden wir uns freuen, wenn wir euch hier supporten könnten.

Ich freue mich auf den weiteren Austausch.

Viele Grüße
[Ihr Name]
PathWize","<p>Hallo Herr Dr. Benzing,</p>
<p>wir stehen eng mit dem KI Bundesverband im Austausch und haben dort die Info erhalten, dass wir uns mal bei euch melden sollen, da unser Experten-Netzwerk ggf. spannend für euch sein könnte.</p>
<p>Wir bei <a href=""https://www.gopathwize.com"">PathWize</a> sind einer der führenden Anbieter für Data Labeling und Annotation im europäischen Raum. Mit einem Netzwerk von über 250.000 Experten können wir die richtigen Köpfe in unterschiedlichen Bereichen für sämtliche Data-Labeling-Bedarfe stellen.</p>
<p>Unternehmen wie z.B. Mistral AI und mittelständische Firmen bis hin zu Konzernen arbeiten bereits mit uns im Rahmen ihrer KI-Vorhaben (Post- und Pre-Training von Modellen, Data Labeling anhand von Bildern, RLHF etc.) zusammen.</p>
<p>Wenn Sie ebenfalls Bedarfe in diesen Bereichen haben, würden wir uns freuen, wenn wir euch hier supporten könnten.</p>
<p>Ich freue mich auf den weiteren Austausch.</p>
<p>Viele Grüße<br>[Ihr Name]<br>PathWize</p>",""
"259","Itonics GmbH","https://www.itonics-innovation.de/","Vielleicht","Dr. Michael Durst, Dr. Christian Mühlroth","contact@itonics-innovation.com","funktional","Intro KI Bundesverband - z.Hd. Michael Durst - Data Labeling und Annotation für Ihre KI Vorhaben","Hallo Herr Dr. Durst,","Hallo Herr Dr. Durst,

wir stehen eng mit dem KI Bundesverband im Austausch und haben dort die Info erhalten, dass wir uns mal bei euch melden sollen, da unser Experten-Netzwerk ggf. spannend für euch sein könnte.

Wir bei PathWize sind einer der führenden Anbieter für Data Labeling und Annotation im europäischen Raum. Mit einem Netzwerk von über 250.000 Experten können wir die richtigen Köpfe in unterschiedlichen Bereichen für sämtliche Data-Labeling-Bedarfe stellen.

Unternehmen wie z.B. Mistral AI und mittelständische Firmen bis hin zu Konzernen arbeiten bereits mit uns im Rahmen ihrer KI-Vorhaben (Post- und Pre-Training von Modellen, Data Labeling anhand von Bildern, RLHF etc.) zusammen.

Wenn Sie ebenfalls Bedarfe in diesen Bereichen haben, würden wir uns freuen, wenn wir euch hier supporten könnten.

Ich freue mich auf den weiteren Austausch.

Viele Grüße
[Ihr Name]
PathWize","<p>Hallo Herr Dr. Durst,</p>
<p>wir stehen eng mit dem KI Bundesverband im Austausch und haben dort die Info erhalten, dass wir uns mal bei euch melden sollen, da unser Experten-Netzwerk ggf. spannend für euch sein könnte.</p>
<p>Wir bei <a href=""https://www.gopathwize.com"">PathWize</a> sind einer der führenden Anbieter für Data Labeling und Annotation im europäischen Raum. Mit einem Netzwerk von über 250.000 Experten können wir die richtigen Köpfe in unterschiedlichen Bereichen für sämtliche Data-Labeling-Bedarfe stellen.</p>
<p>Unternehmen wie z.B. Mistral AI und mittelständische Firmen bis hin zu Konzernen arbeiten bereits mit uns im Rahmen ihrer KI-Vorhaben (Post- und Pre-Training von Modellen, Data Labeling anhand von Bildern, RLHF etc.) zusammen.</p>
<p>Wenn Sie ebenfalls Bedarfe in diesen Bereichen haben, würden wir uns freuen, wenn wir euch hier supporten könnten.</p>
<p>Ich freue mich auf den weiteren Austausch.</p>
<p>Viele Grüße<br>[Ihr Name]<br>PathWize</p>","contact@itonics-innovation.com; dsa@itonics-innovation.com"
"260","iVivid GmbH","https://i-vivid.com/","Ja","Philipp Gellert","office@i-vivid.com","funktional","Intro KI Bundesverband - z.Hd. Philipp Gellert - Data Labeling und Annotation für Ihre KI Vorhaben","Hallo Herr Gellert,","Hallo Herr Gellert,

wir stehen eng mit dem KI Bundesverband im Austausch und haben dort die Info erhalten, dass wir uns mal bei euch melden sollen, da unser Experten-Netzwerk ggf. spannend für euch sein könnte.

Wir bei PathWize sind einer der führenden Anbieter für Data Labeling und Annotation im europäischen Raum. Mit einem Netzwerk von über 250.000 Experten können wir die richtigen Köpfe in unterschiedlichen Bereichen für sämtliche Data-Labeling-Bedarfe stellen.

Unternehmen wie z.B. Mistral AI und mittelständische Firmen bis hin zu Konzernen arbeiten bereits mit uns im Rahmen ihrer KI-Vorhaben (Post- und Pre-Training von Modellen, Data Labeling anhand von Bildern, RLHF etc.) zusammen.

Wenn Sie ebenfalls Bedarfe in diesen Bereichen haben, würden wir uns freuen, wenn wir euch hier supporten könnten.

Ich freue mich auf den weiteren Austausch.

Viele Grüße
[Ihr Name]
PathWize","<p>Hallo Herr Gellert,</p>
<p>wir stehen eng mit dem KI Bundesverband im Austausch und haben dort die Info erhalten, dass wir uns mal bei euch melden sollen, da unser Experten-Netzwerk ggf. spannend für euch sein könnte.</p>
<p>Wir bei <a href=""https://www.gopathwize.com"">PathWize</a> sind einer der führenden Anbieter für Data Labeling und Annotation im europäischen Raum. Mit einem Netzwerk von über 250.000 Experten können wir die richtigen Köpfe in unterschiedlichen Bereichen für sämtliche Data-Labeling-Bedarfe stellen.</p>
<p>Unternehmen wie z.B. Mistral AI und mittelständische Firmen bis hin zu Konzernen arbeiten bereits mit uns im Rahmen ihrer KI-Vorhaben (Post- und Pre-Training von Modellen, Data Labeling anhand von Bildern, RLHF etc.) zusammen.</p>
<p>Wenn Sie ebenfalls Bedarfe in diesen Bereichen haben, würden wir uns freuen, wenn wir euch hier supporten könnten.</p>
<p>Ich freue mich auf den weiteren Austausch.</p>
<p>Viele Grüße<br>[Ihr Name]<br>PathWize</p>","office@i-vivid.com"
"261","Jarvis Solutions","https://jarvis-solutions.de/","Vielleicht","Jan Carlo Niklas","info@jarvis-solutions.de","funktional","Intro KI Bundesverband - z.Hd. Jan Niklas - Data Labeling und Annotation für Ihre KI Vorhaben","Hallo Herr Niklas,","Hallo Herr Niklas,

wir stehen eng mit dem KI Bundesverband im Austausch und haben dort die Info erhalten, dass wir uns mal bei euch melden sollen, da unser Experten-Netzwerk ggf. spannend für euch sein könnte.

Wir bei PathWize sind einer der führenden Anbieter für Data Labeling und Annotation im europäischen Raum. Mit einem Netzwerk von über 250.000 Experten können wir die richtigen Köpfe in unterschiedlichen Bereichen für sämtliche Data-Labeling-Bedarfe stellen.

Unternehmen wie z.B. Mistral AI und mittelständische Firmen bis hin zu Konzernen arbeiten bereits mit uns im Rahmen ihrer KI-Vorhaben (Post- und Pre-Training von Modellen, Data Labeling anhand von Bildern, RLHF etc.) zusammen.

Wenn Sie ebenfalls Bedarfe in diesen Bereichen haben, würden wir uns freuen, wenn wir euch hier supporten könnten.

Ich freue mich auf den weiteren Austausch.

Viele Grüße
[Ihr Name]
PathWize","<p>Hallo Herr Niklas,</p>
<p>wir stehen eng mit dem KI Bundesverband im Austausch und haben dort die Info erhalten, dass wir uns mal bei euch melden sollen, da unser Experten-Netzwerk ggf. spannend für euch sein könnte.</p>
<p>Wir bei <a href=""https://www.gopathwize.com"">PathWize</a> sind einer der führenden Anbieter für Data Labeling und Annotation im europäischen Raum. Mit einem Netzwerk von über 250.000 Experten können wir die richtigen Köpfe in unterschiedlichen Bereichen für sämtliche Data-Labeling-Bedarfe stellen.</p>
<p>Unternehmen wie z.B. Mistral AI und mittelständische Firmen bis hin zu Konzernen arbeiten bereits mit uns im Rahmen ihrer KI-Vorhaben (Post- und Pre-Training von Modellen, Data Labeling anhand von Bildern, RLHF etc.) zusammen.</p>
<p>Wenn Sie ebenfalls Bedarfe in diesen Bereichen haben, würden wir uns freuen, wenn wir euch hier supporten könnten.</p>
<p>Ich freue mich auf den weiteren Austausch.</p>
<p>Viele Grüße<br>[Ihr Name]<br>PathWize</p>","info@jarvis-solutions.de"
"263","Jobgrader Innovations GmbH (humanindata)","https://jobgrader.app/ai","Ja","Sandra Janicijevic, Oliver Naegele","","keine Mail gefunden","Intro KI Bundesverband - z.Hd. Sandra Janicijevic - Data Labeling und Annotation für Ihre KI Vorhaben","Hallo Frau Janicijevic,","Hallo Frau Janicijevic,

wir stehen eng mit dem KI Bundesverband im Austausch und haben dort die Info erhalten, dass wir uns mal bei euch melden sollen, da unser Experten-Netzwerk ggf. spannend für euch sein könnte.

Wir bei PathWize sind einer der führenden Anbieter für Data Labeling und Annotation im europäischen Raum. Mit einem Netzwerk von über 250.000 Experten können wir die richtigen Köpfe in unterschiedlichen Bereichen für sämtliche Data-Labeling-Bedarfe stellen.

Unternehmen wie z.B. Mistral AI und mittelständische Firmen bis hin zu Konzernen arbeiten bereits mit uns im Rahmen ihrer KI-Vorhaben (Post- und Pre-Training von Modellen, Data Labeling anhand von Bildern, RLHF etc.) zusammen.

Wenn Sie ebenfalls Bedarfe in diesen Bereichen haben, würden wir uns freuen, wenn wir euch hier supporten könnten.

Ich freue mich auf den weiteren Austausch.

Viele Grüße
[Ihr Name]
PathWize","<p>Hallo Frau Janicijevic,</p>
<p>wir stehen eng mit dem KI Bundesverband im Austausch und haben dort die Info erhalten, dass wir uns mal bei euch melden sollen, da unser Experten-Netzwerk ggf. spannend für euch sein könnte.</p>
<p>Wir bei <a href=""https://www.gopathwize.com"">PathWize</a> sind einer der führenden Anbieter für Data Labeling und Annotation im europäischen Raum. Mit einem Netzwerk von über 250.000 Experten können wir die richtigen Köpfe in unterschiedlichen Bereichen für sämtliche Data-Labeling-Bedarfe stellen.</p>
<p>Unternehmen wie z.B. Mistral AI und mittelständische Firmen bis hin zu Konzernen arbeiten bereits mit uns im Rahmen ihrer KI-Vorhaben (Post- und Pre-Training von Modellen, Data Labeling anhand von Bildern, RLHF etc.) zusammen.</p>
<p>Wenn Sie ebenfalls Bedarfe in diesen Bereichen haben, würden wir uns freuen, wenn wir euch hier supporten könnten.</p>
<p>Ich freue mich auf den weiteren Austausch.</p>
<p>Viele Grüße<br>[Ihr Name]<br>PathWize</p>",""
"264","Joyful UG","https://spaces360.io/","Vielleicht","","hallo@spaces360.io","funktional","Intro KI Bundesverband - Data Labeling und Annotation für Ihre KI Vorhaben","Guten Tag,","Guten Tag,

wir stehen eng mit dem KI Bundesverband im Austausch und haben dort die Info erhalten, dass wir uns mal bei euch melden sollen, da unser Experten-Netzwerk ggf. spannend für euch sein könnte.

Wir bei PathWize sind einer der führenden Anbieter für Data Labeling und Annotation im europäischen Raum. Mit einem Netzwerk von über 250.000 Experten können wir die richtigen Köpfe in unterschiedlichen Bereichen für sämtliche Data-Labeling-Bedarfe stellen.

Unternehmen wie z.B. Mistral AI und mittelständische Firmen bis hin zu Konzernen arbeiten bereits mit uns im Rahmen ihrer KI-Vorhaben (Post- und Pre-Training von Modellen, Data Labeling anhand von Bildern, RLHF etc.) zusammen.

Wenn Sie ebenfalls Bedarfe in diesen Bereichen haben, würden wir uns freuen, wenn wir euch hier supporten könnten.

Ich freue mich auf den weiteren Austausch.

Viele Grüße
[Ihr Name]
PathWize","<p>Guten Tag,</p>
<p>wir stehen eng mit dem KI Bundesverband im Austausch und haben dort die Info erhalten, dass wir uns mal bei euch melden sollen, da unser Experten-Netzwerk ggf. spannend für euch sein könnte.</p>
<p>Wir bei <a href=""https://www.gopathwize.com"">PathWize</a> sind einer der führenden Anbieter für Data Labeling und Annotation im europäischen Raum. Mit einem Netzwerk von über 250.000 Experten können wir die richtigen Köpfe in unterschiedlichen Bereichen für sämtliche Data-Labeling-Bedarfe stellen.</p>
<p>Unternehmen wie z.B. Mistral AI und mittelständische Firmen bis hin zu Konzernen arbeiten bereits mit uns im Rahmen ihrer KI-Vorhaben (Post- und Pre-Training von Modellen, Data Labeling anhand von Bildern, RLHF etc.) zusammen.</p>
<p>Wenn Sie ebenfalls Bedarfe in diesen Bereichen haben, würden wir uns freuen, wenn wir euch hier supporten könnten.</p>
<p>Ich freue mich auf den weiteren Austausch.</p>
<p>Viele Grüße<br>[Ihr Name]<br>PathWize</p>","hallo@spaces360.io; team@joyful-digital.de"
"266","JUST ADD AI GmbH","https://justadd.ai/","Ja","Bernd Poppinga, Enno Roehrig","info@justadd.ai","funktional","Intro KI Bundesverband - z.Hd. Bernd Poppinga - Data Labeling und Annotation für Ihre KI Vorhaben","Hallo Herr Poppinga,","Hallo Herr Poppinga,

wir stehen eng mit dem KI Bundesverband im Austausch und haben dort die Info erhalten, dass wir uns mal bei euch melden sollen, da unser Experten-Netzwerk ggf. spannend für euch sein könnte.

Wir bei PathWize sind einer der führenden Anbieter für Data Labeling und Annotation im europäischen Raum. Mit einem Netzwerk von über 250.000 Experten können wir die richtigen Köpfe in unterschiedlichen Bereichen für sämtliche Data-Labeling-Bedarfe stellen.

Unternehmen wie z.B. Mistral AI und mittelständische Firmen bis hin zu Konzernen arbeiten bereits mit uns im Rahmen ihrer KI-Vorhaben (Post- und Pre-Training von Modellen, Data Labeling anhand von Bildern, RLHF etc.) zusammen.

Wenn Sie ebenfalls Bedarfe in diesen Bereichen haben, würden wir uns freuen, wenn wir euch hier supporten könnten.

Ich freue mich auf den weiteren Austausch.

Viele Grüße
[Ihr Name]
PathWize","<p>Hallo Herr Poppinga,</p>
<p>wir stehen eng mit dem KI Bundesverband im Austausch und haben dort die Info erhalten, dass wir uns mal bei euch melden sollen, da unser Experten-Netzwerk ggf. spannend für euch sein könnte.</p>
<p>Wir bei <a href=""https://www.gopathwize.com"">PathWize</a> sind einer der führenden Anbieter für Data Labeling und Annotation im europäischen Raum. Mit einem Netzwerk von über 250.000 Experten können wir die richtigen Köpfe in unterschiedlichen Bereichen für sämtliche Data-Labeling-Bedarfe stellen.</p>
<p>Unternehmen wie z.B. Mistral AI und mittelständische Firmen bis hin zu Konzernen arbeiten bereits mit uns im Rahmen ihrer KI-Vorhaben (Post- und Pre-Training von Modellen, Data Labeling anhand von Bildern, RLHF etc.) zusammen.</p>
<p>Wenn Sie ebenfalls Bedarfe in diesen Bereichen haben, würden wir uns freuen, wenn wir euch hier supporten könnten.</p>
<p>Ich freue mich auf den weiteren Austausch.</p>
<p>Viele Grüße<br>[Ihr Name]<br>PathWize</p>","info@justadd.ai; career@justadd.ai"
"269","Kai Kramer Consulting GmbH","https://kaikramer-consulting.de/","Vielleicht","","","keine Mail gefunden","Intro KI Bundesverband - Data Labeling und Annotation für Ihre KI Vorhaben","Guten Tag,","Guten Tag,

wir stehen eng mit dem KI Bundesverband im Austausch und haben dort die Info erhalten, dass wir uns mal bei euch melden sollen, da unser Experten-Netzwerk ggf. spannend für euch sein könnte.

Wir bei PathWize sind einer der führenden Anbieter für Data Labeling und Annotation im europäischen Raum. Mit einem Netzwerk von über 250.000 Experten können wir die richtigen Köpfe in unterschiedlichen Bereichen für sämtliche Data-Labeling-Bedarfe stellen.

Unternehmen wie z.B. Mistral AI und mittelständische Firmen bis hin zu Konzernen arbeiten bereits mit uns im Rahmen ihrer KI-Vorhaben (Post- und Pre-Training von Modellen, Data Labeling anhand von Bildern, RLHF etc.) zusammen.

Wenn Sie ebenfalls Bedarfe in diesen Bereichen haben, würden wir uns freuen, wenn wir euch hier supporten könnten.

Ich freue mich auf den weiteren Austausch.

Viele Grüße
[Ihr Name]
PathWize","<p>Guten Tag,</p>
<p>wir stehen eng mit dem KI Bundesverband im Austausch und haben dort die Info erhalten, dass wir uns mal bei euch melden sollen, da unser Experten-Netzwerk ggf. spannend für euch sein könnte.</p>
<p>Wir bei <a href=""https://www.gopathwize.com"">PathWize</a> sind einer der führenden Anbieter für Data Labeling und Annotation im europäischen Raum. Mit einem Netzwerk von über 250.000 Experten können wir die richtigen Köpfe in unterschiedlichen Bereichen für sämtliche Data-Labeling-Bedarfe stellen.</p>
<p>Unternehmen wie z.B. Mistral AI und mittelständische Firmen bis hin zu Konzernen arbeiten bereits mit uns im Rahmen ihrer KI-Vorhaben (Post- und Pre-Training von Modellen, Data Labeling anhand von Bildern, RLHF etc.) zusammen.</p>
<p>Wenn Sie ebenfalls Bedarfe in diesen Bereichen haben, würden wir uns freuen, wenn wir euch hier supporten könnten.</p>
<p>Ich freue mich auf den weiteren Austausch.</p>
<p>Viele Grüße<br>[Ihr Name]<br>PathWize</p>",""
"270","Kaitos GmbH","https://www.kaitos.ai/","Ja","Dr. Sonja Esch, Manuel Wiese, Dr. Moritz Meinecke","info@kaitos.ai","funktional","Intro KI Bundesverband - z.Hd. Sonja Esch - Data Labeling und Annotation für Ihre KI Vorhaben","Hallo Frau Dr. Esch,","Hallo Frau Dr. Esch,

wir stehen eng mit dem KI Bundesverband im Austausch und haben dort die Info erhalten, dass wir uns mal bei euch melden sollen, da unser Experten-Netzwerk ggf. spannend für euch sein könnte.

Wir bei PathWize sind einer der führenden Anbieter für Data Labeling und Annotation im europäischen Raum. Mit einem Netzwerk von über 250.000 Experten können wir die richtigen Köpfe in unterschiedlichen Bereichen für sämtliche Data-Labeling-Bedarfe stellen.

Unternehmen wie z.B. Mistral AI und mittelständische Firmen bis hin zu Konzernen arbeiten bereits mit uns im Rahmen ihrer KI-Vorhaben (Post- und Pre-Training von Modellen, Data Labeling anhand von Bildern, RLHF etc.) zusammen.

Wenn Sie ebenfalls Bedarfe in diesen Bereichen haben, würden wir uns freuen, wenn wir euch hier supporten könnten.

Ich freue mich auf den weiteren Austausch.

Viele Grüße
[Ihr Name]
PathWize","<p>Hallo Frau Dr. Esch,</p>
<p>wir stehen eng mit dem KI Bundesverband im Austausch und haben dort die Info erhalten, dass wir uns mal bei euch melden sollen, da unser Experten-Netzwerk ggf. spannend für euch sein könnte.</p>
<p>Wir bei <a href=""https://www.gopathwize.com"">PathWize</a> sind einer der führenden Anbieter für Data Labeling und Annotation im europäischen Raum. Mit einem Netzwerk von über 250.000 Experten können wir die richtigen Köpfe in unterschiedlichen Bereichen für sämtliche Data-Labeling-Bedarfe stellen.</p>
<p>Unternehmen wie z.B. Mistral AI und mittelständische Firmen bis hin zu Konzernen arbeiten bereits mit uns im Rahmen ihrer KI-Vorhaben (Post- und Pre-Training von Modellen, Data Labeling anhand von Bildern, RLHF etc.) zusammen.</p>
<p>Wenn Sie ebenfalls Bedarfe in diesen Bereichen haben, würden wir uns freuen, wenn wir euch hier supporten könnten.</p>
<p>Ich freue mich auf den weiteren Austausch.</p>
<p>Viele Grüße<br>[Ihr Name]<br>PathWize</p>","info@kaitos.ai"
"271","Katulu GmbH","https://katulu.io/de/","Ja","Michael Kuehne-Schlinkert, Anne Mareike Schlinkert","hello@katulu.io","funktional","Intro KI Bundesverband - z.Hd. Michael Kuehne-Schlinkert - Data Labeling und Annotation für Ihre KI Vorhaben","Hallo Herr Kuehne-Schlinkert,","Hallo Herr Kuehne-Schlinkert,

wir stehen eng mit dem KI Bundesverband im Austausch und haben dort die Info erhalten, dass wir uns mal bei euch melden sollen, da unser Experten-Netzwerk ggf. spannend für euch sein könnte.

Wir bei PathWize sind einer der führenden Anbieter für Data Labeling und Annotation im europäischen Raum. Mit einem Netzwerk von über 250.000 Experten können wir die richtigen Köpfe in unterschiedlichen Bereichen für sämtliche Data-Labeling-Bedarfe stellen.

Unternehmen wie z.B. Mistral AI und mittelständische Firmen bis hin zu Konzernen arbeiten bereits mit uns im Rahmen ihrer KI-Vorhaben (Post- und Pre-Training von Modellen, Data Labeling anhand von Bildern, RLHF etc.) zusammen.

Wenn Sie ebenfalls Bedarfe in diesen Bereichen haben, würden wir uns freuen, wenn wir euch hier supporten könnten.

Ich freue mich auf den weiteren Austausch.

Viele Grüße
[Ihr Name]
PathWize","<p>Hallo Herr Kuehne-Schlinkert,</p>
<p>wir stehen eng mit dem KI Bundesverband im Austausch und haben dort die Info erhalten, dass wir uns mal bei euch melden sollen, da unser Experten-Netzwerk ggf. spannend für euch sein könnte.</p>
<p>Wir bei <a href=""https://www.gopathwize.com"">PathWize</a> sind einer der führenden Anbieter für Data Labeling und Annotation im europäischen Raum. Mit einem Netzwerk von über 250.000 Experten können wir die richtigen Köpfe in unterschiedlichen Bereichen für sämtliche Data-Labeling-Bedarfe stellen.</p>
<p>Unternehmen wie z.B. Mistral AI und mittelständische Firmen bis hin zu Konzernen arbeiten bereits mit uns im Rahmen ihrer KI-Vorhaben (Post- und Pre-Training von Modellen, Data Labeling anhand von Bildern, RLHF etc.) zusammen.</p>
<p>Wenn Sie ebenfalls Bedarfe in diesen Bereichen haben, würden wir uns freuen, wenn wir euch hier supporten könnten.</p>
<p>Ich freue mich auf den weiteren Austausch.</p>
<p>Viele Grüße<br>[Ihr Name]<br>PathWize</p>","hello@katulu.io"
"272","kausable GmbH","https://kausable.ai/","Ja","Johannes Haux, Benjamin Herdeanu, Gregor Ramien","info@kausable.ai","funktional","Intro KI Bundesverband - z.Hd. Johannes Haux - Data Labeling und Annotation für Ihre KI Vorhaben","Hallo Herr Haux,","Hallo Herr Haux,

wir stehen eng mit dem KI Bundesverband im Austausch und haben dort die Info erhalten, dass wir uns mal bei euch melden sollen, da unser Experten-Netzwerk ggf. spannend für euch sein könnte.

Wir bei PathWize sind einer der führenden Anbieter für Data Labeling und Annotation im europäischen Raum. Mit einem Netzwerk von über 250.000 Experten können wir die richtigen Köpfe in unterschiedlichen Bereichen für sämtliche Data-Labeling-Bedarfe stellen.

Unternehmen wie z.B. Mistral AI und mittelständische Firmen bis hin zu Konzernen arbeiten bereits mit uns im Rahmen ihrer KI-Vorhaben (Post- und Pre-Training von Modellen, Data Labeling anhand von Bildern, RLHF etc.) zusammen.

Wenn Sie ebenfalls Bedarfe in diesen Bereichen haben, würden wir uns freuen, wenn wir euch hier supporten könnten.

Ich freue mich auf den weiteren Austausch.

Viele Grüße
[Ihr Name]
PathWize","<p>Hallo Herr Haux,</p>
<p>wir stehen eng mit dem KI Bundesverband im Austausch und haben dort die Info erhalten, dass wir uns mal bei euch melden sollen, da unser Experten-Netzwerk ggf. spannend für euch sein könnte.</p>
<p>Wir bei <a href=""https://www.gopathwize.com"">PathWize</a> sind einer der führenden Anbieter für Data Labeling und Annotation im europäischen Raum. Mit einem Netzwerk von über 250.000 Experten können wir die richtigen Köpfe in unterschiedlichen Bereichen für sämtliche Data-Labeling-Bedarfe stellen.</p>
<p>Unternehmen wie z.B. Mistral AI und mittelständische Firmen bis hin zu Konzernen arbeiten bereits mit uns im Rahmen ihrer KI-Vorhaben (Post- und Pre-Training von Modellen, Data Labeling anhand von Bildern, RLHF etc.) zusammen.</p>
<p>Wenn Sie ebenfalls Bedarfe in diesen Bereichen haben, würden wir uns freuen, wenn wir euch hier supporten könnten.</p>
<p>Ich freue mich auf den weiteren Austausch.</p>
<p>Viele Grüße<br>[Ihr Name]<br>PathWize</p>","info@kausable.ai"
"273","Kauz GmbH","https://kauz.ai/","Vielleicht","Thomas Ruedel","thomas.ruedel@kauz.ai","direkt (belegt)","Intro KI Bundesverband - Data Labeling und Annotation für Ihre KI Vorhaben","Hallo Herr Ruedel,","Hallo Herr Ruedel,

wir stehen eng mit dem KI Bundesverband im Austausch und haben dort die Info erhalten, dass wir uns mal bei euch melden sollen, da unser Experten-Netzwerk ggf. spannend für euch sein könnte.

Wir bei PathWize sind einer der führenden Anbieter für Data Labeling und Annotation im europäischen Raum. Mit einem Netzwerk von über 250.000 Experten können wir die richtigen Köpfe in unterschiedlichen Bereichen für sämtliche Data-Labeling-Bedarfe stellen.

Unternehmen wie z.B. Mistral AI und mittelständische Firmen bis hin zu Konzernen arbeiten bereits mit uns im Rahmen ihrer KI-Vorhaben (Post- und Pre-Training von Modellen, Data Labeling anhand von Bildern, RLHF etc.) zusammen.

Wenn Sie ebenfalls Bedarfe in diesen Bereichen haben, würden wir uns freuen, wenn wir euch hier supporten könnten.

Ich freue mich auf den weiteren Austausch.

Viele Grüße
[Ihr Name]
PathWize","<p>Hallo Herr Ruedel,</p>
<p>wir stehen eng mit dem KI Bundesverband im Austausch und haben dort die Info erhalten, dass wir uns mal bei euch melden sollen, da unser Experten-Netzwerk ggf. spannend für euch sein könnte.</p>
<p>Wir bei <a href=""https://www.gopathwize.com"">PathWize</a> sind einer der führenden Anbieter für Data Labeling und Annotation im europäischen Raum. Mit einem Netzwerk von über 250.000 Experten können wir die richtigen Köpfe in unterschiedlichen Bereichen für sämtliche Data-Labeling-Bedarfe stellen.</p>
<p>Unternehmen wie z.B. Mistral AI und mittelständische Firmen bis hin zu Konzernen arbeiten bereits mit uns im Rahmen ihrer KI-Vorhaben (Post- und Pre-Training von Modellen, Data Labeling anhand von Bildern, RLHF etc.) zusammen.</p>
<p>Wenn Sie ebenfalls Bedarfe in diesen Bereichen haben, würden wir uns freuen, wenn wir euch hier supporten könnten.</p>
<p>Ich freue mich auf den weiteren Austausch.</p>
<p>Viele Grüße<br>[Ihr Name]<br>PathWize</p>","info@kauz.ai; thomas.ruedel@kauz.ai"
"274","KENBUN IT AG","https://kenbun.de/","Ja","Michael Eder, Thomas Mann (Vorstand)","office@kenbun.de","funktional","Intro KI Bundesverband - z.Hd. Michael Eder - Data Labeling und Annotation für Ihre KI Vorhaben","Hallo Herr Eder,","Hallo Herr Eder,

wir stehen eng mit dem KI Bundesverband im Austausch und haben dort die Info erhalten, dass wir uns mal bei euch melden sollen, da unser Experten-Netzwerk ggf. spannend für euch sein könnte.

Wir bei PathWize sind einer der führenden Anbieter für Data Labeling und Annotation im europäischen Raum. Mit einem Netzwerk von über 250.000 Experten können wir die richtigen Köpfe in unterschiedlichen Bereichen für sämtliche Data-Labeling-Bedarfe stellen.

Unternehmen wie z.B. Mistral AI und mittelständische Firmen bis hin zu Konzernen arbeiten bereits mit uns im Rahmen ihrer KI-Vorhaben (Post- und Pre-Training von Modellen, Data Labeling anhand von Bildern, RLHF etc.) zusammen.

Wenn Sie ebenfalls Bedarfe in diesen Bereichen haben, würden wir uns freuen, wenn wir euch hier supporten könnten.

Ich freue mich auf den weiteren Austausch.

Viele Grüße
[Ihr Name]
PathWize","<p>Hallo Herr Eder,</p>
<p>wir stehen eng mit dem KI Bundesverband im Austausch und haben dort die Info erhalten, dass wir uns mal bei euch melden sollen, da unser Experten-Netzwerk ggf. spannend für euch sein könnte.</p>
<p>Wir bei <a href=""https://www.gopathwize.com"">PathWize</a> sind einer der führenden Anbieter für Data Labeling und Annotation im europäischen Raum. Mit einem Netzwerk von über 250.000 Experten können wir die richtigen Köpfe in unterschiedlichen Bereichen für sämtliche Data-Labeling-Bedarfe stellen.</p>
<p>Unternehmen wie z.B. Mistral AI und mittelständische Firmen bis hin zu Konzernen arbeiten bereits mit uns im Rahmen ihrer KI-Vorhaben (Post- und Pre-Training von Modellen, Data Labeling anhand von Bildern, RLHF etc.) zusammen.</p>
<p>Wenn Sie ebenfalls Bedarfe in diesen Bereichen haben, würden wir uns freuen, wenn wir euch hier supporten könnten.</p>
<p>Ich freue mich auf den weiteren Austausch.</p>
<p>Viele Grüße<br>[Ihr Name]<br>PathWize</p>","office@kenbun.de"
"276","keymatch.ai","https://keymatch.ai/","Vielleicht","David Gramzow","david@david-gramzow.de","direkt (belegt)","Intro KI Bundesverband - Data Labeling und Annotation für Ihre KI Vorhaben","Hallo Herr Gramzow,","Hallo Herr Gramzow,

wir stehen eng mit dem KI Bundesverband im Austausch und haben dort die Info erhalten, dass wir uns mal bei euch melden sollen, da unser Experten-Netzwerk ggf. spannend für euch sein könnte.

Wir bei PathWize sind einer der führenden Anbieter für Data Labeling und Annotation im europäischen Raum. Mit einem Netzwerk von über 250.000 Experten können wir die richtigen Köpfe in unterschiedlichen Bereichen für sämtliche Data-Labeling-Bedarfe stellen.

Unternehmen wie z.B. Mistral AI und mittelständische Firmen bis hin zu Konzernen arbeiten bereits mit uns im Rahmen ihrer KI-Vorhaben (Post- und Pre-Training von Modellen, Data Labeling anhand von Bildern, RLHF etc.) zusammen.

Wenn Sie ebenfalls Bedarfe in diesen Bereichen haben, würden wir uns freuen, wenn wir euch hier supporten könnten.

Ich freue mich auf den weiteren Austausch.

Viele Grüße
[Ihr Name]
PathWize","<p>Hallo Herr Gramzow,</p>
<p>wir stehen eng mit dem KI Bundesverband im Austausch und haben dort die Info erhalten, dass wir uns mal bei euch melden sollen, da unser Experten-Netzwerk ggf. spannend für euch sein könnte.</p>
<p>Wir bei <a href=""https://www.gopathwize.com"">PathWize</a> sind einer der führenden Anbieter für Data Labeling und Annotation im europäischen Raum. Mit einem Netzwerk von über 250.000 Experten können wir die richtigen Köpfe in unterschiedlichen Bereichen für sämtliche Data-Labeling-Bedarfe stellen.</p>
<p>Unternehmen wie z.B. Mistral AI und mittelständische Firmen bis hin zu Konzernen arbeiten bereits mit uns im Rahmen ihrer KI-Vorhaben (Post- und Pre-Training von Modellen, Data Labeling anhand von Bildern, RLHF etc.) zusammen.</p>
<p>Wenn Sie ebenfalls Bedarfe in diesen Bereichen haben, würden wir uns freuen, wenn wir euch hier supporten könnten.</p>
<p>Ich freue mich auf den weiteren Austausch.</p>
<p>Viele Grüße<br>[Ihr Name]<br>PathWize</p>","david@david-gramzow.de"
"277","KI Mentor Technology GmbH","https://www.info.ki-mentor.com/","Vielleicht","","","keine Mail gefunden","Intro KI Bundesverband - Data Labeling und Annotation für Ihre KI Vorhaben","Guten Tag,","Guten Tag,

wir stehen eng mit dem KI Bundesverband im Austausch und haben dort die Info erhalten, dass wir uns mal bei euch melden sollen, da unser Experten-Netzwerk ggf. spannend für euch sein könnte.

Wir bei PathWize sind einer der führenden Anbieter für Data Labeling und Annotation im europäischen Raum. Mit einem Netzwerk von über 250.000 Experten können wir die richtigen Köpfe in unterschiedlichen Bereichen für sämtliche Data-Labeling-Bedarfe stellen.

Unternehmen wie z.B. Mistral AI und mittelständische Firmen bis hin zu Konzernen arbeiten bereits mit uns im Rahmen ihrer KI-Vorhaben (Post- und Pre-Training von Modellen, Data Labeling anhand von Bildern, RLHF etc.) zusammen.

Wenn Sie ebenfalls Bedarfe in diesen Bereichen haben, würden wir uns freuen, wenn wir euch hier supporten könnten.

Ich freue mich auf den weiteren Austausch.

Viele Grüße
[Ihr Name]
PathWize","<p>Guten Tag,</p>
<p>wir stehen eng mit dem KI Bundesverband im Austausch und haben dort die Info erhalten, dass wir uns mal bei euch melden sollen, da unser Experten-Netzwerk ggf. spannend für euch sein könnte.</p>
<p>Wir bei <a href=""https://www.gopathwize.com"">PathWize</a> sind einer der führenden Anbieter für Data Labeling und Annotation im europäischen Raum. Mit einem Netzwerk von über 250.000 Experten können wir die richtigen Köpfe in unterschiedlichen Bereichen für sämtliche Data-Labeling-Bedarfe stellen.</p>
<p>Unternehmen wie z.B. Mistral AI und mittelständische Firmen bis hin zu Konzernen arbeiten bereits mit uns im Rahmen ihrer KI-Vorhaben (Post- und Pre-Training von Modellen, Data Labeling anhand von Bildern, RLHF etc.) zusammen.</p>
<p>Wenn Sie ebenfalls Bedarfe in diesen Bereichen haben, würden wir uns freuen, wenn wir euch hier supporten könnten.</p>
<p>Ich freue mich auf den weiteren Austausch.</p>
<p>Viele Grüße<br>[Ihr Name]<br>PathWize</p>",""
"278","KI Pionier & Partner","https://ki-pionier-partner.de/","Vielleicht","Jochen Glunk, Dr. Patrick Baeurer","info@ki-pionier-partner.de","funktional","Intro KI Bundesverband - z.Hd. Jochen Glunk - Data Labeling und Annotation für Ihre KI Vorhaben","Hallo Herr Glunk,","Hallo Herr Glunk,

wir stehen eng mit dem KI Bundesverband im Austausch und haben dort die Info erhalten, dass wir uns mal bei euch melden sollen, da unser Experten-Netzwerk ggf. spannend für euch sein könnte.

Wir bei PathWize sind einer der führenden Anbieter für Data Labeling und Annotation im europäischen Raum. Mit einem Netzwerk von über 250.000 Experten können wir die richtigen Köpfe in unterschiedlichen Bereichen für sämtliche Data-Labeling-Bedarfe stellen.

Unternehmen wie z.B. Mistral AI und mittelständische Firmen bis hin zu Konzernen arbeiten bereits mit uns im Rahmen ihrer KI-Vorhaben (Post- und Pre-Training von Modellen, Data Labeling anhand von Bildern, RLHF etc.) zusammen.

Wenn Sie ebenfalls Bedarfe in diesen Bereichen haben, würden wir uns freuen, wenn wir euch hier supporten könnten.

Ich freue mich auf den weiteren Austausch.

Viele Grüße
[Ihr Name]
PathWize","<p>Hallo Herr Glunk,</p>
<p>wir stehen eng mit dem KI Bundesverband im Austausch und haben dort die Info erhalten, dass wir uns mal bei euch melden sollen, da unser Experten-Netzwerk ggf. spannend für euch sein könnte.</p>
<p>Wir bei <a href=""https://www.gopathwize.com"">PathWize</a> sind einer der führenden Anbieter für Data Labeling und Annotation im europäischen Raum. Mit einem Netzwerk von über 250.000 Experten können wir die richtigen Köpfe in unterschiedlichen Bereichen für sämtliche Data-Labeling-Bedarfe stellen.</p>
<p>Unternehmen wie z.B. Mistral AI und mittelständische Firmen bis hin zu Konzernen arbeiten bereits mit uns im Rahmen ihrer KI-Vorhaben (Post- und Pre-Training von Modellen, Data Labeling anhand von Bildern, RLHF etc.) zusammen.</p>
<p>Wenn Sie ebenfalls Bedarfe in diesen Bereichen haben, würden wir uns freuen, wenn wir euch hier supporten könnten.</p>
<p>Ich freue mich auf den weiteren Austausch.</p>
<p>Viele Grüße<br>[Ihr Name]<br>PathWize</p>","info@ki-pionier-partner.de"
"281","KI-Beratung Deutschland","https://www.ki-beratung-deutschland.de/","Vielleicht","Christoph Herting","info@ki-beratung-deutschland.de","funktional","Intro KI Bundesverband - z.Hd. Christoph Herting - Data Labeling und Annotation für Ihre KI Vorhaben","Hallo Herr Herting,","Hallo Herr Herting,

wir stehen eng mit dem KI Bundesverband im Austausch und haben dort die Info erhalten, dass wir uns mal bei euch melden sollen, da unser Experten-Netzwerk ggf. spannend für euch sein könnte.

Wir bei PathWize sind einer der führenden Anbieter für Data Labeling und Annotation im europäischen Raum. Mit einem Netzwerk von über 250.000 Experten können wir die richtigen Köpfe in unterschiedlichen Bereichen für sämtliche Data-Labeling-Bedarfe stellen.

Unternehmen wie z.B. Mistral AI und mittelständische Firmen bis hin zu Konzernen arbeiten bereits mit uns im Rahmen ihrer KI-Vorhaben (Post- und Pre-Training von Modellen, Data Labeling anhand von Bildern, RLHF etc.) zusammen.

Wenn Sie ebenfalls Bedarfe in diesen Bereichen haben, würden wir uns freuen, wenn wir euch hier supporten könnten.

Ich freue mich auf den weiteren Austausch.

Viele Grüße
[Ihr Name]
PathWize","<p>Hallo Herr Herting,</p>
<p>wir stehen eng mit dem KI Bundesverband im Austausch und haben dort die Info erhalten, dass wir uns mal bei euch melden sollen, da unser Experten-Netzwerk ggf. spannend für euch sein könnte.</p>
<p>Wir bei <a href=""https://www.gopathwize.com"">PathWize</a> sind einer der führenden Anbieter für Data Labeling und Annotation im europäischen Raum. Mit einem Netzwerk von über 250.000 Experten können wir die richtigen Köpfe in unterschiedlichen Bereichen für sämtliche Data-Labeling-Bedarfe stellen.</p>
<p>Unternehmen wie z.B. Mistral AI und mittelständische Firmen bis hin zu Konzernen arbeiten bereits mit uns im Rahmen ihrer KI-Vorhaben (Post- und Pre-Training von Modellen, Data Labeling anhand von Bildern, RLHF etc.) zusammen.</p>
<p>Wenn Sie ebenfalls Bedarfe in diesen Bereichen haben, würden wir uns freuen, wenn wir euch hier supporten könnten.</p>
<p>Ich freue mich auf den weiteren Austausch.</p>
<p>Viele Grüße<br>[Ihr Name]<br>PathWize</p>","info@ki-beratung-deutschland.de"
"282","KI-Zentrum fuer Blinde und Sehbehinderte gGmbH","https://ki-zentrum.nrw/","Ja","Joerg Balters","service@ki-zentrum.nrw","funktional (Mitarbeiter-Mail)","Intro KI Bundesverband - z.Hd. Joerg Balters - Data Labeling und Annotation für Ihre KI Vorhaben","Hallo Herr Balters,","Hallo Herr Balters,

wir stehen eng mit dem KI Bundesverband im Austausch und haben dort die Info erhalten, dass wir uns mal bei euch melden sollen, da unser Experten-Netzwerk ggf. spannend für euch sein könnte.

Wir bei PathWize sind einer der führenden Anbieter für Data Labeling und Annotation im europäischen Raum. Mit einem Netzwerk von über 250.000 Experten können wir die richtigen Köpfe in unterschiedlichen Bereichen für sämtliche Data-Labeling-Bedarfe stellen.

Unternehmen wie z.B. Mistral AI und mittelständische Firmen bis hin zu Konzernen arbeiten bereits mit uns im Rahmen ihrer KI-Vorhaben (Post- und Pre-Training von Modellen, Data Labeling anhand von Bildern, RLHF etc.) zusammen.

Wenn Sie ebenfalls Bedarfe in diesen Bereichen haben, würden wir uns freuen, wenn wir euch hier supporten könnten.

Ich freue mich auf den weiteren Austausch.

Viele Grüße
[Ihr Name]
PathWize","<p>Hallo Herr Balters,</p>
<p>wir stehen eng mit dem KI Bundesverband im Austausch und haben dort die Info erhalten, dass wir uns mal bei euch melden sollen, da unser Experten-Netzwerk ggf. spannend für euch sein könnte.</p>
<p>Wir bei <a href=""https://www.gopathwize.com"">PathWize</a> sind einer der führenden Anbieter für Data Labeling und Annotation im europäischen Raum. Mit einem Netzwerk von über 250.000 Experten können wir die richtigen Köpfe in unterschiedlichen Bereichen für sämtliche Data-Labeling-Bedarfe stellen.</p>
<p>Unternehmen wie z.B. Mistral AI und mittelständische Firmen bis hin zu Konzernen arbeiten bereits mit uns im Rahmen ihrer KI-Vorhaben (Post- und Pre-Training von Modellen, Data Labeling anhand von Bildern, RLHF etc.) zusammen.</p>
<p>Wenn Sie ebenfalls Bedarfe in diesen Bereichen haben, würden wir uns freuen, wenn wir euch hier supporten könnten.</p>
<p>Ich freue mich auf den weiteren Austausch.</p>
<p>Viele Grüße<br>[Ihr Name]<br>PathWize</p>","service@ki-zentrum.nrw"
"284","Klangio GmbH","https://klang.io/","Ja","Sebastian Murgul","hello@klang.io","funktional","Intro KI Bundesverband - z.Hd. Sebastian Murgul - Data Labeling und Annotation für Ihre KI Vorhaben","Hallo Herr Murgul,","Hallo Herr Murgul,

wir stehen eng mit dem KI Bundesverband im Austausch und haben dort die Info erhalten, dass wir uns mal bei euch melden sollen, da unser Experten-Netzwerk ggf. spannend für euch sein könnte.

Wir bei PathWize sind einer der führenden Anbieter für Data Labeling und Annotation im europäischen Raum. Mit einem Netzwerk von über 250.000 Experten können wir die richtigen Köpfe in unterschiedlichen Bereichen für sämtliche Data-Labeling-Bedarfe stellen.

Unternehmen wie z.B. Mistral AI und mittelständische Firmen bis hin zu Konzernen arbeiten bereits mit uns im Rahmen ihrer KI-Vorhaben (Post- und Pre-Training von Modellen, Data Labeling anhand von Bildern, RLHF etc.) zusammen.

Wenn Sie ebenfalls Bedarfe in diesen Bereichen haben, würden wir uns freuen, wenn wir euch hier supporten könnten.

Ich freue mich auf den weiteren Austausch.

Viele Grüße
[Ihr Name]
PathWize","<p>Hallo Herr Murgul,</p>
<p>wir stehen eng mit dem KI Bundesverband im Austausch und haben dort die Info erhalten, dass wir uns mal bei euch melden sollen, da unser Experten-Netzwerk ggf. spannend für euch sein könnte.</p>
<p>Wir bei <a href=""https://www.gopathwize.com"">PathWize</a> sind einer der führenden Anbieter für Data Labeling und Annotation im europäischen Raum. Mit einem Netzwerk von über 250.000 Experten können wir die richtigen Köpfe in unterschiedlichen Bereichen für sämtliche Data-Labeling-Bedarfe stellen.</p>
<p>Unternehmen wie z.B. Mistral AI und mittelständische Firmen bis hin zu Konzernen arbeiten bereits mit uns im Rahmen ihrer KI-Vorhaben (Post- und Pre-Training von Modellen, Data Labeling anhand von Bildern, RLHF etc.) zusammen.</p>
<p>Wenn Sie ebenfalls Bedarfe in diesen Bereichen haben, würden wir uns freuen, wenn wir euch hier supporten könnten.</p>
<p>Ich freue mich auf den weiteren Austausch.</p>
<p>Viele Grüße<br>[Ihr Name]<br>PathWize</p>","hello@klang.io"
"285","KLEOS GmbH","https://www.kleos.ai/","Ja","","","keine Mail gefunden","Intro KI Bundesverband - Data Labeling und Annotation für Ihre KI Vorhaben","Guten Tag,","Guten Tag,

wir stehen eng mit dem KI Bundesverband im Austausch und haben dort die Info erhalten, dass wir uns mal bei euch melden sollen, da unser Experten-Netzwerk ggf. spannend für euch sein könnte.

Wir bei PathWize sind einer der führenden Anbieter für Data Labeling und Annotation im europäischen Raum. Mit einem Netzwerk von über 250.000 Experten können wir die richtigen Köpfe in unterschiedlichen Bereichen für sämtliche Data-Labeling-Bedarfe stellen.

Unternehmen wie z.B. Mistral AI und mittelständische Firmen bis hin zu Konzernen arbeiten bereits mit uns im Rahmen ihrer KI-Vorhaben (Post- und Pre-Training von Modellen, Data Labeling anhand von Bildern, RLHF etc.) zusammen.

Wenn Sie ebenfalls Bedarfe in diesen Bereichen haben, würden wir uns freuen, wenn wir euch hier supporten könnten.

Ich freue mich auf den weiteren Austausch.

Viele Grüße
[Ihr Name]
PathWize","<p>Guten Tag,</p>
<p>wir stehen eng mit dem KI Bundesverband im Austausch und haben dort die Info erhalten, dass wir uns mal bei euch melden sollen, da unser Experten-Netzwerk ggf. spannend für euch sein könnte.</p>
<p>Wir bei <a href=""https://www.gopathwize.com"">PathWize</a> sind einer der führenden Anbieter für Data Labeling und Annotation im europäischen Raum. Mit einem Netzwerk von über 250.000 Experten können wir die richtigen Köpfe in unterschiedlichen Bereichen für sämtliche Data-Labeling-Bedarfe stellen.</p>
<p>Unternehmen wie z.B. Mistral AI und mittelständische Firmen bis hin zu Konzernen arbeiten bereits mit uns im Rahmen ihrer KI-Vorhaben (Post- und Pre-Training von Modellen, Data Labeling anhand von Bildern, RLHF etc.) zusammen.</p>
<p>Wenn Sie ebenfalls Bedarfe in diesen Bereichen haben, würden wir uns freuen, wenn wir euch hier supporten könnten.</p>
<p>Ich freue mich auf den weiteren Austausch.</p>
<p>Viele Grüße<br>[Ihr Name]<br>PathWize</p>",""
"287","Konux GmbH","https://www.konux.com/","Ja","Johanna Leisch, Shlomi Hagai","info@konux.com","funktional","Intro KI Bundesverband - z.Hd. Johanna Leisch - Data Labeling und Annotation für Ihre KI Vorhaben","Hallo Frau Leisch,","Hallo Frau Leisch,

wir stehen eng mit dem KI Bundesverband im Austausch und haben dort die Info erhalten, dass wir uns mal bei euch melden sollen, da unser Experten-Netzwerk ggf. spannend für euch sein könnte.

Wir bei PathWize sind einer der führenden Anbieter für Data Labeling und Annotation im europäischen Raum. Mit einem Netzwerk von über 250.000 Experten können wir die richtigen Köpfe in unterschiedlichen Bereichen für sämtliche Data-Labeling-Bedarfe stellen.

Unternehmen wie z.B. Mistral AI und mittelständische Firmen bis hin zu Konzernen arbeiten bereits mit uns im Rahmen ihrer KI-Vorhaben (Post- und Pre-Training von Modellen, Data Labeling anhand von Bildern, RLHF etc.) zusammen.

Wenn Sie ebenfalls Bedarfe in diesen Bereichen haben, würden wir uns freuen, wenn wir euch hier supporten könnten.

Ich freue mich auf den weiteren Austausch.

Viele Grüße
[Ihr Name]
PathWize","<p>Hallo Frau Leisch,</p>
<p>wir stehen eng mit dem KI Bundesverband im Austausch und haben dort die Info erhalten, dass wir uns mal bei euch melden sollen, da unser Experten-Netzwerk ggf. spannend für euch sein könnte.</p>
<p>Wir bei <a href=""https://www.gopathwize.com"">PathWize</a> sind einer der führenden Anbieter für Data Labeling und Annotation im europäischen Raum. Mit einem Netzwerk von über 250.000 Experten können wir die richtigen Köpfe in unterschiedlichen Bereichen für sämtliche Data-Labeling-Bedarfe stellen.</p>
<p>Unternehmen wie z.B. Mistral AI und mittelständische Firmen bis hin zu Konzernen arbeiten bereits mit uns im Rahmen ihrer KI-Vorhaben (Post- und Pre-Training von Modellen, Data Labeling anhand von Bildern, RLHF etc.) zusammen.</p>
<p>Wenn Sie ebenfalls Bedarfe in diesen Bereichen haben, würden wir uns freuen, wenn wir euch hier supporten könnten.</p>
<p>Ich freue mich auf den weiteren Austausch.</p>
<p>Viele Grüße<br>[Ihr Name]<br>PathWize</p>","info@konux.com"
"288","Kopernikus KI powered by bellboxx GmbH","https://www.kopernikus.ai/","Vielleicht","Ingo-Marc Ferdini","info@bellboxx.com","funktional","Intro KI Bundesverband - z.Hd. Ingo-Marc Ferdini - Data Labeling und Annotation für Ihre KI Vorhaben","Hallo Herr Ferdini,","Hallo Herr Ferdini,

wir stehen eng mit dem KI Bundesverband im Austausch und haben dort die Info erhalten, dass wir uns mal bei euch melden sollen, da unser Experten-Netzwerk ggf. spannend für euch sein könnte.

Wir bei PathWize sind einer der führenden Anbieter für Data Labeling und Annotation im europäischen Raum. Mit einem Netzwerk von über 250.000 Experten können wir die richtigen Köpfe in unterschiedlichen Bereichen für sämtliche Data-Labeling-Bedarfe stellen.

Unternehmen wie z.B. Mistral AI und mittelständische Firmen bis hin zu Konzernen arbeiten bereits mit uns im Rahmen ihrer KI-Vorhaben (Post- und Pre-Training von Modellen, Data Labeling anhand von Bildern, RLHF etc.) zusammen.

Wenn Sie ebenfalls Bedarfe in diesen Bereichen haben, würden wir uns freuen, wenn wir euch hier supporten könnten.

Ich freue mich auf den weiteren Austausch.

Viele Grüße
[Ihr Name]
PathWize","<p>Hallo Herr Ferdini,</p>
<p>wir stehen eng mit dem KI Bundesverband im Austausch und haben dort die Info erhalten, dass wir uns mal bei euch melden sollen, da unser Experten-Netzwerk ggf. spannend für euch sein könnte.</p>
<p>Wir bei <a href=""https://www.gopathwize.com"">PathWize</a> sind einer der führenden Anbieter für Data Labeling und Annotation im europäischen Raum. Mit einem Netzwerk von über 250.000 Experten können wir die richtigen Köpfe in unterschiedlichen Bereichen für sämtliche Data-Labeling-Bedarfe stellen.</p>
<p>Unternehmen wie z.B. Mistral AI und mittelständische Firmen bis hin zu Konzernen arbeiten bereits mit uns im Rahmen ihrer KI-Vorhaben (Post- und Pre-Training von Modellen, Data Labeling anhand von Bildern, RLHF etc.) zusammen.</p>
<p>Wenn Sie ebenfalls Bedarfe in diesen Bereichen haben, würden wir uns freuen, wenn wir euch hier supporten könnten.</p>
<p>Ich freue mich auf den weiteren Austausch.</p>
<p>Viele Grüße<br>[Ihr Name]<br>PathWize</p>","info@bellboxx.com; info@kopernikus.ai"
"289","Krankikom GmbH","https://www.krankikom.de/","Vielleicht","Gregor Draute, Estelle Engels, Michaela Hares, Alexander Kranki, Holger Ruhfus","info@krankikom.de","funktional","Intro KI Bundesverband - z.Hd. Gregor Draute - Data Labeling und Annotation für Ihre KI Vorhaben","Hallo Herr Draute,","Hallo Herr Draute,

wir stehen eng mit dem KI Bundesverband im Austausch und haben dort die Info erhalten, dass wir uns mal bei euch melden sollen, da unser Experten-Netzwerk ggf. spannend für euch sein könnte.

Wir bei PathWize sind einer der führenden Anbieter für Data Labeling und Annotation im europäischen Raum. Mit einem Netzwerk von über 250.000 Experten können wir die richtigen Köpfe in unterschiedlichen Bereichen für sämtliche Data-Labeling-Bedarfe stellen.

Unternehmen wie z.B. Mistral AI und mittelständische Firmen bis hin zu Konzernen arbeiten bereits mit uns im Rahmen ihrer KI-Vorhaben (Post- und Pre-Training von Modellen, Data Labeling anhand von Bildern, RLHF etc.) zusammen.

Wenn Sie ebenfalls Bedarfe in diesen Bereichen haben, würden wir uns freuen, wenn wir euch hier supporten könnten.

Ich freue mich auf den weiteren Austausch.

Viele Grüße
[Ihr Name]
PathWize","<p>Hallo Herr Draute,</p>
<p>wir stehen eng mit dem KI Bundesverband im Austausch und haben dort die Info erhalten, dass wir uns mal bei euch melden sollen, da unser Experten-Netzwerk ggf. spannend für euch sein könnte.</p>
<p>Wir bei <a href=""https://www.gopathwize.com"">PathWize</a> sind einer der führenden Anbieter für Data Labeling und Annotation im europäischen Raum. Mit einem Netzwerk von über 250.000 Experten können wir die richtigen Köpfe in unterschiedlichen Bereichen für sämtliche Data-Labeling-Bedarfe stellen.</p>
<p>Unternehmen wie z.B. Mistral AI und mittelständische Firmen bis hin zu Konzernen arbeiten bereits mit uns im Rahmen ihrer KI-Vorhaben (Post- und Pre-Training von Modellen, Data Labeling anhand von Bildern, RLHF etc.) zusammen.</p>
<p>Wenn Sie ebenfalls Bedarfe in diesen Bereichen haben, würden wir uns freuen, wenn wir euch hier supporten könnten.</p>
<p>Ich freue mich auf den weiteren Austausch.</p>
<p>Viele Grüße<br>[Ihr Name]<br>PathWize</p>","post@krankikom.de; info@krankikom.de"
"291","kubion GmbH","https://www.kubion.io/","Ja","Gerrit Johannes Meyer zu Driehausen, Henri Graf","info@kubion.io","funktional","Intro KI Bundesverband - z.Hd. Gerrit Driehausen - Data Labeling und Annotation für Ihre KI Vorhaben","Hallo Herr Driehausen,","Hallo Herr Driehausen,

wir stehen eng mit dem KI Bundesverband im Austausch und haben dort die Info erhalten, dass wir uns mal bei euch melden sollen, da unser Experten-Netzwerk ggf. spannend für euch sein könnte.

Wir bei PathWize sind einer der führenden Anbieter für Data Labeling und Annotation im europäischen Raum. Mit einem Netzwerk von über 250.000 Experten können wir die richtigen Köpfe in unterschiedlichen Bereichen für sämtliche Data-Labeling-Bedarfe stellen.

Unternehmen wie z.B. Mistral AI und mittelständische Firmen bis hin zu Konzernen arbeiten bereits mit uns im Rahmen ihrer KI-Vorhaben (Post- und Pre-Training von Modellen, Data Labeling anhand von Bildern, RLHF etc.) zusammen.

Wenn Sie ebenfalls Bedarfe in diesen Bereichen haben, würden wir uns freuen, wenn wir euch hier supporten könnten.

Ich freue mich auf den weiteren Austausch.

Viele Grüße
[Ihr Name]
PathWize","<p>Hallo Herr Driehausen,</p>
<p>wir stehen eng mit dem KI Bundesverband im Austausch und haben dort die Info erhalten, dass wir uns mal bei euch melden sollen, da unser Experten-Netzwerk ggf. spannend für euch sein könnte.</p>
<p>Wir bei <a href=""https://www.gopathwize.com"">PathWize</a> sind einer der führenden Anbieter für Data Labeling und Annotation im europäischen Raum. Mit einem Netzwerk von über 250.000 Experten können wir die richtigen Köpfe in unterschiedlichen Bereichen für sämtliche Data-Labeling-Bedarfe stellen.</p>
<p>Unternehmen wie z.B. Mistral AI und mittelständische Firmen bis hin zu Konzernen arbeiten bereits mit uns im Rahmen ihrer KI-Vorhaben (Post- und Pre-Training von Modellen, Data Labeling anhand von Bildern, RLHF etc.) zusammen.</p>
<p>Wenn Sie ebenfalls Bedarfe in diesen Bereichen haben, würden wir uns freuen, wenn wir euch hier supporten könnten.</p>
<p>Ich freue mich auf den weiteren Austausch.</p>
<p>Viele Grüße<br>[Ihr Name]<br>PathWize</p>","info@kubion.io"
"292","KURZ Digital Solutions GmbH & Co. KG","https://www.kurzdigital.com/","Vielleicht","Dr. Benno Schmitzer","info@kurzdigital.com","funktional","Intro KI Bundesverband - z.Hd. Benno Schmitzer - Data Labeling und Annotation für Ihre KI Vorhaben","Hallo Herr Dr. Schmitzer,","Hallo Herr Dr. Schmitzer,

wir stehen eng mit dem KI Bundesverband im Austausch und haben dort die Info erhalten, dass wir uns mal bei euch melden sollen, da unser Experten-Netzwerk ggf. spannend für euch sein könnte.

Wir bei PathWize sind einer der führenden Anbieter für Data Labeling und Annotation im europäischen Raum. Mit einem Netzwerk von über 250.000 Experten können wir die richtigen Köpfe in unterschiedlichen Bereichen für sämtliche Data-Labeling-Bedarfe stellen.

Unternehmen wie z.B. Mistral AI und mittelständische Firmen bis hin zu Konzernen arbeiten bereits mit uns im Rahmen ihrer KI-Vorhaben (Post- und Pre-Training von Modellen, Data Labeling anhand von Bildern, RLHF etc.) zusammen.

Wenn Sie ebenfalls Bedarfe in diesen Bereichen haben, würden wir uns freuen, wenn wir euch hier supporten könnten.

Ich freue mich auf den weiteren Austausch.

Viele Grüße
[Ihr Name]
PathWize","<p>Hallo Herr Dr. Schmitzer,</p>
<p>wir stehen eng mit dem KI Bundesverband im Austausch und haben dort die Info erhalten, dass wir uns mal bei euch melden sollen, da unser Experten-Netzwerk ggf. spannend für euch sein könnte.</p>
<p>Wir bei <a href=""https://www.gopathwize.com"">PathWize</a> sind einer der führenden Anbieter für Data Labeling und Annotation im europäischen Raum. Mit einem Netzwerk von über 250.000 Experten können wir die richtigen Köpfe in unterschiedlichen Bereichen für sämtliche Data-Labeling-Bedarfe stellen.</p>
<p>Unternehmen wie z.B. Mistral AI und mittelständische Firmen bis hin zu Konzernen arbeiten bereits mit uns im Rahmen ihrer KI-Vorhaben (Post- und Pre-Training von Modellen, Data Labeling anhand von Bildern, RLHF etc.) zusammen.</p>
<p>Wenn Sie ebenfalls Bedarfe in diesen Bereichen haben, würden wir uns freuen, wenn wir euch hier supporten könnten.</p>
<p>Ich freue mich auf den weiteren Austausch.</p>
<p>Viele Grüße<br>[Ihr Name]<br>PathWize</p>","info@kurzdigital.com"
"293","Laigo GmbH","https://www.laigo.ai/","Vielleicht","Michael Bauner (CEO)","info@laigo.ai","funktional","Intro KI Bundesverband - z.Hd. Michael Bauner - Data Labeling und Annotation für Ihre KI Vorhaben","Hallo Herr Bauner,","Hallo Herr Bauner,

wir stehen eng mit dem KI Bundesverband im Austausch und haben dort die Info erhalten, dass wir uns mal bei euch melden sollen, da unser Experten-Netzwerk ggf. spannend für euch sein könnte.

Wir bei PathWize sind einer der führenden Anbieter für Data Labeling und Annotation im europäischen Raum. Mit einem Netzwerk von über 250.000 Experten können wir die richtigen Köpfe in unterschiedlichen Bereichen für sämtliche Data-Labeling-Bedarfe stellen.

Unternehmen wie z.B. Mistral AI und mittelständische Firmen bis hin zu Konzernen arbeiten bereits mit uns im Rahmen ihrer KI-Vorhaben (Post- und Pre-Training von Modellen, Data Labeling anhand von Bildern, RLHF etc.) zusammen.

Wenn Sie ebenfalls Bedarfe in diesen Bereichen haben, würden wir uns freuen, wenn wir euch hier supporten könnten.

Ich freue mich auf den weiteren Austausch.

Viele Grüße
[Ihr Name]
PathWize","<p>Hallo Herr Bauner,</p>
<p>wir stehen eng mit dem KI Bundesverband im Austausch und haben dort die Info erhalten, dass wir uns mal bei euch melden sollen, da unser Experten-Netzwerk ggf. spannend für euch sein könnte.</p>
<p>Wir bei <a href=""https://www.gopathwize.com"">PathWize</a> sind einer der führenden Anbieter für Data Labeling und Annotation im europäischen Raum. Mit einem Netzwerk von über 250.000 Experten können wir die richtigen Köpfe in unterschiedlichen Bereichen für sämtliche Data-Labeling-Bedarfe stellen.</p>
<p>Unternehmen wie z.B. Mistral AI und mittelständische Firmen bis hin zu Konzernen arbeiten bereits mit uns im Rahmen ihrer KI-Vorhaben (Post- und Pre-Training von Modellen, Data Labeling anhand von Bildern, RLHF etc.) zusammen.</p>
<p>Wenn Sie ebenfalls Bedarfe in diesen Bereichen haben, würden wir uns freuen, wenn wir euch hier supporten könnten.</p>
<p>Ich freue mich auf den weiteren Austausch.</p>
<p>Viele Grüße<br>[Ihr Name]<br>PathWize</p>","info@laigo.ai; Sales@laigo.ai"
"294","Lakera AI AG","https://lakera.ai/","Ja","","","keine Mail gefunden","Intro KI Bundesverband - Data Labeling und Annotation für Ihre KI Vorhaben","Guten Tag,","Guten Tag,

wir stehen eng mit dem KI Bundesverband im Austausch und haben dort die Info erhalten, dass wir uns mal bei euch melden sollen, da unser Experten-Netzwerk ggf. spannend für euch sein könnte.

Wir bei PathWize sind einer der führenden Anbieter für Data Labeling und Annotation im europäischen Raum. Mit einem Netzwerk von über 250.000 Experten können wir die richtigen Köpfe in unterschiedlichen Bereichen für sämtliche Data-Labeling-Bedarfe stellen.

Unternehmen wie z.B. Mistral AI und mittelständische Firmen bis hin zu Konzernen arbeiten bereits mit uns im Rahmen ihrer KI-Vorhaben (Post- und Pre-Training von Modellen, Data Labeling anhand von Bildern, RLHF etc.) zusammen.

Wenn Sie ebenfalls Bedarfe in diesen Bereichen haben, würden wir uns freuen, wenn wir euch hier supporten könnten.

Ich freue mich auf den weiteren Austausch.

Viele Grüße
[Ihr Name]
PathWize","<p>Guten Tag,</p>
<p>wir stehen eng mit dem KI Bundesverband im Austausch und haben dort die Info erhalten, dass wir uns mal bei euch melden sollen, da unser Experten-Netzwerk ggf. spannend für euch sein könnte.</p>
<p>Wir bei <a href=""https://www.gopathwize.com"">PathWize</a> sind einer der führenden Anbieter für Data Labeling und Annotation im europäischen Raum. Mit einem Netzwerk von über 250.000 Experten können wir die richtigen Köpfe in unterschiedlichen Bereichen für sämtliche Data-Labeling-Bedarfe stellen.</p>
<p>Unternehmen wie z.B. Mistral AI und mittelständische Firmen bis hin zu Konzernen arbeiten bereits mit uns im Rahmen ihrer KI-Vorhaben (Post- und Pre-Training von Modellen, Data Labeling anhand von Bildern, RLHF etc.) zusammen.</p>
<p>Wenn Sie ebenfalls Bedarfe in diesen Bereichen haben, würden wir uns freuen, wenn wir euch hier supporten könnten.</p>
<p>Ich freue mich auf den weiteren Austausch.</p>
<p>Viele Grüße<br>[Ihr Name]<br>PathWize</p>",""
"295","Langdock GmbH","https://langdock.com/","Vielleicht","Jonas Beisswenger, Tobias Kemkes, Lennard Schmidt","support@langdock.com","funktional (Mitarbeiter-Mail)","Intro KI Bundesverband - z.Hd. Jonas Beisswenger - Data Labeling und Annotation für Ihre KI Vorhaben","Hallo Herr Beisswenger,","Hallo Herr Beisswenger,

wir stehen eng mit dem KI Bundesverband im Austausch und haben dort die Info erhalten, dass wir uns mal bei euch melden sollen, da unser Experten-Netzwerk ggf. spannend für euch sein könnte.

Wir bei PathWize sind einer der führenden Anbieter für Data Labeling und Annotation im europäischen Raum. Mit einem Netzwerk von über 250.000 Experten können wir die richtigen Köpfe in unterschiedlichen Bereichen für sämtliche Data-Labeling-Bedarfe stellen.

Unternehmen wie z.B. Mistral AI und mittelständische Firmen bis hin zu Konzernen arbeiten bereits mit uns im Rahmen ihrer KI-Vorhaben (Post- und Pre-Training von Modellen, Data Labeling anhand von Bildern, RLHF etc.) zusammen.

Wenn Sie ebenfalls Bedarfe in diesen Bereichen haben, würden wir uns freuen, wenn wir euch hier supporten könnten.

Ich freue mich auf den weiteren Austausch.

Viele Grüße
[Ihr Name]
PathWize","<p>Hallo Herr Beisswenger,</p>
<p>wir stehen eng mit dem KI Bundesverband im Austausch und haben dort die Info erhalten, dass wir uns mal bei euch melden sollen, da unser Experten-Netzwerk ggf. spannend für euch sein könnte.</p>
<p>Wir bei <a href=""https://www.gopathwize.com"">PathWize</a> sind einer der führenden Anbieter für Data Labeling und Annotation im europäischen Raum. Mit einem Netzwerk von über 250.000 Experten können wir die richtigen Köpfe in unterschiedlichen Bereichen für sämtliche Data-Labeling-Bedarfe stellen.</p>
<p>Unternehmen wie z.B. Mistral AI und mittelständische Firmen bis hin zu Konzernen arbeiten bereits mit uns im Rahmen ihrer KI-Vorhaben (Post- und Pre-Training von Modellen, Data Labeling anhand von Bildern, RLHF etc.) zusammen.</p>
<p>Wenn Sie ebenfalls Bedarfe in diesen Bereichen haben, würden wir uns freuen, wenn wir euch hier supporten könnten.</p>
<p>Ich freue mich auf den weiteren Austausch.</p>
<p>Viele Grüße<br>[Ihr Name]<br>PathWize</p>","support@langdock.com"
"296","Lavrio.solutions GmbH","https://lavrio.solutions/","Ja","Natalie Beyer, Jens Beyer","mail@lavrio.solutions","funktional","Intro KI Bundesverband - z.Hd. Natalie Beyer - Data Labeling und Annotation für Ihre KI Vorhaben","Hallo Frau Beyer,","Hallo Frau Beyer,

wir stehen eng mit dem KI Bundesverband im Austausch und haben dort die Info erhalten, dass wir uns mal bei euch melden sollen, da unser Experten-Netzwerk ggf. spannend für euch sein könnte.

Wir bei PathWize sind einer der führenden Anbieter für Data Labeling und Annotation im europäischen Raum. Mit einem Netzwerk von über 250.000 Experten können wir die richtigen Köpfe in unterschiedlichen Bereichen für sämtliche Data-Labeling-Bedarfe stellen.

Unternehmen wie z.B. Mistral AI und mittelständische Firmen bis hin zu Konzernen arbeiten bereits mit uns im Rahmen ihrer KI-Vorhaben (Post- und Pre-Training von Modellen, Data Labeling anhand von Bildern, RLHF etc.) zusammen.

Wenn Sie ebenfalls Bedarfe in diesen Bereichen haben, würden wir uns freuen, wenn wir euch hier supporten könnten.

Ich freue mich auf den weiteren Austausch.

Viele Grüße
[Ihr Name]
PathWize","<p>Hallo Frau Beyer,</p>
<p>wir stehen eng mit dem KI Bundesverband im Austausch und haben dort die Info erhalten, dass wir uns mal bei euch melden sollen, da unser Experten-Netzwerk ggf. spannend für euch sein könnte.</p>
<p>Wir bei <a href=""https://www.gopathwize.com"">PathWize</a> sind einer der führenden Anbieter für Data Labeling und Annotation im europäischen Raum. Mit einem Netzwerk von über 250.000 Experten können wir die richtigen Köpfe in unterschiedlichen Bereichen für sämtliche Data-Labeling-Bedarfe stellen.</p>
<p>Unternehmen wie z.B. Mistral AI und mittelständische Firmen bis hin zu Konzernen arbeiten bereits mit uns im Rahmen ihrer KI-Vorhaben (Post- und Pre-Training von Modellen, Data Labeling anhand von Bildern, RLHF etc.) zusammen.</p>
<p>Wenn Sie ebenfalls Bedarfe in diesen Bereichen haben, würden wir uns freuen, wenn wir euch hier supporten könnten.</p>
<p>Ich freue mich auf den weiteren Austausch.</p>
<p>Viele Grüße<br>[Ihr Name]<br>PathWize</p>","mail@lavrio.solutions"
"297","Lawtechgroup GmbH","https://www.lawtechgroup.de/","Vielleicht","Daniel Kappes","info@lawtechgroup.de","funktional","Intro KI Bundesverband - z.Hd. Daniel Kappes - Data Labeling und Annotation für Ihre KI Vorhaben","Hallo Herr Kappes,","Hallo Herr Kappes,

wir stehen eng mit dem KI Bundesverband im Austausch und haben dort die Info erhalten, dass wir uns mal bei euch melden sollen, da unser Experten-Netzwerk ggf. spannend für euch sein könnte.

Wir bei PathWize sind einer der führenden Anbieter für Data Labeling und Annotation im europäischen Raum. Mit einem Netzwerk von über 250.000 Experten können wir die richtigen Köpfe in unterschiedlichen Bereichen für sämtliche Data-Labeling-Bedarfe stellen.

Unternehmen wie z.B. Mistral AI und mittelständische Firmen bis hin zu Konzernen arbeiten bereits mit uns im Rahmen ihrer KI-Vorhaben (Post- und Pre-Training von Modellen, Data Labeling anhand von Bildern, RLHF etc.) zusammen.

Wenn Sie ebenfalls Bedarfe in diesen Bereichen haben, würden wir uns freuen, wenn wir euch hier supporten könnten.

Ich freue mich auf den weiteren Austausch.

Viele Grüße
[Ihr Name]
PathWize","<p>Hallo Herr Kappes,</p>
<p>wir stehen eng mit dem KI Bundesverband im Austausch und haben dort die Info erhalten, dass wir uns mal bei euch melden sollen, da unser Experten-Netzwerk ggf. spannend für euch sein könnte.</p>
<p>Wir bei <a href=""https://www.gopathwize.com"">PathWize</a> sind einer der führenden Anbieter für Data Labeling und Annotation im europäischen Raum. Mit einem Netzwerk von über 250.000 Experten können wir die richtigen Köpfe in unterschiedlichen Bereichen für sämtliche Data-Labeling-Bedarfe stellen.</p>
<p>Unternehmen wie z.B. Mistral AI und mittelständische Firmen bis hin zu Konzernen arbeiten bereits mit uns im Rahmen ihrer KI-Vorhaben (Post- und Pre-Training von Modellen, Data Labeling anhand von Bildern, RLHF etc.) zusammen.</p>
<p>Wenn Sie ebenfalls Bedarfe in diesen Bereichen haben, würden wir uns freuen, wenn wir euch hier supporten könnten.</p>
<p>Ich freue mich auf den weiteren Austausch.</p>
<p>Viele Grüße<br>[Ihr Name]<br>PathWize</p>","info@lawtechgroup.de"
"298","Leapter GmbH","https://www.leapter.com/","Vielleicht","Oliver Welte, Robert Werner","info@leapter.com","funktional","Intro KI Bundesverband - z.Hd. Oliver Welte - Data Labeling und Annotation für Ihre KI Vorhaben","Hallo Herr Welte,","Hallo Herr Welte,

wir stehen eng mit dem KI Bundesverband im Austausch und haben dort die Info erhalten, dass wir uns mal bei euch melden sollen, da unser Experten-Netzwerk ggf. spannend für euch sein könnte.

Wir bei PathWize sind einer der führenden Anbieter für Data Labeling und Annotation im europäischen Raum. Mit einem Netzwerk von über 250.000 Experten können wir die richtigen Köpfe in unterschiedlichen Bereichen für sämtliche Data-Labeling-Bedarfe stellen.

Unternehmen wie z.B. Mistral AI und mittelständische Firmen bis hin zu Konzernen arbeiten bereits mit uns im Rahmen ihrer KI-Vorhaben (Post- und Pre-Training von Modellen, Data Labeling anhand von Bildern, RLHF etc.) zusammen.

Wenn Sie ebenfalls Bedarfe in diesen Bereichen haben, würden wir uns freuen, wenn wir euch hier supporten könnten.

Ich freue mich auf den weiteren Austausch.

Viele Grüße
[Ihr Name]
PathWize","<p>Hallo Herr Welte,</p>
<p>wir stehen eng mit dem KI Bundesverband im Austausch und haben dort die Info erhalten, dass wir uns mal bei euch melden sollen, da unser Experten-Netzwerk ggf. spannend für euch sein könnte.</p>
<p>Wir bei <a href=""https://www.gopathwize.com"">PathWize</a> sind einer der führenden Anbieter für Data Labeling und Annotation im europäischen Raum. Mit einem Netzwerk von über 250.000 Experten können wir die richtigen Köpfe in unterschiedlichen Bereichen für sämtliche Data-Labeling-Bedarfe stellen.</p>
<p>Unternehmen wie z.B. Mistral AI und mittelständische Firmen bis hin zu Konzernen arbeiten bereits mit uns im Rahmen ihrer KI-Vorhaben (Post- und Pre-Training von Modellen, Data Labeling anhand von Bildern, RLHF etc.) zusammen.</p>
<p>Wenn Sie ebenfalls Bedarfe in diesen Bereichen haben, würden wir uns freuen, wenn wir euch hier supporten könnten.</p>
<p>Ich freue mich auf den weiteren Austausch.</p>
<p>Viele Grüße<br>[Ihr Name]<br>PathWize</p>","info@leapter.com"
"300","Lemberg Solutions GmbH","https://lembergsolutions.com/","Vielleicht","Oleh Naumko (Director)","","keine Mail gefunden","Intro KI Bundesverband - z.Hd. Oleh Naumko - Data Labeling und Annotation für Ihre KI Vorhaben","Hallo Herr Naumko,","Hallo Herr Naumko,

wir stehen eng mit dem KI Bundesverband im Austausch und haben dort die Info erhalten, dass wir uns mal bei euch melden sollen, da unser Experten-Netzwerk ggf. spannend für euch sein könnte.

Wir bei PathWize sind einer der führenden Anbieter für Data Labeling und Annotation im europäischen Raum. Mit einem Netzwerk von über 250.000 Experten können wir die richtigen Köpfe in unterschiedlichen Bereichen für sämtliche Data-Labeling-Bedarfe stellen.

Unternehmen wie z.B. Mistral AI und mittelständische Firmen bis hin zu Konzernen arbeiten bereits mit uns im Rahmen ihrer KI-Vorhaben (Post- und Pre-Training von Modellen, Data Labeling anhand von Bildern, RLHF etc.) zusammen.

Wenn Sie ebenfalls Bedarfe in diesen Bereichen haben, würden wir uns freuen, wenn wir euch hier supporten könnten.

Ich freue mich auf den weiteren Austausch.

Viele Grüße
[Ihr Name]
PathWize","<p>Hallo Herr Naumko,</p>
<p>wir stehen eng mit dem KI Bundesverband im Austausch und haben dort die Info erhalten, dass wir uns mal bei euch melden sollen, da unser Experten-Netzwerk ggf. spannend für euch sein könnte.</p>
<p>Wir bei <a href=""https://www.gopathwize.com"">PathWize</a> sind einer der führenden Anbieter für Data Labeling und Annotation im europäischen Raum. Mit einem Netzwerk von über 250.000 Experten können wir die richtigen Köpfe in unterschiedlichen Bereichen für sämtliche Data-Labeling-Bedarfe stellen.</p>
<p>Unternehmen wie z.B. Mistral AI und mittelständische Firmen bis hin zu Konzernen arbeiten bereits mit uns im Rahmen ihrer KI-Vorhaben (Post- und Pre-Training von Modellen, Data Labeling anhand von Bildern, RLHF etc.) zusammen.</p>
<p>Wenn Sie ebenfalls Bedarfe in diesen Bereichen haben, würden wir uns freuen, wenn wir euch hier supporten könnten.</p>
<p>Ich freue mich auf den weiteren Austausch.</p>
<p>Viele Grüße<br>[Ihr Name]<br>PathWize</p>",""
"301","levity.ai","https://levity.ai/","Ja","Gero Keil, Thilo Huellmann","hello@levity.ai","funktional","Intro KI Bundesverband - z.Hd. Gero Keil - Data Labeling und Annotation für Ihre KI Vorhaben","Hallo Herr Keil,","Hallo Herr Keil,

wir stehen eng mit dem KI Bundesverband im Austausch und haben dort die Info erhalten, dass wir uns mal bei euch melden sollen, da unser Experten-Netzwerk ggf. spannend für euch sein könnte.

Wir bei PathWize sind einer der führenden Anbieter für Data Labeling und Annotation im europäischen Raum. Mit einem Netzwerk von über 250.000 Experten können wir die richtigen Köpfe in unterschiedlichen Bereichen für sämtliche Data-Labeling-Bedarfe stellen.

Unternehmen wie z.B. Mistral AI und mittelständische Firmen bis hin zu Konzernen arbeiten bereits mit uns im Rahmen ihrer KI-Vorhaben (Post- und Pre-Training von Modellen, Data Labeling anhand von Bildern, RLHF etc.) zusammen.

Wenn Sie ebenfalls Bedarfe in diesen Bereichen haben, würden wir uns freuen, wenn wir euch hier supporten könnten.

Ich freue mich auf den weiteren Austausch.

Viele Grüße
[Ihr Name]
PathWize","<p>Hallo Herr Keil,</p>
<p>wir stehen eng mit dem KI Bundesverband im Austausch und haben dort die Info erhalten, dass wir uns mal bei euch melden sollen, da unser Experten-Netzwerk ggf. spannend für euch sein könnte.</p>
<p>Wir bei <a href=""https://www.gopathwize.com"">PathWize</a> sind einer der führenden Anbieter für Data Labeling und Annotation im europäischen Raum. Mit einem Netzwerk von über 250.000 Experten können wir die richtigen Köpfe in unterschiedlichen Bereichen für sämtliche Data-Labeling-Bedarfe stellen.</p>
<p>Unternehmen wie z.B. Mistral AI und mittelständische Firmen bis hin zu Konzernen arbeiten bereits mit uns im Rahmen ihrer KI-Vorhaben (Post- und Pre-Training von Modellen, Data Labeling anhand von Bildern, RLHF etc.) zusammen.</p>
<p>Wenn Sie ebenfalls Bedarfe in diesen Bereichen haben, würden wir uns freuen, wenn wir euch hier supporten könnten.</p>
<p>Ich freue mich auf den weiteren Austausch.</p>
<p>Viele Grüße<br>[Ihr Name]<br>PathWize</p>","hello@levity.ai; dpa@levity.ai"
"303","Lhotse Technologies GmbH","https://www.lhotse.de/","Vielleicht","Can Akin","hello@lhotse.de","funktional","Intro KI Bundesverband - z.Hd. Can Akin - Data Labeling und Annotation für Ihre KI Vorhaben","Hallo Can Akin,","Hallo Can Akin,

wir stehen eng mit dem KI Bundesverband im Austausch und haben dort die Info erhalten, dass wir uns mal bei euch melden sollen, da unser Experten-Netzwerk ggf. spannend für euch sein könnte.

Wir bei PathWize sind einer der führenden Anbieter für Data Labeling und Annotation im europäischen Raum. Mit einem Netzwerk von über 250.000 Experten können wir die richtigen Köpfe in unterschiedlichen Bereichen für sämtliche Data-Labeling-Bedarfe stellen.

Unternehmen wie z.B. Mistral AI und mittelständische Firmen bis hin zu Konzernen arbeiten bereits mit uns im Rahmen ihrer KI-Vorhaben (Post- und Pre-Training von Modellen, Data Labeling anhand von Bildern, RLHF etc.) zusammen.

Wenn Sie ebenfalls Bedarfe in diesen Bereichen haben, würden wir uns freuen, wenn wir euch hier supporten könnten.

Ich freue mich auf den weiteren Austausch.

Viele Grüße
[Ihr Name]
PathWize","<p>Hallo Can Akin,</p>
<p>wir stehen eng mit dem KI Bundesverband im Austausch und haben dort die Info erhalten, dass wir uns mal bei euch melden sollen, da unser Experten-Netzwerk ggf. spannend für euch sein könnte.</p>
<p>Wir bei <a href=""https://www.gopathwize.com"">PathWize</a> sind einer der führenden Anbieter für Data Labeling und Annotation im europäischen Raum. Mit einem Netzwerk von über 250.000 Experten können wir die richtigen Köpfe in unterschiedlichen Bereichen für sämtliche Data-Labeling-Bedarfe stellen.</p>
<p>Unternehmen wie z.B. Mistral AI und mittelständische Firmen bis hin zu Konzernen arbeiten bereits mit uns im Rahmen ihrer KI-Vorhaben (Post- und Pre-Training von Modellen, Data Labeling anhand von Bildern, RLHF etc.) zusammen.</p>
<p>Wenn Sie ebenfalls Bedarfe in diesen Bereichen haben, würden wir uns freuen, wenn wir euch hier supporten könnten.</p>
<p>Ich freue mich auf den weiteren Austausch.</p>
<p>Viele Grüße<br>[Ihr Name]<br>PathWize</p>","hello@lhotse.de"
"305","Limebit GmbH","https://www.limebit.de/","Ja","Philipp Grosser, Oliver Franke, Florian Richter","info@limebit.de","funktional","Intro KI Bundesverband - z.Hd. Philipp Grosser - Data Labeling und Annotation für Ihre KI Vorhaben","Hallo Herr Grosser,","Hallo Herr Grosser,

wir stehen eng mit dem KI Bundesverband im Austausch und haben dort die Info erhalten, dass wir uns mal bei euch melden sollen, da unser Experten-Netzwerk ggf. spannend für euch sein könnte.

Wir bei PathWize sind einer der führenden Anbieter für Data Labeling und Annotation im europäischen Raum. Mit einem Netzwerk von über 250.000 Experten können wir die richtigen Köpfe in unterschiedlichen Bereichen für sämtliche Data-Labeling-Bedarfe stellen.

Unternehmen wie z.B. Mistral AI und mittelständische Firmen bis hin zu Konzernen arbeiten bereits mit uns im Rahmen ihrer KI-Vorhaben (Post- und Pre-Training von Modellen, Data Labeling anhand von Bildern, RLHF etc.) zusammen.

Wenn Sie ebenfalls Bedarfe in diesen Bereichen haben, würden wir uns freuen, wenn wir euch hier supporten könnten.

Ich freue mich auf den weiteren Austausch.

Viele Grüße
[Ihr Name]
PathWize","<p>Hallo Herr Grosser,</p>
<p>wir stehen eng mit dem KI Bundesverband im Austausch und haben dort die Info erhalten, dass wir uns mal bei euch melden sollen, da unser Experten-Netzwerk ggf. spannend für euch sein könnte.</p>
<p>Wir bei <a href=""https://www.gopathwize.com"">PathWize</a> sind einer der führenden Anbieter für Data Labeling und Annotation im europäischen Raum. Mit einem Netzwerk von über 250.000 Experten können wir die richtigen Köpfe in unterschiedlichen Bereichen für sämtliche Data-Labeling-Bedarfe stellen.</p>
<p>Unternehmen wie z.B. Mistral AI und mittelständische Firmen bis hin zu Konzernen arbeiten bereits mit uns im Rahmen ihrer KI-Vorhaben (Post- und Pre-Training von Modellen, Data Labeling anhand von Bildern, RLHF etc.) zusammen.</p>
<p>Wenn Sie ebenfalls Bedarfe in diesen Bereichen haben, würden wir uns freuen, wenn wir euch hier supporten könnten.</p>
<p>Ich freue mich auf den weiteren Austausch.</p>
<p>Viele Grüße<br>[Ihr Name]<br>PathWize</p>","info@limebit.de"
"306","Linovy UG","https://linovy.de/","Vielleicht","Mark Czarnetzki","info@linovy.de","funktional","Intro KI Bundesverband - z.Hd. Mark Czarnetzki - Data Labeling und Annotation für Ihre KI Vorhaben","Hallo Herr Czarnetzki,","Hallo Herr Czarnetzki,

wir stehen eng mit dem KI Bundesverband im Austausch und haben dort die Info erhalten, dass wir uns mal bei euch melden sollen, da unser Experten-Netzwerk ggf. spannend für euch sein könnte.

Wir bei PathWize sind einer der führenden Anbieter für Data Labeling und Annotation im europäischen Raum. Mit einem Netzwerk von über 250.000 Experten können wir die richtigen Köpfe in unterschiedlichen Bereichen für sämtliche Data-Labeling-Bedarfe stellen.

Unternehmen wie z.B. Mistral AI und mittelständische Firmen bis hin zu Konzernen arbeiten bereits mit uns im Rahmen ihrer KI-Vorhaben (Post- und Pre-Training von Modellen, Data Labeling anhand von Bildern, RLHF etc.) zusammen.

Wenn Sie ebenfalls Bedarfe in diesen Bereichen haben, würden wir uns freuen, wenn wir euch hier supporten könnten.

Ich freue mich auf den weiteren Austausch.

Viele Grüße
[Ihr Name]
PathWize","<p>Hallo Herr Czarnetzki,</p>
<p>wir stehen eng mit dem KI Bundesverband im Austausch und haben dort die Info erhalten, dass wir uns mal bei euch melden sollen, da unser Experten-Netzwerk ggf. spannend für euch sein könnte.</p>
<p>Wir bei <a href=""https://www.gopathwize.com"">PathWize</a> sind einer der führenden Anbieter für Data Labeling und Annotation im europäischen Raum. Mit einem Netzwerk von über 250.000 Experten können wir die richtigen Köpfe in unterschiedlichen Bereichen für sämtliche Data-Labeling-Bedarfe stellen.</p>
<p>Unternehmen wie z.B. Mistral AI und mittelständische Firmen bis hin zu Konzernen arbeiten bereits mit uns im Rahmen ihrer KI-Vorhaben (Post- und Pre-Training von Modellen, Data Labeling anhand von Bildern, RLHF etc.) zusammen.</p>
<p>Wenn Sie ebenfalls Bedarfe in diesen Bereichen haben, würden wir uns freuen, wenn wir euch hier supporten könnten.</p>
<p>Ich freue mich auf den weiteren Austausch.</p>
<p>Viele Grüße<br>[Ihr Name]<br>PathWize</p>","info@linovy.de"
"307","Lisios GmbH","https://www.lisios.de/","Vielleicht","Patrick Franken","kontakt@lisios.de","funktional","Intro KI Bundesverband - z.Hd. Patrick Franken - Data Labeling und Annotation für Ihre KI Vorhaben","Hallo Herr Franken,","Hallo Herr Franken,

wir stehen eng mit dem KI Bundesverband im Austausch und haben dort die Info erhalten, dass wir uns mal bei euch melden sollen, da unser Experten-Netzwerk ggf. spannend für euch sein könnte.

Wir bei PathWize sind einer der führenden Anbieter für Data Labeling und Annotation im europäischen Raum. Mit einem Netzwerk von über 250.000 Experten können wir die richtigen Köpfe in unterschiedlichen Bereichen für sämtliche Data-Labeling-Bedarfe stellen.

Unternehmen wie z.B. Mistral AI und mittelständische Firmen bis hin zu Konzernen arbeiten bereits mit uns im Rahmen ihrer KI-Vorhaben (Post- und Pre-Training von Modellen, Data Labeling anhand von Bildern, RLHF etc.) zusammen.

Wenn Sie ebenfalls Bedarfe in diesen Bereichen haben, würden wir uns freuen, wenn wir euch hier supporten könnten.

Ich freue mich auf den weiteren Austausch.

Viele Grüße
[Ihr Name]
PathWize","<p>Hallo Herr Franken,</p>
<p>wir stehen eng mit dem KI Bundesverband im Austausch und haben dort die Info erhalten, dass wir uns mal bei euch melden sollen, da unser Experten-Netzwerk ggf. spannend für euch sein könnte.</p>
<p>Wir bei <a href=""https://www.gopathwize.com"">PathWize</a> sind einer der führenden Anbieter für Data Labeling und Annotation im europäischen Raum. Mit einem Netzwerk von über 250.000 Experten können wir die richtigen Köpfe in unterschiedlichen Bereichen für sämtliche Data-Labeling-Bedarfe stellen.</p>
<p>Unternehmen wie z.B. Mistral AI und mittelständische Firmen bis hin zu Konzernen arbeiten bereits mit uns im Rahmen ihrer KI-Vorhaben (Post- und Pre-Training von Modellen, Data Labeling anhand von Bildern, RLHF etc.) zusammen.</p>
<p>Wenn Sie ebenfalls Bedarfe in diesen Bereichen haben, würden wir uns freuen, wenn wir euch hier supporten könnten.</p>
<p>Ich freue mich auf den weiteren Austausch.</p>
<p>Viele Grüße<br>[Ihr Name]<br>PathWize</p>","kontakt@lisios.de; kontakt@lisios.com"
"308","LMIS AG","https://www.lmis.de/","Vielleicht","Sascha Doemer (CDO), Daniel Oliver Augsten (CGO) (Vorstaende)","info@lmis.de","funktional","Intro KI Bundesverband - z.Hd. Sascha Doemer - Data Labeling und Annotation für Ihre KI Vorhaben","Hallo Herr Doemer,","Hallo Herr Doemer,

wir stehen eng mit dem KI Bundesverband im Austausch und haben dort die Info erhalten, dass wir uns mal bei euch melden sollen, da unser Experten-Netzwerk ggf. spannend für euch sein könnte.

Wir bei PathWize sind einer der führenden Anbieter für Data Labeling und Annotation im europäischen Raum. Mit einem Netzwerk von über 250.000 Experten können wir die richtigen Köpfe in unterschiedlichen Bereichen für sämtliche Data-Labeling-Bedarfe stellen.

Unternehmen wie z.B. Mistral AI und mittelständische Firmen bis hin zu Konzernen arbeiten bereits mit uns im Rahmen ihrer KI-Vorhaben (Post- und Pre-Training von Modellen, Data Labeling anhand von Bildern, RLHF etc.) zusammen.

Wenn Sie ebenfalls Bedarfe in diesen Bereichen haben, würden wir uns freuen, wenn wir euch hier supporten könnten.

Ich freue mich auf den weiteren Austausch.

Viele Grüße
[Ihr Name]
PathWize","<p>Hallo Herr Doemer,</p>
<p>wir stehen eng mit dem KI Bundesverband im Austausch und haben dort die Info erhalten, dass wir uns mal bei euch melden sollen, da unser Experten-Netzwerk ggf. spannend für euch sein könnte.</p>
<p>Wir bei <a href=""https://www.gopathwize.com"">PathWize</a> sind einer der führenden Anbieter für Data Labeling und Annotation im europäischen Raum. Mit einem Netzwerk von über 250.000 Experten können wir die richtigen Köpfe in unterschiedlichen Bereichen für sämtliche Data-Labeling-Bedarfe stellen.</p>
<p>Unternehmen wie z.B. Mistral AI und mittelständische Firmen bis hin zu Konzernen arbeiten bereits mit uns im Rahmen ihrer KI-Vorhaben (Post- und Pre-Training von Modellen, Data Labeling anhand von Bildern, RLHF etc.) zusammen.</p>
<p>Wenn Sie ebenfalls Bedarfe in diesen Bereichen haben, würden wir uns freuen, wenn wir euch hier supporten könnten.</p>
<p>Ich freue mich auf den weiteren Austausch.</p>
<p>Viele Grüße<br>[Ihr Name]<br>PathWize</p>","info@lmis.de; media@LMIS.de"
"309","logarithmo GmbH & Co. KG","https://www.logarithmo.de/","Vielleicht","Dr. Felix Friemann, Dr. Sven Christian Mueller, Dr. Sebastian Ruthe","team@logarithmo.de","funktional","Intro KI Bundesverband - z.Hd. Felix Friemann - Data Labeling und Annotation für Ihre KI Vorhaben","Hallo Herr Dr. Friemann,","Hallo Herr Dr. Friemann,

wir stehen eng mit dem KI Bundesverband im Austausch und haben dort die Info erhalten, dass wir uns mal bei euch melden sollen, da unser Experten-Netzwerk ggf. spannend für euch sein könnte.

Wir bei PathWize sind einer der führenden Anbieter für Data Labeling und Annotation im europäischen Raum. Mit einem Netzwerk von über 250.000 Experten können wir die richtigen Köpfe in unterschiedlichen Bereichen für sämtliche Data-Labeling-Bedarfe stellen.

Unternehmen wie z.B. Mistral AI und mittelständische Firmen bis hin zu Konzernen arbeiten bereits mit uns im Rahmen ihrer KI-Vorhaben (Post- und Pre-Training von Modellen, Data Labeling anhand von Bildern, RLHF etc.) zusammen.

Wenn Sie ebenfalls Bedarfe in diesen Bereichen haben, würden wir uns freuen, wenn wir euch hier supporten könnten.

Ich freue mich auf den weiteren Austausch.

Viele Grüße
[Ihr Name]
PathWize","<p>Hallo Herr Dr. Friemann,</p>
<p>wir stehen eng mit dem KI Bundesverband im Austausch und haben dort die Info erhalten, dass wir uns mal bei euch melden sollen, da unser Experten-Netzwerk ggf. spannend für euch sein könnte.</p>
<p>Wir bei <a href=""https://www.gopathwize.com"">PathWize</a> sind einer der führenden Anbieter für Data Labeling und Annotation im europäischen Raum. Mit einem Netzwerk von über 250.000 Experten können wir die richtigen Köpfe in unterschiedlichen Bereichen für sämtliche Data-Labeling-Bedarfe stellen.</p>
<p>Unternehmen wie z.B. Mistral AI und mittelständische Firmen bis hin zu Konzernen arbeiten bereits mit uns im Rahmen ihrer KI-Vorhaben (Post- und Pre-Training von Modellen, Data Labeling anhand von Bildern, RLHF etc.) zusammen.</p>
<p>Wenn Sie ebenfalls Bedarfe in diesen Bereichen haben, würden wir uns freuen, wenn wir euch hier supporten könnten.</p>
<p>Ich freue mich auf den weiteren Austausch.</p>
<p>Viele Grüße<br>[Ihr Name]<br>PathWize</p>","team@logarithmo.de"
"310","Logiks Solutions GmbH","https://logiks.solutions/","Vielleicht","Philipp Prestele","info@logiks.solutions","funktional","Intro KI Bundesverband - z.Hd. Philipp Prestele - Data Labeling und Annotation für Ihre KI Vorhaben","Hallo Herr Prestele,","Hallo Herr Prestele,

wir stehen eng mit dem KI Bundesverband im Austausch und haben dort die Info erhalten, dass wir uns mal bei euch melden sollen, da unser Experten-Netzwerk ggf. spannend für euch sein könnte.

Wir bei PathWize sind einer der führenden Anbieter für Data Labeling und Annotation im europäischen Raum. Mit einem Netzwerk von über 250.000 Experten können wir die richtigen Köpfe in unterschiedlichen Bereichen für sämtliche Data-Labeling-Bedarfe stellen.

Unternehmen wie z.B. Mistral AI und mittelständische Firmen bis hin zu Konzernen arbeiten bereits mit uns im Rahmen ihrer KI-Vorhaben (Post- und Pre-Training von Modellen, Data Labeling anhand von Bildern, RLHF etc.) zusammen.

Wenn Sie ebenfalls Bedarfe in diesen Bereichen haben, würden wir uns freuen, wenn wir euch hier supporten könnten.

Ich freue mich auf den weiteren Austausch.

Viele Grüße
[Ihr Name]
PathWize","<p>Hallo Herr Prestele,</p>
<p>wir stehen eng mit dem KI Bundesverband im Austausch und haben dort die Info erhalten, dass wir uns mal bei euch melden sollen, da unser Experten-Netzwerk ggf. spannend für euch sein könnte.</p>
<p>Wir bei <a href=""https://www.gopathwize.com"">PathWize</a> sind einer der führenden Anbieter für Data Labeling und Annotation im europäischen Raum. Mit einem Netzwerk von über 250.000 Experten können wir die richtigen Köpfe in unterschiedlichen Bereichen für sämtliche Data-Labeling-Bedarfe stellen.</p>
<p>Unternehmen wie z.B. Mistral AI und mittelständische Firmen bis hin zu Konzernen arbeiten bereits mit uns im Rahmen ihrer KI-Vorhaben (Post- und Pre-Training von Modellen, Data Labeling anhand von Bildern, RLHF etc.) zusammen.</p>
<p>Wenn Sie ebenfalls Bedarfe in diesen Bereichen haben, würden wir uns freuen, wenn wir euch hier supporten könnten.</p>
<p>Ich freue mich auf den weiteren Austausch.</p>
<p>Viele Grüße<br>[Ihr Name]<br>PathWize</p>","info@logiks.solutions"
"311","Logsight.ai","https://logsight.ai/","Ja","Dr. Alexander Acker","info@logsight.ai","funktional","Intro KI Bundesverband - z.Hd. Alexander Acker - Data Labeling und Annotation für Ihre KI Vorhaben","Hallo Herr Dr. Acker,","Hallo Herr Dr. Acker,

wir stehen eng mit dem KI Bundesverband im Austausch und haben dort die Info erhalten, dass wir uns mal bei euch melden sollen, da unser Experten-Netzwerk ggf. spannend für euch sein könnte.

Wir bei PathWize sind einer der führenden Anbieter für Data Labeling und Annotation im europäischen Raum. Mit einem Netzwerk von über 250.000 Experten können wir die richtigen Köpfe in unterschiedlichen Bereichen für sämtliche Data-Labeling-Bedarfe stellen.

Unternehmen wie z.B. Mistral AI und mittelständische Firmen bis hin zu Konzernen arbeiten bereits mit uns im Rahmen ihrer KI-Vorhaben (Post- und Pre-Training von Modellen, Data Labeling anhand von Bildern, RLHF etc.) zusammen.

Wenn Sie ebenfalls Bedarfe in diesen Bereichen haben, würden wir uns freuen, wenn wir euch hier supporten könnten.

Ich freue mich auf den weiteren Austausch.

Viele Grüße
[Ihr Name]
PathWize","<p>Hallo Herr Dr. Acker,</p>
<p>wir stehen eng mit dem KI Bundesverband im Austausch und haben dort die Info erhalten, dass wir uns mal bei euch melden sollen, da unser Experten-Netzwerk ggf. spannend für euch sein könnte.</p>
<p>Wir bei <a href=""https://www.gopathwize.com"">PathWize</a> sind einer der führenden Anbieter für Data Labeling und Annotation im europäischen Raum. Mit einem Netzwerk von über 250.000 Experten können wir die richtigen Köpfe in unterschiedlichen Bereichen für sämtliche Data-Labeling-Bedarfe stellen.</p>
<p>Unternehmen wie z.B. Mistral AI und mittelständische Firmen bis hin zu Konzernen arbeiten bereits mit uns im Rahmen ihrer KI-Vorhaben (Post- und Pre-Training von Modellen, Data Labeling anhand von Bildern, RLHF etc.) zusammen.</p>
<p>Wenn Sie ebenfalls Bedarfe in diesen Bereichen haben, würden wir uns freuen, wenn wir euch hier supporten könnten.</p>
<p>Ich freue mich auf den weiteren Austausch.</p>
<p>Viele Grüße<br>[Ihr Name]<br>PathWize</p>","info@logsight.ai; logsight@logsight.ai"
"312","LOLML GmbH","https://lolml.com/","Ja","Julian Wergieluk","info@lolml.com","funktional","Intro KI Bundesverband - z.Hd. Julian Wergieluk - Data Labeling und Annotation für Ihre KI Vorhaben","Hallo Herr Wergieluk,","Hallo Herr Wergieluk,

wir stehen eng mit dem KI Bundesverband im Austausch und haben dort die Info erhalten, dass wir uns mal bei euch melden sollen, da unser Experten-Netzwerk ggf. spannend für euch sein könnte.

Wir bei PathWize sind einer der führenden Anbieter für Data Labeling und Annotation im europäischen Raum. Mit einem Netzwerk von über 250.000 Experten können wir die richtigen Köpfe in unterschiedlichen Bereichen für sämtliche Data-Labeling-Bedarfe stellen.

Unternehmen wie z.B. Mistral AI und mittelständische Firmen bis hin zu Konzernen arbeiten bereits mit uns im Rahmen ihrer KI-Vorhaben (Post- und Pre-Training von Modellen, Data Labeling anhand von Bildern, RLHF etc.) zusammen.

Wenn Sie ebenfalls Bedarfe in diesen Bereichen haben, würden wir uns freuen, wenn wir euch hier supporten könnten.

Ich freue mich auf den weiteren Austausch.

Viele Grüße
[Ihr Name]
PathWize","<p>Hallo Herr Wergieluk,</p>
<p>wir stehen eng mit dem KI Bundesverband im Austausch und haben dort die Info erhalten, dass wir uns mal bei euch melden sollen, da unser Experten-Netzwerk ggf. spannend für euch sein könnte.</p>
<p>Wir bei <a href=""https://www.gopathwize.com"">PathWize</a> sind einer der führenden Anbieter für Data Labeling und Annotation im europäischen Raum. Mit einem Netzwerk von über 250.000 Experten können wir die richtigen Köpfe in unterschiedlichen Bereichen für sämtliche Data-Labeling-Bedarfe stellen.</p>
<p>Unternehmen wie z.B. Mistral AI und mittelständische Firmen bis hin zu Konzernen arbeiten bereits mit uns im Rahmen ihrer KI-Vorhaben (Post- und Pre-Training von Modellen, Data Labeling anhand von Bildern, RLHF etc.) zusammen.</p>
<p>Wenn Sie ebenfalls Bedarfe in diesen Bereichen haben, würden wir uns freuen, wenn wir euch hier supporten könnten.</p>
<p>Ich freue mich auf den weiteren Austausch.</p>
<p>Viele Grüße<br>[Ihr Name]<br>PathWize</p>","info@lolml.com"
"313","LOX Solutions GmbH","https://www.lox-solutions.eu/","Vielleicht","Victor A. Albrecht, Ch. Poyatos Ohler","contact@lox-solutions.eu","funktional","Intro KI Bundesverband - z.Hd. Victor Albrecht - Data Labeling und Annotation für Ihre KI Vorhaben","Hallo Herr Albrecht,","Hallo Herr Albrecht,

wir stehen eng mit dem KI Bundesverband im Austausch und haben dort die Info erhalten, dass wir uns mal bei euch melden sollen, da unser Experten-Netzwerk ggf. spannend für euch sein könnte.

Wir bei PathWize sind einer der führenden Anbieter für Data Labeling und Annotation im europäischen Raum. Mit einem Netzwerk von über 250.000 Experten können wir die richtigen Köpfe in unterschiedlichen Bereichen für sämtliche Data-Labeling-Bedarfe stellen.

Unternehmen wie z.B. Mistral AI und mittelständische Firmen bis hin zu Konzernen arbeiten bereits mit uns im Rahmen ihrer KI-Vorhaben (Post- und Pre-Training von Modellen, Data Labeling anhand von Bildern, RLHF etc.) zusammen.

Wenn Sie ebenfalls Bedarfe in diesen Bereichen haben, würden wir uns freuen, wenn wir euch hier supporten könnten.

Ich freue mich auf den weiteren Austausch.

Viele Grüße
[Ihr Name]
PathWize","<p>Hallo Herr Albrecht,</p>
<p>wir stehen eng mit dem KI Bundesverband im Austausch und haben dort die Info erhalten, dass wir uns mal bei euch melden sollen, da unser Experten-Netzwerk ggf. spannend für euch sein könnte.</p>
<p>Wir bei <a href=""https://www.gopathwize.com"">PathWize</a> sind einer der führenden Anbieter für Data Labeling und Annotation im europäischen Raum. Mit einem Netzwerk von über 250.000 Experten können wir die richtigen Köpfe in unterschiedlichen Bereichen für sämtliche Data-Labeling-Bedarfe stellen.</p>
<p>Unternehmen wie z.B. Mistral AI und mittelständische Firmen bis hin zu Konzernen arbeiten bereits mit uns im Rahmen ihrer KI-Vorhaben (Post- und Pre-Training von Modellen, Data Labeling anhand von Bildern, RLHF etc.) zusammen.</p>
<p>Wenn Sie ebenfalls Bedarfe in diesen Bereichen haben, würden wir uns freuen, wenn wir euch hier supporten könnten.</p>
<p>Ich freue mich auf den weiteren Austausch.</p>
<p>Viele Grüße<br>[Ihr Name]<br>PathWize</p>","contact@lox-solutions.eu"
"314","Lucid Labs GmbH","https://www.lucidlabs.de/","Vielleicht","Marek Janetzke","hello@lucidlabs.de","funktional","Intro KI Bundesverband - z.Hd. Marek Janetzke - Data Labeling und Annotation für Ihre KI Vorhaben","Hallo Herr Janetzke,","Hallo Herr Janetzke,

wir stehen eng mit dem KI Bundesverband im Austausch und haben dort die Info erhalten, dass wir uns mal bei euch melden sollen, da unser Experten-Netzwerk ggf. spannend für euch sein könnte.

Wir bei PathWize sind einer der führenden Anbieter für Data Labeling und Annotation im europäischen Raum. Mit einem Netzwerk von über 250.000 Experten können wir die richtigen Köpfe in unterschiedlichen Bereichen für sämtliche Data-Labeling-Bedarfe stellen.

Unternehmen wie z.B. Mistral AI und mittelständische Firmen bis hin zu Konzernen arbeiten bereits mit uns im Rahmen ihrer KI-Vorhaben (Post- und Pre-Training von Modellen, Data Labeling anhand von Bildern, RLHF etc.) zusammen.

Wenn Sie ebenfalls Bedarfe in diesen Bereichen haben, würden wir uns freuen, wenn wir euch hier supporten könnten.

Ich freue mich auf den weiteren Austausch.

Viele Grüße
[Ihr Name]
PathWize","<p>Hallo Herr Janetzke,</p>
<p>wir stehen eng mit dem KI Bundesverband im Austausch und haben dort die Info erhalten, dass wir uns mal bei euch melden sollen, da unser Experten-Netzwerk ggf. spannend für euch sein könnte.</p>
<p>Wir bei <a href=""https://www.gopathwize.com"">PathWize</a> sind einer der führenden Anbieter für Data Labeling und Annotation im europäischen Raum. Mit einem Netzwerk von über 250.000 Experten können wir die richtigen Köpfe in unterschiedlichen Bereichen für sämtliche Data-Labeling-Bedarfe stellen.</p>
<p>Unternehmen wie z.B. Mistral AI und mittelständische Firmen bis hin zu Konzernen arbeiten bereits mit uns im Rahmen ihrer KI-Vorhaben (Post- und Pre-Training von Modellen, Data Labeling anhand von Bildern, RLHF etc.) zusammen.</p>
<p>Wenn Sie ebenfalls Bedarfe in diesen Bereichen haben, würden wir uns freuen, wenn wir euch hier supporten könnten.</p>
<p>Ich freue mich auf den weiteren Austausch.</p>
<p>Viele Grüße<br>[Ihr Name]<br>PathWize</p>","hello@lucidlabs.de"
"315","LUIS Technology GmbH","https://www.luis.de/","Ja","Dr. Matthias Feistel, Martin Groschke","","keine Mail gefunden","Intro KI Bundesverband - z.Hd. Matthias Feistel - Data Labeling und Annotation für Ihre KI Vorhaben","Hallo Herr Dr. Feistel,","Hallo Herr Dr. Feistel,

wir stehen eng mit dem KI Bundesverband im Austausch und haben dort die Info erhalten, dass wir uns mal bei euch melden sollen, da unser Experten-Netzwerk ggf. spannend für euch sein könnte.

Wir bei PathWize sind einer der führenden Anbieter für Data Labeling und Annotation im europäischen Raum. Mit einem Netzwerk von über 250.000 Experten können wir die richtigen Köpfe in unterschiedlichen Bereichen für sämtliche Data-Labeling-Bedarfe stellen.

Unternehmen wie z.B. Mistral AI und mittelständische Firmen bis hin zu Konzernen arbeiten bereits mit uns im Rahmen ihrer KI-Vorhaben (Post- und Pre-Training von Modellen, Data Labeling anhand von Bildern, RLHF etc.) zusammen.

Wenn Sie ebenfalls Bedarfe in diesen Bereichen haben, würden wir uns freuen, wenn wir euch hier supporten könnten.

Ich freue mich auf den weiteren Austausch.

Viele Grüße
[Ihr Name]
PathWize","<p>Hallo Herr Dr. Feistel,</p>
<p>wir stehen eng mit dem KI Bundesverband im Austausch und haben dort die Info erhalten, dass wir uns mal bei euch melden sollen, da unser Experten-Netzwerk ggf. spannend für euch sein könnte.</p>
<p>Wir bei <a href=""https://www.gopathwize.com"">PathWize</a> sind einer der führenden Anbieter für Data Labeling und Annotation im europäischen Raum. Mit einem Netzwerk von über 250.000 Experten können wir die richtigen Köpfe in unterschiedlichen Bereichen für sämtliche Data-Labeling-Bedarfe stellen.</p>
<p>Unternehmen wie z.B. Mistral AI und mittelständische Firmen bis hin zu Konzernen arbeiten bereits mit uns im Rahmen ihrer KI-Vorhaben (Post- und Pre-Training von Modellen, Data Labeling anhand von Bildern, RLHF etc.) zusammen.</p>
<p>Wenn Sie ebenfalls Bedarfe in diesen Bereichen haben, würden wir uns freuen, wenn wir euch hier supporten könnten.</p>
<p>Ich freue mich auf den weiteren Austausch.</p>
<p>Viele Grüße<br>[Ihr Name]<br>PathWize</p>",""
"316","Luup.Systems GmbH","https://www.luup-systems.com/","Vielleicht","Leonard Vincent Petter","info@luup-systems.com","funktional","Intro KI Bundesverband - z.Hd. Leonard Petter - Data Labeling und Annotation für Ihre KI Vorhaben","Hallo Herr Petter,","Hallo Herr Petter,

wir stehen eng mit dem KI Bundesverband im Austausch und haben dort die Info erhalten, dass wir uns mal bei euch melden sollen, da unser Experten-Netzwerk ggf. spannend für euch sein könnte.

Wir bei PathWize sind einer der führenden Anbieter für Data Labeling und Annotation im europäischen Raum. Mit einem Netzwerk von über 250.000 Experten können wir die richtigen Köpfe in unterschiedlichen Bereichen für sämtliche Data-Labeling-Bedarfe stellen.

Unternehmen wie z.B. Mistral AI und mittelständische Firmen bis hin zu Konzernen arbeiten bereits mit uns im Rahmen ihrer KI-Vorhaben (Post- und Pre-Training von Modellen, Data Labeling anhand von Bildern, RLHF etc.) zusammen.

Wenn Sie ebenfalls Bedarfe in diesen Bereichen haben, würden wir uns freuen, wenn wir euch hier supporten könnten.

Ich freue mich auf den weiteren Austausch.

Viele Grüße
[Ihr Name]
PathWize","<p>Hallo Herr Petter,</p>
<p>wir stehen eng mit dem KI Bundesverband im Austausch und haben dort die Info erhalten, dass wir uns mal bei euch melden sollen, da unser Experten-Netzwerk ggf. spannend für euch sein könnte.</p>
<p>Wir bei <a href=""https://www.gopathwize.com"">PathWize</a> sind einer der führenden Anbieter für Data Labeling und Annotation im europäischen Raum. Mit einem Netzwerk von über 250.000 Experten können wir die richtigen Köpfe in unterschiedlichen Bereichen für sämtliche Data-Labeling-Bedarfe stellen.</p>
<p>Unternehmen wie z.B. Mistral AI und mittelständische Firmen bis hin zu Konzernen arbeiten bereits mit uns im Rahmen ihrer KI-Vorhaben (Post- und Pre-Training von Modellen, Data Labeling anhand von Bildern, RLHF etc.) zusammen.</p>
<p>Wenn Sie ebenfalls Bedarfe in diesen Bereichen haben, würden wir uns freuen, wenn wir euch hier supporten könnten.</p>
<p>Ich freue mich auf den weiteren Austausch.</p>
<p>Viele Grüße<br>[Ihr Name]<br>PathWize</p>","info@luup-systems.com"
"317","LUVIS AI GmbH","https://luvis.ai/","Ja","Nicolas Hoyer (Gruender/GF); Stephan Hotto (2023 ausgeschieden)","","keine Mail gefunden","Intro KI Bundesverband - z.Hd. Nicolas Hoyer - Data Labeling und Annotation für Ihre KI Vorhaben","Hallo Herr Hoyer,","Hallo Herr Hoyer,

wir stehen eng mit dem KI Bundesverband im Austausch und haben dort die Info erhalten, dass wir uns mal bei euch melden sollen, da unser Experten-Netzwerk ggf. spannend für euch sein könnte.

Wir bei PathWize sind einer der führenden Anbieter für Data Labeling und Annotation im europäischen Raum. Mit einem Netzwerk von über 250.000 Experten können wir die richtigen Köpfe in unterschiedlichen Bereichen für sämtliche Data-Labeling-Bedarfe stellen.

Unternehmen wie z.B. Mistral AI und mittelständische Firmen bis hin zu Konzernen arbeiten bereits mit uns im Rahmen ihrer KI-Vorhaben (Post- und Pre-Training von Modellen, Data Labeling anhand von Bildern, RLHF etc.) zusammen.

Wenn Sie ebenfalls Bedarfe in diesen Bereichen haben, würden wir uns freuen, wenn wir euch hier supporten könnten.

Ich freue mich auf den weiteren Austausch.

Viele Grüße
[Ihr Name]
PathWize","<p>Hallo Herr Hoyer,</p>
<p>wir stehen eng mit dem KI Bundesverband im Austausch und haben dort die Info erhalten, dass wir uns mal bei euch melden sollen, da unser Experten-Netzwerk ggf. spannend für euch sein könnte.</p>
<p>Wir bei <a href=""https://www.gopathwize.com"">PathWize</a> sind einer der führenden Anbieter für Data Labeling und Annotation im europäischen Raum. Mit einem Netzwerk von über 250.000 Experten können wir die richtigen Köpfe in unterschiedlichen Bereichen für sämtliche Data-Labeling-Bedarfe stellen.</p>
<p>Unternehmen wie z.B. Mistral AI und mittelständische Firmen bis hin zu Konzernen arbeiten bereits mit uns im Rahmen ihrer KI-Vorhaben (Post- und Pre-Training von Modellen, Data Labeling anhand von Bildern, RLHF etc.) zusammen.</p>
<p>Wenn Sie ebenfalls Bedarfe in diesen Bereichen haben, würden wir uns freuen, wenn wir euch hier supporten könnten.</p>
<p>Ich freue mich auf den weiteren Austausch.</p>
<p>Viele Grüße<br>[Ihr Name]<br>PathWize</p>",""
"319","mAInthink GmbH","https://www.mainthink.ai/","Vielleicht","Sascha Rissel","","keine Mail gefunden","Intro KI Bundesverband - z.Hd. Sascha Rissel - Data Labeling und Annotation für Ihre KI Vorhaben","Hallo Herr Rissel,","Hallo Herr Rissel,

wir stehen eng mit dem KI Bundesverband im Austausch und haben dort die Info erhalten, dass wir uns mal bei euch melden sollen, da unser Experten-Netzwerk ggf. spannend für euch sein könnte.

Wir bei PathWize sind einer der führenden Anbieter für Data Labeling und Annotation im europäischen Raum. Mit einem Netzwerk von über 250.000 Experten können wir die richtigen Köpfe in unterschiedlichen Bereichen für sämtliche Data-Labeling-Bedarfe stellen.

Unternehmen wie z.B. Mistral AI und mittelständische Firmen bis hin zu Konzernen arbeiten bereits mit uns im Rahmen ihrer KI-Vorhaben (Post- und Pre-Training von Modellen, Data Labeling anhand von Bildern, RLHF etc.) zusammen.

Wenn Sie ebenfalls Bedarfe in diesen Bereichen haben, würden wir uns freuen, wenn wir euch hier supporten könnten.

Ich freue mich auf den weiteren Austausch.

Viele Grüße
[Ihr Name]
PathWize","<p>Hallo Herr Rissel,</p>
<p>wir stehen eng mit dem KI Bundesverband im Austausch und haben dort die Info erhalten, dass wir uns mal bei euch melden sollen, da unser Experten-Netzwerk ggf. spannend für euch sein könnte.</p>
<p>Wir bei <a href=""https://www.gopathwize.com"">PathWize</a> sind einer der führenden Anbieter für Data Labeling und Annotation im europäischen Raum. Mit einem Netzwerk von über 250.000 Experten können wir die richtigen Köpfe in unterschiedlichen Bereichen für sämtliche Data-Labeling-Bedarfe stellen.</p>
<p>Unternehmen wie z.B. Mistral AI und mittelständische Firmen bis hin zu Konzernen arbeiten bereits mit uns im Rahmen ihrer KI-Vorhaben (Post- und Pre-Training von Modellen, Data Labeling anhand von Bildern, RLHF etc.) zusammen.</p>
<p>Wenn Sie ebenfalls Bedarfe in diesen Bereichen haben, würden wir uns freuen, wenn wir euch hier supporten könnten.</p>
<p>Ich freue mich auf den weiteren Austausch.</p>
<p>Viele Grüße<br>[Ihr Name]<br>PathWize</p>",""
"320","MANAGBL. AI GmbH","https://www.managbl.ai/","Vielleicht","Mario Nagel, Amos Tadeusz Poznanski","hello@managbl.ai","funktional","Intro KI Bundesverband - z.Hd. Mario Nagel - Data Labeling und Annotation für Ihre KI Vorhaben","Hallo Herr Nagel,","Hallo Herr Nagel,

wir stehen eng mit dem KI Bundesverband im Austausch und haben dort die Info erhalten, dass wir uns mal bei euch melden sollen, da unser Experten-Netzwerk ggf. spannend für euch sein könnte.

Wir bei PathWize sind einer der führenden Anbieter für Data Labeling und Annotation im europäischen Raum. Mit einem Netzwerk von über 250.000 Experten können wir die richtigen Köpfe in unterschiedlichen Bereichen für sämtliche Data-Labeling-Bedarfe stellen.

Unternehmen wie z.B. Mistral AI und mittelständische Firmen bis hin zu Konzernen arbeiten bereits mit uns im Rahmen ihrer KI-Vorhaben (Post- und Pre-Training von Modellen, Data Labeling anhand von Bildern, RLHF etc.) zusammen.

Wenn Sie ebenfalls Bedarfe in diesen Bereichen haben, würden wir uns freuen, wenn wir euch hier supporten könnten.

Ich freue mich auf den weiteren Austausch.

Viele Grüße
[Ihr Name]
PathWize","<p>Hallo Herr Nagel,</p>
<p>wir stehen eng mit dem KI Bundesverband im Austausch und haben dort die Info erhalten, dass wir uns mal bei euch melden sollen, da unser Experten-Netzwerk ggf. spannend für euch sein könnte.</p>
<p>Wir bei <a href=""https://www.gopathwize.com"">PathWize</a> sind einer der führenden Anbieter für Data Labeling und Annotation im europäischen Raum. Mit einem Netzwerk von über 250.000 Experten können wir die richtigen Köpfe in unterschiedlichen Bereichen für sämtliche Data-Labeling-Bedarfe stellen.</p>
<p>Unternehmen wie z.B. Mistral AI und mittelständische Firmen bis hin zu Konzernen arbeiten bereits mit uns im Rahmen ihrer KI-Vorhaben (Post- und Pre-Training von Modellen, Data Labeling anhand von Bildern, RLHF etc.) zusammen.</p>
<p>Wenn Sie ebenfalls Bedarfe in diesen Bereichen haben, würden wir uns freuen, wenn wir euch hier supporten könnten.</p>
<p>Ich freue mich auf den weiteren Austausch.</p>
<p>Viele Grüße<br>[Ihr Name]<br>PathWize</p>","hello@managbl.ai"
"321","manufactAI","https://manufactai.com/","Ja","Maria Bergmane, Ole Meyer","hello@manufactai.com","funktional","Intro KI Bundesverband - z.Hd. Maria Bergmane - Data Labeling und Annotation für Ihre KI Vorhaben","Hallo Frau Bergmane,","Hallo Frau Bergmane,

wir stehen eng mit dem KI Bundesverband im Austausch und haben dort die Info erhalten, dass wir uns mal bei euch melden sollen, da unser Experten-Netzwerk ggf. spannend für euch sein könnte.

Wir bei PathWize sind einer der führenden Anbieter für Data Labeling und Annotation im europäischen Raum. Mit einem Netzwerk von über 250.000 Experten können wir die richtigen Köpfe in unterschiedlichen Bereichen für sämtliche Data-Labeling-Bedarfe stellen.

Unternehmen wie z.B. Mistral AI und mittelständische Firmen bis hin zu Konzernen arbeiten bereits mit uns im Rahmen ihrer KI-Vorhaben (Post- und Pre-Training von Modellen, Data Labeling anhand von Bildern, RLHF etc.) zusammen.

Wenn Sie ebenfalls Bedarfe in diesen Bereichen haben, würden wir uns freuen, wenn wir euch hier supporten könnten.

Ich freue mich auf den weiteren Austausch.

Viele Grüße
[Ihr Name]
PathWize","<p>Hallo Frau Bergmane,</p>
<p>wir stehen eng mit dem KI Bundesverband im Austausch und haben dort die Info erhalten, dass wir uns mal bei euch melden sollen, da unser Experten-Netzwerk ggf. spannend für euch sein könnte.</p>
<p>Wir bei <a href=""https://www.gopathwize.com"">PathWize</a> sind einer der führenden Anbieter für Data Labeling und Annotation im europäischen Raum. Mit einem Netzwerk von über 250.000 Experten können wir die richtigen Köpfe in unterschiedlichen Bereichen für sämtliche Data-Labeling-Bedarfe stellen.</p>
<p>Unternehmen wie z.B. Mistral AI und mittelständische Firmen bis hin zu Konzernen arbeiten bereits mit uns im Rahmen ihrer KI-Vorhaben (Post- und Pre-Training von Modellen, Data Labeling anhand von Bildern, RLHF etc.) zusammen.</p>
<p>Wenn Sie ebenfalls Bedarfe in diesen Bereichen haben, würden wir uns freuen, wenn wir euch hier supporten könnten.</p>
<p>Ich freue mich auf den weiteren Austausch.</p>
<p>Viele Grüße<br>[Ihr Name]<br>PathWize</p>","hello@manufactai.com"
"322","Masasana GmbH","https://www.masasana.ai/","Vielleicht","Jonas Becher","info@masasana.ai","funktional","Intro KI Bundesverband - z.Hd. Jonas Becher - Data Labeling und Annotation für Ihre KI Vorhaben","Hallo Herr Becher,","Hallo Herr Becher,

wir stehen eng mit dem KI Bundesverband im Austausch und haben dort die Info erhalten, dass wir uns mal bei euch melden sollen, da unser Experten-Netzwerk ggf. spannend für euch sein könnte.

Wir bei PathWize sind einer der führenden Anbieter für Data Labeling und Annotation im europäischen Raum. Mit einem Netzwerk von über 250.000 Experten können wir die richtigen Köpfe in unterschiedlichen Bereichen für sämtliche Data-Labeling-Bedarfe stellen.

Unternehmen wie z.B. Mistral AI und mittelständische Firmen bis hin zu Konzernen arbeiten bereits mit uns im Rahmen ihrer KI-Vorhaben (Post- und Pre-Training von Modellen, Data Labeling anhand von Bildern, RLHF etc.) zusammen.

Wenn Sie ebenfalls Bedarfe in diesen Bereichen haben, würden wir uns freuen, wenn wir euch hier supporten könnten.

Ich freue mich auf den weiteren Austausch.

Viele Grüße
[Ihr Name]
PathWize","<p>Hallo Herr Becher,</p>
<p>wir stehen eng mit dem KI Bundesverband im Austausch und haben dort die Info erhalten, dass wir uns mal bei euch melden sollen, da unser Experten-Netzwerk ggf. spannend für euch sein könnte.</p>
<p>Wir bei <a href=""https://www.gopathwize.com"">PathWize</a> sind einer der führenden Anbieter für Data Labeling und Annotation im europäischen Raum. Mit einem Netzwerk von über 250.000 Experten können wir die richtigen Köpfe in unterschiedlichen Bereichen für sämtliche Data-Labeling-Bedarfe stellen.</p>
<p>Unternehmen wie z.B. Mistral AI und mittelständische Firmen bis hin zu Konzernen arbeiten bereits mit uns im Rahmen ihrer KI-Vorhaben (Post- und Pre-Training von Modellen, Data Labeling anhand von Bildern, RLHF etc.) zusammen.</p>
<p>Wenn Sie ebenfalls Bedarfe in diesen Bereichen haben, würden wir uns freuen, wenn wir euch hier supporten könnten.</p>
<p>Ich freue mich auf den weiteren Austausch.</p>
<p>Viele Grüße<br>[Ihr Name]<br>PathWize</p>","info@masasana.ai"
"323","MechLab Engineering UG","https://mechlab-engineering.de/","Vielleicht","Paul Balzer","kontakt@mechlab-engineering.de","funktional","Intro KI Bundesverband - z.Hd. Paul Balzer - Data Labeling und Annotation für Ihre KI Vorhaben","Hallo Herr Balzer,","Hallo Herr Balzer,

wir stehen eng mit dem KI Bundesverband im Austausch und haben dort die Info erhalten, dass wir uns mal bei euch melden sollen, da unser Experten-Netzwerk ggf. spannend für euch sein könnte.

Wir bei PathWize sind einer der führenden Anbieter für Data Labeling und Annotation im europäischen Raum. Mit einem Netzwerk von über 250.000 Experten können wir die richtigen Köpfe in unterschiedlichen Bereichen für sämtliche Data-Labeling-Bedarfe stellen.

Unternehmen wie z.B. Mistral AI und mittelständische Firmen bis hin zu Konzernen arbeiten bereits mit uns im Rahmen ihrer KI-Vorhaben (Post- und Pre-Training von Modellen, Data Labeling anhand von Bildern, RLHF etc.) zusammen.

Wenn Sie ebenfalls Bedarfe in diesen Bereichen haben, würden wir uns freuen, wenn wir euch hier supporten könnten.

Ich freue mich auf den weiteren Austausch.

Viele Grüße
[Ihr Name]
PathWize","<p>Hallo Herr Balzer,</p>
<p>wir stehen eng mit dem KI Bundesverband im Austausch und haben dort die Info erhalten, dass wir uns mal bei euch melden sollen, da unser Experten-Netzwerk ggf. spannend für euch sein könnte.</p>
<p>Wir bei <a href=""https://www.gopathwize.com"">PathWize</a> sind einer der führenden Anbieter für Data Labeling und Annotation im europäischen Raum. Mit einem Netzwerk von über 250.000 Experten können wir die richtigen Köpfe in unterschiedlichen Bereichen für sämtliche Data-Labeling-Bedarfe stellen.</p>
<p>Unternehmen wie z.B. Mistral AI und mittelständische Firmen bis hin zu Konzernen arbeiten bereits mit uns im Rahmen ihrer KI-Vorhaben (Post- und Pre-Training von Modellen, Data Labeling anhand von Bildern, RLHF etc.) zusammen.</p>
<p>Wenn Sie ebenfalls Bedarfe in diesen Bereichen haben, würden wir uns freuen, wenn wir euch hier supporten könnten.</p>
<p>Ich freue mich auf den weiteren Austausch.</p>
<p>Viele Grüße<br>[Ihr Name]<br>PathWize</p>","kontakt@mechlab-engineering.de"
"324","medicalmotion GmbH","https://www.medicalmotion.com/","Vielleicht","Sven Klimpel","info@medicalmotion.de","funktional","Intro KI Bundesverband - z.Hd. Sven Klimpel - Data Labeling und Annotation für Ihre KI Vorhaben","Hallo Herr Klimpel,","Hallo Herr Klimpel,

wir stehen eng mit dem KI Bundesverband im Austausch und haben dort die Info erhalten, dass wir uns mal bei euch melden sollen, da unser Experten-Netzwerk ggf. spannend für euch sein könnte.

Wir bei PathWize sind einer der führenden Anbieter für Data Labeling und Annotation im europäischen Raum. Mit einem Netzwerk von über 250.000 Experten können wir die richtigen Köpfe in unterschiedlichen Bereichen für sämtliche Data-Labeling-Bedarfe stellen.

Unternehmen wie z.B. Mistral AI und mittelständische Firmen bis hin zu Konzernen arbeiten bereits mit uns im Rahmen ihrer KI-Vorhaben (Post- und Pre-Training von Modellen, Data Labeling anhand von Bildern, RLHF etc.) zusammen.

Wenn Sie ebenfalls Bedarfe in diesen Bereichen haben, würden wir uns freuen, wenn wir euch hier supporten könnten.

Ich freue mich auf den weiteren Austausch.

Viele Grüße
[Ihr Name]
PathWize","<p>Hallo Herr Klimpel,</p>
<p>wir stehen eng mit dem KI Bundesverband im Austausch und haben dort die Info erhalten, dass wir uns mal bei euch melden sollen, da unser Experten-Netzwerk ggf. spannend für euch sein könnte.</p>
<p>Wir bei <a href=""https://www.gopathwize.com"">PathWize</a> sind einer der führenden Anbieter für Data Labeling und Annotation im europäischen Raum. Mit einem Netzwerk von über 250.000 Experten können wir die richtigen Köpfe in unterschiedlichen Bereichen für sämtliche Data-Labeling-Bedarfe stellen.</p>
<p>Unternehmen wie z.B. Mistral AI und mittelständische Firmen bis hin zu Konzernen arbeiten bereits mit uns im Rahmen ihrer KI-Vorhaben (Post- und Pre-Training von Modellen, Data Labeling anhand von Bildern, RLHF etc.) zusammen.</p>
<p>Wenn Sie ebenfalls Bedarfe in diesen Bereichen haben, würden wir uns freuen, wenn wir euch hier supporten könnten.</p>
<p>Ich freue mich auf den weiteren Austausch.</p>
<p>Viele Grüße<br>[Ihr Name]<br>PathWize</p>","contact@medicalmotion.de; info@medicalmotion.de; support@medicalmotion.de"
"325","Meerkat.ai GmbH","https://www.meerkat.ai/","Vielleicht","Fabian J. Crabus, Rosanne Jakobs","info@meerkat.ai","funktional","Intro KI Bundesverband - z.Hd. Fabian Crabus - Data Labeling und Annotation für Ihre KI Vorhaben","Hallo Herr Crabus,","Hallo Herr Crabus,

wir stehen eng mit dem KI Bundesverband im Austausch und haben dort die Info erhalten, dass wir uns mal bei euch melden sollen, da unser Experten-Netzwerk ggf. spannend für euch sein könnte.

Wir bei PathWize sind einer der führenden Anbieter für Data Labeling und Annotation im europäischen Raum. Mit einem Netzwerk von über 250.000 Experten können wir die richtigen Köpfe in unterschiedlichen Bereichen für sämtliche Data-Labeling-Bedarfe stellen.

Unternehmen wie z.B. Mistral AI und mittelständische Firmen bis hin zu Konzernen arbeiten bereits mit uns im Rahmen ihrer KI-Vorhaben (Post- und Pre-Training von Modellen, Data Labeling anhand von Bildern, RLHF etc.) zusammen.

Wenn Sie ebenfalls Bedarfe in diesen Bereichen haben, würden wir uns freuen, wenn wir euch hier supporten könnten.

Ich freue mich auf den weiteren Austausch.

Viele Grüße
[Ihr Name]
PathWize","<p>Hallo Herr Crabus,</p>
<p>wir stehen eng mit dem KI Bundesverband im Austausch und haben dort die Info erhalten, dass wir uns mal bei euch melden sollen, da unser Experten-Netzwerk ggf. spannend für euch sein könnte.</p>
<p>Wir bei <a href=""https://www.gopathwize.com"">PathWize</a> sind einer der führenden Anbieter für Data Labeling und Annotation im europäischen Raum. Mit einem Netzwerk von über 250.000 Experten können wir die richtigen Köpfe in unterschiedlichen Bereichen für sämtliche Data-Labeling-Bedarfe stellen.</p>
<p>Unternehmen wie z.B. Mistral AI und mittelständische Firmen bis hin zu Konzernen arbeiten bereits mit uns im Rahmen ihrer KI-Vorhaben (Post- und Pre-Training von Modellen, Data Labeling anhand von Bildern, RLHF etc.) zusammen.</p>
<p>Wenn Sie ebenfalls Bedarfe in diesen Bereichen haben, würden wir uns freuen, wenn wir euch hier supporten könnten.</p>
<p>Ich freue mich auf den weiteren Austausch.</p>
<p>Viele Grüße<br>[Ihr Name]<br>PathWize</p>","info@meerkat.ai"
"328","Merantix Momentum GmbH","http://www.merantix-momentum.com/","Ja","Thomas Wollmann, Elena Delbianco, Paul Rupprecht","thomas.wollmann@merantix-momentum.com","direkt (rekonstruiert)","Intro KI Bundesverband - Data Labeling und Annotation für Ihre KI Vorhaben","Hallo Herr Wollmann,","Hallo Herr Wollmann,

wir stehen eng mit dem KI Bundesverband im Austausch und haben dort die Info erhalten, dass wir uns mal bei euch melden sollen, da unser Experten-Netzwerk ggf. spannend für euch sein könnte.

Wir bei PathWize sind einer der führenden Anbieter für Data Labeling und Annotation im europäischen Raum. Mit einem Netzwerk von über 250.000 Experten können wir die richtigen Köpfe in unterschiedlichen Bereichen für sämtliche Data-Labeling-Bedarfe stellen.

Unternehmen wie z.B. Mistral AI und mittelständische Firmen bis hin zu Konzernen arbeiten bereits mit uns im Rahmen ihrer KI-Vorhaben (Post- und Pre-Training von Modellen, Data Labeling anhand von Bildern, RLHF etc.) zusammen.

Wenn Sie ebenfalls Bedarfe in diesen Bereichen haben, würden wir uns freuen, wenn wir euch hier supporten könnten.

Ich freue mich auf den weiteren Austausch.

Viele Grüße
[Ihr Name]
PathWize","<p>Hallo Herr Wollmann,</p>
<p>wir stehen eng mit dem KI Bundesverband im Austausch und haben dort die Info erhalten, dass wir uns mal bei euch melden sollen, da unser Experten-Netzwerk ggf. spannend für euch sein könnte.</p>
<p>Wir bei <a href=""https://www.gopathwize.com"">PathWize</a> sind einer der führenden Anbieter für Data Labeling und Annotation im europäischen Raum. Mit einem Netzwerk von über 250.000 Experten können wir die richtigen Köpfe in unterschiedlichen Bereichen für sämtliche Data-Labeling-Bedarfe stellen.</p>
<p>Unternehmen wie z.B. Mistral AI und mittelständische Firmen bis hin zu Konzernen arbeiten bereits mit uns im Rahmen ihrer KI-Vorhaben (Post- und Pre-Training von Modellen, Data Labeling anhand von Bildern, RLHF etc.) zusammen.</p>
<p>Wenn Sie ebenfalls Bedarfe in diesen Bereichen haben, würden wir uns freuen, wenn wir euch hier supporten könnten.</p>
<p>Ich freue mich auf den weiteren Austausch.</p>
<p>Viele Grüße<br>[Ihr Name]<br>PathWize</p>","info@merantix-momentum.com; jacob.yanai@merantix-momentum.com; momentum@merantix.com"
"329","Mercury.ai GmbH","https://mercury.ai/","Vielleicht","Johannes Tappmeier","hi@mercury.ai","funktional (Mitarbeiter-Mail)","Intro KI Bundesverband - z.Hd. Johannes Tappmeier - Data Labeling und Annotation für Ihre KI Vorhaben","Hallo Herr Tappmeier,","Hallo Herr Tappmeier,

wir stehen eng mit dem KI Bundesverband im Austausch und haben dort die Info erhalten, dass wir uns mal bei euch melden sollen, da unser Experten-Netzwerk ggf. spannend für euch sein könnte.

Wir bei PathWize sind einer der führenden Anbieter für Data Labeling und Annotation im europäischen Raum. Mit einem Netzwerk von über 250.000 Experten können wir die richtigen Köpfe in unterschiedlichen Bereichen für sämtliche Data-Labeling-Bedarfe stellen.

Unternehmen wie z.B. Mistral AI und mittelständische Firmen bis hin zu Konzernen arbeiten bereits mit uns im Rahmen ihrer KI-Vorhaben (Post- und Pre-Training von Modellen, Data Labeling anhand von Bildern, RLHF etc.) zusammen.

Wenn Sie ebenfalls Bedarfe in diesen Bereichen haben, würden wir uns freuen, wenn wir euch hier supporten könnten.

Ich freue mich auf den weiteren Austausch.

Viele Grüße
[Ihr Name]
PathWize","<p>Hallo Herr Tappmeier,</p>
<p>wir stehen eng mit dem KI Bundesverband im Austausch und haben dort die Info erhalten, dass wir uns mal bei euch melden sollen, da unser Experten-Netzwerk ggf. spannend für euch sein könnte.</p>
<p>Wir bei <a href=""https://www.gopathwize.com"">PathWize</a> sind einer der führenden Anbieter für Data Labeling und Annotation im europäischen Raum. Mit einem Netzwerk von über 250.000 Experten können wir die richtigen Köpfe in unterschiedlichen Bereichen für sämtliche Data-Labeling-Bedarfe stellen.</p>
<p>Unternehmen wie z.B. Mistral AI und mittelständische Firmen bis hin zu Konzernen arbeiten bereits mit uns im Rahmen ihrer KI-Vorhaben (Post- und Pre-Training von Modellen, Data Labeling anhand von Bildern, RLHF etc.) zusammen.</p>
<p>Wenn Sie ebenfalls Bedarfe in diesen Bereichen haben, würden wir uns freuen, wenn wir euch hier supporten könnten.</p>
<p>Ich freue mich auf den weiteren Austausch.</p>
<p>Viele Grüße<br>[Ihr Name]<br>PathWize</p>","hi@mercury.ai"
"330","MESASIGHT GmbH","https://www.mesasight.com/","Ja","Dr. Athanasios Karamalis","","keine Mail gefunden","Intro KI Bundesverband - z.Hd. Athanasios Karamalis - Data Labeling und Annotation für Ihre KI Vorhaben","Hallo Herr Dr. Karamalis,","Hallo Herr Dr. Karamalis,

wir stehen eng mit dem KI Bundesverband im Austausch und haben dort die Info erhalten, dass wir uns mal bei euch melden sollen, da unser Experten-Netzwerk ggf. spannend für euch sein könnte.

Wir bei PathWize sind einer der führenden Anbieter für Data Labeling und Annotation im europäischen Raum. Mit einem Netzwerk von über 250.000 Experten können wir die richtigen Köpfe in unterschiedlichen Bereichen für sämtliche Data-Labeling-Bedarfe stellen.

Unternehmen wie z.B. Mistral AI und mittelständische Firmen bis hin zu Konzernen arbeiten bereits mit uns im Rahmen ihrer KI-Vorhaben (Post- und Pre-Training von Modellen, Data Labeling anhand von Bildern, RLHF etc.) zusammen.

Wenn Sie ebenfalls Bedarfe in diesen Bereichen haben, würden wir uns freuen, wenn wir euch hier supporten könnten.

Ich freue mich auf den weiteren Austausch.

Viele Grüße
[Ihr Name]
PathWize","<p>Hallo Herr Dr. Karamalis,</p>
<p>wir stehen eng mit dem KI Bundesverband im Austausch und haben dort die Info erhalten, dass wir uns mal bei euch melden sollen, da unser Experten-Netzwerk ggf. spannend für euch sein könnte.</p>
<p>Wir bei <a href=""https://www.gopathwize.com"">PathWize</a> sind einer der führenden Anbieter für Data Labeling und Annotation im europäischen Raum. Mit einem Netzwerk von über 250.000 Experten können wir die richtigen Köpfe in unterschiedlichen Bereichen für sämtliche Data-Labeling-Bedarfe stellen.</p>
<p>Unternehmen wie z.B. Mistral AI und mittelständische Firmen bis hin zu Konzernen arbeiten bereits mit uns im Rahmen ihrer KI-Vorhaben (Post- und Pre-Training von Modellen, Data Labeling anhand von Bildern, RLHF etc.) zusammen.</p>
<p>Wenn Sie ebenfalls Bedarfe in diesen Bereichen haben, würden wir uns freuen, wenn wir euch hier supporten könnten.</p>
<p>Ich freue mich auf den weiteren Austausch.</p>
<p>Viele Grüße<br>[Ihr Name]<br>PathWize</p>",""
"331","DeepMetis","https://www.deepmetis.com/","Vielleicht","Ferdinand Biere (Managing Director)","","keine Mail gefunden","Intro KI Bundesverband - z.Hd. Ferdinand Biere - Data Labeling und Annotation für Ihre KI Vorhaben","Hallo Herr Biere,","Hallo Herr Biere,

wir stehen eng mit dem KI Bundesverband im Austausch und haben dort die Info erhalten, dass wir uns mal bei euch melden sollen, da unser Experten-Netzwerk ggf. spannend für euch sein könnte.

Wir bei PathWize sind einer der führenden Anbieter für Data Labeling und Annotation im europäischen Raum. Mit einem Netzwerk von über 250.000 Experten können wir die richtigen Köpfe in unterschiedlichen Bereichen für sämtliche Data-Labeling-Bedarfe stellen.

Unternehmen wie z.B. Mistral AI und mittelständische Firmen bis hin zu Konzernen arbeiten bereits mit uns im Rahmen ihrer KI-Vorhaben (Post- und Pre-Training von Modellen, Data Labeling anhand von Bildern, RLHF etc.) zusammen.

Wenn Sie ebenfalls Bedarfe in diesen Bereichen haben, würden wir uns freuen, wenn wir euch hier supporten könnten.

Ich freue mich auf den weiteren Austausch.

Viele Grüße
[Ihr Name]
PathWize","<p>Hallo Herr Biere,</p>
<p>wir stehen eng mit dem KI Bundesverband im Austausch und haben dort die Info erhalten, dass wir uns mal bei euch melden sollen, da unser Experten-Netzwerk ggf. spannend für euch sein könnte.</p>
<p>Wir bei <a href=""https://www.gopathwize.com"">PathWize</a> sind einer der führenden Anbieter für Data Labeling und Annotation im europäischen Raum. Mit einem Netzwerk von über 250.000 Experten können wir die richtigen Köpfe in unterschiedlichen Bereichen für sämtliche Data-Labeling-Bedarfe stellen.</p>
<p>Unternehmen wie z.B. Mistral AI und mittelständische Firmen bis hin zu Konzernen arbeiten bereits mit uns im Rahmen ihrer KI-Vorhaben (Post- und Pre-Training von Modellen, Data Labeling anhand von Bildern, RLHF etc.) zusammen.</p>
<p>Wenn Sie ebenfalls Bedarfe in diesen Bereichen haben, würden wir uns freuen, wenn wir euch hier supporten könnten.</p>
<p>Ich freue mich auf den weiteren Austausch.</p>
<p>Viele Grüße<br>[Ihr Name]<br>PathWize</p>",""
"332","MF MoreFuture. Die KI-Beratung GmbH","https://www.more-future.ai/","Vielleicht","Tom Ebertz","info@more-future.ai","funktional","Intro KI Bundesverband - z.Hd. Tom Ebertz - Data Labeling und Annotation für Ihre KI Vorhaben","Hallo Herr Ebertz,","Hallo Herr Ebertz,

wir stehen eng mit dem KI Bundesverband im Austausch und haben dort die Info erhalten, dass wir uns mal bei euch melden sollen, da unser Experten-Netzwerk ggf. spannend für euch sein könnte.

Wir bei PathWize sind einer der führenden Anbieter für Data Labeling und Annotation im europäischen Raum. Mit einem Netzwerk von über 250.000 Experten können wir die richtigen Köpfe in unterschiedlichen Bereichen für sämtliche Data-Labeling-Bedarfe stellen.

Unternehmen wie z.B. Mistral AI und mittelständische Firmen bis hin zu Konzernen arbeiten bereits mit uns im Rahmen ihrer KI-Vorhaben (Post- und Pre-Training von Modellen, Data Labeling anhand von Bildern, RLHF etc.) zusammen.

Wenn Sie ebenfalls Bedarfe in diesen Bereichen haben, würden wir uns freuen, wenn wir euch hier supporten könnten.

Ich freue mich auf den weiteren Austausch.

Viele Grüße
[Ihr Name]
PathWize","<p>Hallo Herr Ebertz,</p>
<p>wir stehen eng mit dem KI Bundesverband im Austausch und haben dort die Info erhalten, dass wir uns mal bei euch melden sollen, da unser Experten-Netzwerk ggf. spannend für euch sein könnte.</p>
<p>Wir bei <a href=""https://www.gopathwize.com"">PathWize</a> sind einer der führenden Anbieter für Data Labeling und Annotation im europäischen Raum. Mit einem Netzwerk von über 250.000 Experten können wir die richtigen Köpfe in unterschiedlichen Bereichen für sämtliche Data-Labeling-Bedarfe stellen.</p>
<p>Unternehmen wie z.B. Mistral AI und mittelständische Firmen bis hin zu Konzernen arbeiten bereits mit uns im Rahmen ihrer KI-Vorhaben (Post- und Pre-Training von Modellen, Data Labeling anhand von Bildern, RLHF etc.) zusammen.</p>
<p>Wenn Sie ebenfalls Bedarfe in diesen Bereichen haben, würden wir uns freuen, wenn wir euch hier supporten könnten.</p>
<p>Ich freue mich auf den weiteren Austausch.</p>
<p>Viele Grüße<br>[Ihr Name]<br>PathWize</p>","info@more-future.ai"
"333","MI4People gGmbH","https://de.mi4people.org/","Ja","Dr. Paul Springer","info@mi4people.org","funktional","Intro KI Bundesverband - z.Hd. Paul Springer - Data Labeling und Annotation für Ihre KI Vorhaben","Hallo Herr Dr. Springer,","Hallo Herr Dr. Springer,

wir stehen eng mit dem KI Bundesverband im Austausch und haben dort die Info erhalten, dass wir uns mal bei euch melden sollen, da unser Experten-Netzwerk ggf. spannend für euch sein könnte.

Wir bei PathWize sind einer der führenden Anbieter für Data Labeling und Annotation im europäischen Raum. Mit einem Netzwerk von über 250.000 Experten können wir die richtigen Köpfe in unterschiedlichen Bereichen für sämtliche Data-Labeling-Bedarfe stellen.

Unternehmen wie z.B. Mistral AI und mittelständische Firmen bis hin zu Konzernen arbeiten bereits mit uns im Rahmen ihrer KI-Vorhaben (Post- und Pre-Training von Modellen, Data Labeling anhand von Bildern, RLHF etc.) zusammen.

Wenn Sie ebenfalls Bedarfe in diesen Bereichen haben, würden wir uns freuen, wenn wir euch hier supporten könnten.

Ich freue mich auf den weiteren Austausch.

Viele Grüße
[Ihr Name]
PathWize","<p>Hallo Herr Dr. Springer,</p>
<p>wir stehen eng mit dem KI Bundesverband im Austausch und haben dort die Info erhalten, dass wir uns mal bei euch melden sollen, da unser Experten-Netzwerk ggf. spannend für euch sein könnte.</p>
<p>Wir bei <a href=""https://www.gopathwize.com"">PathWize</a> sind einer der führenden Anbieter für Data Labeling und Annotation im europäischen Raum. Mit einem Netzwerk von über 250.000 Experten können wir die richtigen Köpfe in unterschiedlichen Bereichen für sämtliche Data-Labeling-Bedarfe stellen.</p>
<p>Unternehmen wie z.B. Mistral AI und mittelständische Firmen bis hin zu Konzernen arbeiten bereits mit uns im Rahmen ihrer KI-Vorhaben (Post- und Pre-Training von Modellen, Data Labeling anhand von Bildern, RLHF etc.) zusammen.</p>
<p>Wenn Sie ebenfalls Bedarfe in diesen Bereichen haben, würden wir uns freuen, wenn wir euch hier supporten könnten.</p>
<p>Ich freue mich auf den weiteren Austausch.</p>
<p>Viele Grüße<br>[Ihr Name]<br>PathWize</p>","info@mi4people.org"
"334","Micropsi Industries GmbH","https://www.micropsi-industries.com/","Ja","Ronnie Vuine (vertreten durch)","contact@micropsi-industries.com","funktional","Intro KI Bundesverband - z.Hd. Ronnie Vuine - Data Labeling und Annotation für Ihre KI Vorhaben","Hallo Herr Vuine,","Hallo Herr Vuine,

wir stehen eng mit dem KI Bundesverband im Austausch und haben dort die Info erhalten, dass wir uns mal bei euch melden sollen, da unser Experten-Netzwerk ggf. spannend für euch sein könnte.

Wir bei PathWize sind einer der führenden Anbieter für Data Labeling und Annotation im europäischen Raum. Mit einem Netzwerk von über 250.000 Experten können wir die richtigen Köpfe in unterschiedlichen Bereichen für sämtliche Data-Labeling-Bedarfe stellen.

Unternehmen wie z.B. Mistral AI und mittelständische Firmen bis hin zu Konzernen arbeiten bereits mit uns im Rahmen ihrer KI-Vorhaben (Post- und Pre-Training von Modellen, Data Labeling anhand von Bildern, RLHF etc.) zusammen.

Wenn Sie ebenfalls Bedarfe in diesen Bereichen haben, würden wir uns freuen, wenn wir euch hier supporten könnten.

Ich freue mich auf den weiteren Austausch.

Viele Grüße
[Ihr Name]
PathWize","<p>Hallo Herr Vuine,</p>
<p>wir stehen eng mit dem KI Bundesverband im Austausch und haben dort die Info erhalten, dass wir uns mal bei euch melden sollen, da unser Experten-Netzwerk ggf. spannend für euch sein könnte.</p>
<p>Wir bei <a href=""https://www.gopathwize.com"">PathWize</a> sind einer der führenden Anbieter für Data Labeling und Annotation im europäischen Raum. Mit einem Netzwerk von über 250.000 Experten können wir die richtigen Köpfe in unterschiedlichen Bereichen für sämtliche Data-Labeling-Bedarfe stellen.</p>
<p>Unternehmen wie z.B. Mistral AI und mittelständische Firmen bis hin zu Konzernen arbeiten bereits mit uns im Rahmen ihrer KI-Vorhaben (Post- und Pre-Training von Modellen, Data Labeling anhand von Bildern, RLHF etc.) zusammen.</p>
<p>Wenn Sie ebenfalls Bedarfe in diesen Bereichen haben, würden wir uns freuen, wenn wir euch hier supporten könnten.</p>
<p>Ich freue mich auf den weiteren Austausch.</p>
<p>Viele Grüße<br>[Ihr Name]<br>PathWize</p>","contact@micropsi-industries.com"
"335","milia GmbH","https://milia.io/","Vielleicht","Tilman Walch, Michel Menk (Verantwortlicher: Tilman Walch)","info@milia.io","funktional","Intro KI Bundesverband - z.Hd. Tilman Walch - Data Labeling und Annotation für Ihre KI Vorhaben","Hallo Herr Walch,","Hallo Herr Walch,

wir stehen eng mit dem KI Bundesverband im Austausch und haben dort die Info erhalten, dass wir uns mal bei euch melden sollen, da unser Experten-Netzwerk ggf. spannend für euch sein könnte.

Wir bei PathWize sind einer der führenden Anbieter für Data Labeling und Annotation im europäischen Raum. Mit einem Netzwerk von über 250.000 Experten können wir die richtigen Köpfe in unterschiedlichen Bereichen für sämtliche Data-Labeling-Bedarfe stellen.

Unternehmen wie z.B. Mistral AI und mittelständische Firmen bis hin zu Konzernen arbeiten bereits mit uns im Rahmen ihrer KI-Vorhaben (Post- und Pre-Training von Modellen, Data Labeling anhand von Bildern, RLHF etc.) zusammen.

Wenn Sie ebenfalls Bedarfe in diesen Bereichen haben, würden wir uns freuen, wenn wir euch hier supporten könnten.

Ich freue mich auf den weiteren Austausch.

Viele Grüße
[Ihr Name]
PathWize","<p>Hallo Herr Walch,</p>
<p>wir stehen eng mit dem KI Bundesverband im Austausch und haben dort die Info erhalten, dass wir uns mal bei euch melden sollen, da unser Experten-Netzwerk ggf. spannend für euch sein könnte.</p>
<p>Wir bei <a href=""https://www.gopathwize.com"">PathWize</a> sind einer der führenden Anbieter für Data Labeling und Annotation im europäischen Raum. Mit einem Netzwerk von über 250.000 Experten können wir die richtigen Köpfe in unterschiedlichen Bereichen für sämtliche Data-Labeling-Bedarfe stellen.</p>
<p>Unternehmen wie z.B. Mistral AI und mittelständische Firmen bis hin zu Konzernen arbeiten bereits mit uns im Rahmen ihrer KI-Vorhaben (Post- und Pre-Training von Modellen, Data Labeling anhand von Bildern, RLHF etc.) zusammen.</p>
<p>Wenn Sie ebenfalls Bedarfe in diesen Bereichen haben, würden wir uns freuen, wenn wir euch hier supporten könnten.</p>
<p>Ich freue mich auf den weiteren Austausch.</p>
<p>Viele Grüße<br>[Ihr Name]<br>PathWize</p>","info@milia.io"
"337","Mindpeak GmbH","https://www.mindpeak.ai/","Ja","Felix Faber (CEO & Founder)","info@mindpeak.ai","funktional","Intro KI Bundesverband - z.Hd. Felix Faber - Data Labeling und Annotation für Ihre KI Vorhaben","Hallo Herr Faber,","Hallo Herr Faber,

wir stehen eng mit dem KI Bundesverband im Austausch und haben dort die Info erhalten, dass wir uns mal bei euch melden sollen, da unser Experten-Netzwerk ggf. spannend für euch sein könnte.

Wir bei PathWize sind einer der führenden Anbieter für Data Labeling und Annotation im europäischen Raum. Mit einem Netzwerk von über 250.000 Experten können wir die richtigen Köpfe in unterschiedlichen Bereichen für sämtliche Data-Labeling-Bedarfe stellen.

Unternehmen wie z.B. Mistral AI und mittelständische Firmen bis hin zu Konzernen arbeiten bereits mit uns im Rahmen ihrer KI-Vorhaben (Post- und Pre-Training von Modellen, Data Labeling anhand von Bildern, RLHF etc.) zusammen.

Wenn Sie ebenfalls Bedarfe in diesen Bereichen haben, würden wir uns freuen, wenn wir euch hier supporten könnten.

Ich freue mich auf den weiteren Austausch.

Viele Grüße
[Ihr Name]
PathWize","<p>Hallo Herr Faber,</p>
<p>wir stehen eng mit dem KI Bundesverband im Austausch und haben dort die Info erhalten, dass wir uns mal bei euch melden sollen, da unser Experten-Netzwerk ggf. spannend für euch sein könnte.</p>
<p>Wir bei <a href=""https://www.gopathwize.com"">PathWize</a> sind einer der führenden Anbieter für Data Labeling und Annotation im europäischen Raum. Mit einem Netzwerk von über 250.000 Experten können wir die richtigen Köpfe in unterschiedlichen Bereichen für sämtliche Data-Labeling-Bedarfe stellen.</p>
<p>Unternehmen wie z.B. Mistral AI und mittelständische Firmen bis hin zu Konzernen arbeiten bereits mit uns im Rahmen ihrer KI-Vorhaben (Post- und Pre-Training von Modellen, Data Labeling anhand von Bildern, RLHF etc.) zusammen.</p>
<p>Wenn Sie ebenfalls Bedarfe in diesen Bereichen haben, würden wir uns freuen, wenn wir euch hier supporten könnten.</p>
<p>Ich freue mich auf den weiteren Austausch.</p>
<p>Viele Grüße<br>[Ihr Name]<br>PathWize</p>","info@mindpeak.ai"
"338","Mindverse (Relativity GmbH)","https://www.mind-verse.de/","Vielleicht","Noel Lorenz","info@relativitygmbh.de","funktional","Intro KI Bundesverband - z.Hd. Noel Lorenz - Data Labeling und Annotation für Ihre KI Vorhaben","Hallo Herr Lorenz,","Hallo Herr Lorenz,

wir stehen eng mit dem KI Bundesverband im Austausch und haben dort die Info erhalten, dass wir uns mal bei euch melden sollen, da unser Experten-Netzwerk ggf. spannend für euch sein könnte.

Wir bei PathWize sind einer der führenden Anbieter für Data Labeling und Annotation im europäischen Raum. Mit einem Netzwerk von über 250.000 Experten können wir die richtigen Köpfe in unterschiedlichen Bereichen für sämtliche Data-Labeling-Bedarfe stellen.

Unternehmen wie z.B. Mistral AI und mittelständische Firmen bis hin zu Konzernen arbeiten bereits mit uns im Rahmen ihrer KI-Vorhaben (Post- und Pre-Training von Modellen, Data Labeling anhand von Bildern, RLHF etc.) zusammen.

Wenn Sie ebenfalls Bedarfe in diesen Bereichen haben, würden wir uns freuen, wenn wir euch hier supporten könnten.

Ich freue mich auf den weiteren Austausch.

Viele Grüße
[Ihr Name]
PathWize","<p>Hallo Herr Lorenz,</p>
<p>wir stehen eng mit dem KI Bundesverband im Austausch und haben dort die Info erhalten, dass wir uns mal bei euch melden sollen, da unser Experten-Netzwerk ggf. spannend für euch sein könnte.</p>
<p>Wir bei <a href=""https://www.gopathwize.com"">PathWize</a> sind einer der führenden Anbieter für Data Labeling und Annotation im europäischen Raum. Mit einem Netzwerk von über 250.000 Experten können wir die richtigen Köpfe in unterschiedlichen Bereichen für sämtliche Data-Labeling-Bedarfe stellen.</p>
<p>Unternehmen wie z.B. Mistral AI und mittelständische Firmen bis hin zu Konzernen arbeiten bereits mit uns im Rahmen ihrer KI-Vorhaben (Post- und Pre-Training von Modellen, Data Labeling anhand von Bildern, RLHF etc.) zusammen.</p>
<p>Wenn Sie ebenfalls Bedarfe in diesen Bereichen haben, würden wir uns freuen, wenn wir euch hier supporten könnten.</p>
<p>Ich freue mich auf den weiteren Austausch.</p>
<p>Viele Grüße<br>[Ihr Name]<br>PathWize</p>","info@relativitygmbh.de"
"340","Modelyzr GmbH","https://modelyzr.com/","Vielleicht","Nils Niehoerster","info@modelyzr.com","funktional","Intro KI Bundesverband - z.Hd. Nils Niehoerster - Data Labeling und Annotation für Ihre KI Vorhaben","Hallo Herr Niehoerster,","Hallo Herr Niehoerster,

wir stehen eng mit dem KI Bundesverband im Austausch und haben dort die Info erhalten, dass wir uns mal bei euch melden sollen, da unser Experten-Netzwerk ggf. spannend für euch sein könnte.

Wir bei PathWize sind einer der führenden Anbieter für Data Labeling und Annotation im europäischen Raum. Mit einem Netzwerk von über 250.000 Experten können wir die richtigen Köpfe in unterschiedlichen Bereichen für sämtliche Data-Labeling-Bedarfe stellen.

Unternehmen wie z.B. Mistral AI und mittelständische Firmen bis hin zu Konzernen arbeiten bereits mit uns im Rahmen ihrer KI-Vorhaben (Post- und Pre-Training von Modellen, Data Labeling anhand von Bildern, RLHF etc.) zusammen.

Wenn Sie ebenfalls Bedarfe in diesen Bereichen haben, würden wir uns freuen, wenn wir euch hier supporten könnten.

Ich freue mich auf den weiteren Austausch.

Viele Grüße
[Ihr Name]
PathWize","<p>Hallo Herr Niehoerster,</p>
<p>wir stehen eng mit dem KI Bundesverband im Austausch und haben dort die Info erhalten, dass wir uns mal bei euch melden sollen, da unser Experten-Netzwerk ggf. spannend für euch sein könnte.</p>
<p>Wir bei <a href=""https://www.gopathwize.com"">PathWize</a> sind einer der führenden Anbieter für Data Labeling und Annotation im europäischen Raum. Mit einem Netzwerk von über 250.000 Experten können wir die richtigen Köpfe in unterschiedlichen Bereichen für sämtliche Data-Labeling-Bedarfe stellen.</p>
<p>Unternehmen wie z.B. Mistral AI und mittelständische Firmen bis hin zu Konzernen arbeiten bereits mit uns im Rahmen ihrer KI-Vorhaben (Post- und Pre-Training von Modellen, Data Labeling anhand von Bildern, RLHF etc.) zusammen.</p>
<p>Wenn Sie ebenfalls Bedarfe in diesen Bereichen haben, würden wir uns freuen, wenn wir euch hier supporten könnten.</p>
<p>Ich freue mich auf den weiteren Austausch.</p>
<p>Viele Grüße<br>[Ihr Name]<br>PathWize</p>","info@modelyzr.com"
"342","moinAI (knowhere GmbH)","https://www.moin.ai/","Vielleicht","Patrick Zimmermann, Florian Nommensen","patrick.zimmermann@moin.ai","direkt (belegt)","Intro KI Bundesverband - Data Labeling und Annotation für Ihre KI Vorhaben","Hallo Herr Zimmermann,","Hallo Herr Zimmermann,

wir stehen eng mit dem KI Bundesverband im Austausch und haben dort die Info erhalten, dass wir uns mal bei euch melden sollen, da unser Experten-Netzwerk ggf. spannend für euch sein könnte.

Wir bei PathWize sind einer der führenden Anbieter für Data Labeling und Annotation im europäischen Raum. Mit einem Netzwerk von über 250.000 Experten können wir die richtigen Köpfe in unterschiedlichen Bereichen für sämtliche Data-Labeling-Bedarfe stellen.

Unternehmen wie z.B. Mistral AI und mittelständische Firmen bis hin zu Konzernen arbeiten bereits mit uns im Rahmen ihrer KI-Vorhaben (Post- und Pre-Training von Modellen, Data Labeling anhand von Bildern, RLHF etc.) zusammen.

Wenn Sie ebenfalls Bedarfe in diesen Bereichen haben, würden wir uns freuen, wenn wir euch hier supporten könnten.

Ich freue mich auf den weiteren Austausch.

Viele Grüße
[Ihr Name]
PathWize","<p>Hallo Herr Zimmermann,</p>
<p>wir stehen eng mit dem KI Bundesverband im Austausch und haben dort die Info erhalten, dass wir uns mal bei euch melden sollen, da unser Experten-Netzwerk ggf. spannend für euch sein könnte.</p>
<p>Wir bei <a href=""https://www.gopathwize.com"">PathWize</a> sind einer der führenden Anbieter für Data Labeling und Annotation im europäischen Raum. Mit einem Netzwerk von über 250.000 Experten können wir die richtigen Köpfe in unterschiedlichen Bereichen für sämtliche Data-Labeling-Bedarfe stellen.</p>
<p>Unternehmen wie z.B. Mistral AI und mittelständische Firmen bis hin zu Konzernen arbeiten bereits mit uns im Rahmen ihrer KI-Vorhaben (Post- und Pre-Training von Modellen, Data Labeling anhand von Bildern, RLHF etc.) zusammen.</p>
<p>Wenn Sie ebenfalls Bedarfe in diesen Bereichen haben, würden wir uns freuen, wenn wir euch hier supporten könnten.</p>
<p>Ich freue mich auf den weiteren Austausch.</p>
<p>Viele Grüße<br>[Ihr Name]<br>PathWize</p>","patrick.zimmermann@moin.ai; florian.nommensen@moin.ai; sina.richter@moin.ai; team@moin.ai; gdpr-deletion@moin.ai"
"343","Molequle GmbH","https://molequle.io/","Vielleicht","Wolfgang Strassburger, Markus Bianchi, Stefan Paulus","hello@molequle.io","funktional","Intro KI Bundesverband - z.Hd. Wolfgang Strassburger - Data Labeling und Annotation für Ihre KI Vorhaben","Hallo Herr Strassburger,","Hallo Herr Strassburger,

wir stehen eng mit dem KI Bundesverband im Austausch und haben dort die Info erhalten, dass wir uns mal bei euch melden sollen, da unser Experten-Netzwerk ggf. spannend für euch sein könnte.

Wir bei PathWize sind einer der führenden Anbieter für Data Labeling und Annotation im europäischen Raum. Mit einem Netzwerk von über 250.000 Experten können wir die richtigen Köpfe in unterschiedlichen Bereichen für sämtliche Data-Labeling-Bedarfe stellen.

Unternehmen wie z.B. Mistral AI und mittelständische Firmen bis hin zu Konzernen arbeiten bereits mit uns im Rahmen ihrer KI-Vorhaben (Post- und Pre-Training von Modellen, Data Labeling anhand von Bildern, RLHF etc.) zusammen.

Wenn Sie ebenfalls Bedarfe in diesen Bereichen haben, würden wir uns freuen, wenn wir euch hier supporten könnten.

Ich freue mich auf den weiteren Austausch.

Viele Grüße
[Ihr Name]
PathWize","<p>Hallo Herr Strassburger,</p>
<p>wir stehen eng mit dem KI Bundesverband im Austausch und haben dort die Info erhalten, dass wir uns mal bei euch melden sollen, da unser Experten-Netzwerk ggf. spannend für euch sein könnte.</p>
<p>Wir bei <a href=""https://www.gopathwize.com"">PathWize</a> sind einer der führenden Anbieter für Data Labeling und Annotation im europäischen Raum. Mit einem Netzwerk von über 250.000 Experten können wir die richtigen Köpfe in unterschiedlichen Bereichen für sämtliche Data-Labeling-Bedarfe stellen.</p>
<p>Unternehmen wie z.B. Mistral AI und mittelständische Firmen bis hin zu Konzernen arbeiten bereits mit uns im Rahmen ihrer KI-Vorhaben (Post- und Pre-Training von Modellen, Data Labeling anhand von Bildern, RLHF etc.) zusammen.</p>
<p>Wenn Sie ebenfalls Bedarfe in diesen Bereichen haben, würden wir uns freuen, wenn wir euch hier supporten könnten.</p>
<p>Ich freue mich auf den weiteren Austausch.</p>
<p>Viele Grüße<br>[Ihr Name]<br>PathWize</p>","hello@molequle.io"
"344","Mondial AI GmbH","https://www.mondial-ai.com/","Ja","","","keine Mail gefunden","Intro KI Bundesverband - Data Labeling und Annotation für Ihre KI Vorhaben","Guten Tag,","Guten Tag,

wir stehen eng mit dem KI Bundesverband im Austausch und haben dort die Info erhalten, dass wir uns mal bei euch melden sollen, da unser Experten-Netzwerk ggf. spannend für euch sein könnte.

Wir bei PathWize sind einer der führenden Anbieter für Data Labeling und Annotation im europäischen Raum. Mit einem Netzwerk von über 250.000 Experten können wir die richtigen Köpfe in unterschiedlichen Bereichen für sämtliche Data-Labeling-Bedarfe stellen.

Unternehmen wie z.B. Mistral AI und mittelständische Firmen bis hin zu Konzernen arbeiten bereits mit uns im Rahmen ihrer KI-Vorhaben (Post- und Pre-Training von Modellen, Data Labeling anhand von Bildern, RLHF etc.) zusammen.

Wenn Sie ebenfalls Bedarfe in diesen Bereichen haben, würden wir uns freuen, wenn wir euch hier supporten könnten.

Ich freue mich auf den weiteren Austausch.

Viele Grüße
[Ihr Name]
PathWize","<p>Guten Tag,</p>
<p>wir stehen eng mit dem KI Bundesverband im Austausch und haben dort die Info erhalten, dass wir uns mal bei euch melden sollen, da unser Experten-Netzwerk ggf. spannend für euch sein könnte.</p>
<p>Wir bei <a href=""https://www.gopathwize.com"">PathWize</a> sind einer der führenden Anbieter für Data Labeling und Annotation im europäischen Raum. Mit einem Netzwerk von über 250.000 Experten können wir die richtigen Köpfe in unterschiedlichen Bereichen für sämtliche Data-Labeling-Bedarfe stellen.</p>
<p>Unternehmen wie z.B. Mistral AI und mittelständische Firmen bis hin zu Konzernen arbeiten bereits mit uns im Rahmen ihrer KI-Vorhaben (Post- und Pre-Training von Modellen, Data Labeling anhand von Bildern, RLHF etc.) zusammen.</p>
<p>Wenn Sie ebenfalls Bedarfe in diesen Bereichen haben, würden wir uns freuen, wenn wir euch hier supporten könnten.</p>
<p>Ich freue mich auf den weiteren Austausch.</p>
<p>Viele Grüße<br>[Ihr Name]<br>PathWize</p>",""
"345","MORESOPHY GmbH","https://www.moresophy.com/","Ja","Prof. Dr. Heiko Beier, Dr. Christoph Schmidt","info@moresophy.com","funktional","Intro KI Bundesverband - z.Hd. Heiko Beier - Data Labeling und Annotation für Ihre KI Vorhaben","Hallo Herr Prof. Dr. Beier,","Hallo Herr Prof. Dr. Beier,

wir stehen eng mit dem KI Bundesverband im Austausch und haben dort die Info erhalten, dass wir uns mal bei euch melden sollen, da unser Experten-Netzwerk ggf. spannend für euch sein könnte.

Wir bei PathWize sind einer der führenden Anbieter für Data Labeling und Annotation im europäischen Raum. Mit einem Netzwerk von über 250.000 Experten können wir die richtigen Köpfe in unterschiedlichen Bereichen für sämtliche Data-Labeling-Bedarfe stellen.

Unternehmen wie z.B. Mistral AI und mittelständische Firmen bis hin zu Konzernen arbeiten bereits mit uns im Rahmen ihrer KI-Vorhaben (Post- und Pre-Training von Modellen, Data Labeling anhand von Bildern, RLHF etc.) zusammen.

Wenn Sie ebenfalls Bedarfe in diesen Bereichen haben, würden wir uns freuen, wenn wir euch hier supporten könnten.

Ich freue mich auf den weiteren Austausch.

Viele Grüße
[Ihr Name]
PathWize","<p>Hallo Herr Prof. Dr. Beier,</p>
<p>wir stehen eng mit dem KI Bundesverband im Austausch und haben dort die Info erhalten, dass wir uns mal bei euch melden sollen, da unser Experten-Netzwerk ggf. spannend für euch sein könnte.</p>
<p>Wir bei <a href=""https://www.gopathwize.com"">PathWize</a> sind einer der führenden Anbieter für Data Labeling und Annotation im europäischen Raum. Mit einem Netzwerk von über 250.000 Experten können wir die richtigen Köpfe in unterschiedlichen Bereichen für sämtliche Data-Labeling-Bedarfe stellen.</p>
<p>Unternehmen wie z.B. Mistral AI und mittelständische Firmen bis hin zu Konzernen arbeiten bereits mit uns im Rahmen ihrer KI-Vorhaben (Post- und Pre-Training von Modellen, Data Labeling anhand von Bildern, RLHF etc.) zusammen.</p>
<p>Wenn Sie ebenfalls Bedarfe in diesen Bereichen haben, würden wir uns freuen, wenn wir euch hier supporten könnten.</p>
<p>Ich freue mich auf den weiteren Austausch.</p>
<p>Viele Grüße<br>[Ihr Name]<br>PathWize</p>","info@moresophy.com"
"346","Motius GmbH","https://ai.motius.de/","Ja","Zied Bahrouni, Daniel Weiss (Managing Director)","info@motius.de","funktional","Intro KI Bundesverband - z.Hd. Zied Bahrouni - Data Labeling und Annotation für Ihre KI Vorhaben","Hallo Herr Bahrouni,","Hallo Herr Bahrouni,

wir stehen eng mit dem KI Bundesverband im Austausch und haben dort die Info erhalten, dass wir uns mal bei euch melden sollen, da unser Experten-Netzwerk ggf. spannend für euch sein könnte.

Wir bei PathWize sind einer der führenden Anbieter für Data Labeling und Annotation im europäischen Raum. Mit einem Netzwerk von über 250.000 Experten können wir die richtigen Köpfe in unterschiedlichen Bereichen für sämtliche Data-Labeling-Bedarfe stellen.

Unternehmen wie z.B. Mistral AI und mittelständische Firmen bis hin zu Konzernen arbeiten bereits mit uns im Rahmen ihrer KI-Vorhaben (Post- und Pre-Training von Modellen, Data Labeling anhand von Bildern, RLHF etc.) zusammen.

Wenn Sie ebenfalls Bedarfe in diesen Bereichen haben, würden wir uns freuen, wenn wir euch hier supporten könnten.

Ich freue mich auf den weiteren Austausch.

Viele Grüße
[Ihr Name]
PathWize","<p>Hallo Herr Bahrouni,</p>
<p>wir stehen eng mit dem KI Bundesverband im Austausch und haben dort die Info erhalten, dass wir uns mal bei euch melden sollen, da unser Experten-Netzwerk ggf. spannend für euch sein könnte.</p>
<p>Wir bei <a href=""https://www.gopathwize.com"">PathWize</a> sind einer der führenden Anbieter für Data Labeling und Annotation im europäischen Raum. Mit einem Netzwerk von über 250.000 Experten können wir die richtigen Köpfe in unterschiedlichen Bereichen für sämtliche Data-Labeling-Bedarfe stellen.</p>
<p>Unternehmen wie z.B. Mistral AI und mittelständische Firmen bis hin zu Konzernen arbeiten bereits mit uns im Rahmen ihrer KI-Vorhaben (Post- und Pre-Training von Modellen, Data Labeling anhand von Bildern, RLHF etc.) zusammen.</p>
<p>Wenn Sie ebenfalls Bedarfe in diesen Bereichen haben, würden wir uns freuen, wenn wir euch hier supporten könnten.</p>
<p>Ich freue mich auf den weiteren Austausch.</p>
<p>Viele Grüße<br>[Ihr Name]<br>PathWize</p>","info@motius.de; info@eigenblue.ai"
"347","MuseMachine UG","https://musemachine.de/","Vielleicht","Kai Kauper","","keine Mail gefunden","Intro KI Bundesverband - z.Hd. Kai Kauper - Data Labeling und Annotation für Ihre KI Vorhaben","Hallo Herr Kauper,","Hallo Herr Kauper,

wir stehen eng mit dem KI Bundesverband im Austausch und haben dort die Info erhalten, dass wir uns mal bei euch melden sollen, da unser Experten-Netzwerk ggf. spannend für euch sein könnte.

Wir bei PathWize sind einer der führenden Anbieter für Data Labeling und Annotation im europäischen Raum. Mit einem Netzwerk von über 250.000 Experten können wir die richtigen Köpfe in unterschiedlichen Bereichen für sämtliche Data-Labeling-Bedarfe stellen.

Unternehmen wie z.B. Mistral AI und mittelständische Firmen bis hin zu Konzernen arbeiten bereits mit uns im Rahmen ihrer KI-Vorhaben (Post- und Pre-Training von Modellen, Data Labeling anhand von Bildern, RLHF etc.) zusammen.

Wenn Sie ebenfalls Bedarfe in diesen Bereichen haben, würden wir uns freuen, wenn wir euch hier supporten könnten.

Ich freue mich auf den weiteren Austausch.

Viele Grüße
[Ihr Name]
PathWize","<p>Hallo Herr Kauper,</p>
<p>wir stehen eng mit dem KI Bundesverband im Austausch und haben dort die Info erhalten, dass wir uns mal bei euch melden sollen, da unser Experten-Netzwerk ggf. spannend für euch sein könnte.</p>
<p>Wir bei <a href=""https://www.gopathwize.com"">PathWize</a> sind einer der führenden Anbieter für Data Labeling und Annotation im europäischen Raum. Mit einem Netzwerk von über 250.000 Experten können wir die richtigen Köpfe in unterschiedlichen Bereichen für sämtliche Data-Labeling-Bedarfe stellen.</p>
<p>Unternehmen wie z.B. Mistral AI und mittelständische Firmen bis hin zu Konzernen arbeiten bereits mit uns im Rahmen ihrer KI-Vorhaben (Post- und Pre-Training von Modellen, Data Labeling anhand von Bildern, RLHF etc.) zusammen.</p>
<p>Wenn Sie ebenfalls Bedarfe in diesen Bereichen haben, würden wir uns freuen, wenn wir euch hier supporten könnten.</p>
<p>Ich freue mich auf den weiteren Austausch.</p>
<p>Viele Grüße<br>[Ihr Name]<br>PathWize</p>",""
"348","Nao Intelligence GmbH","https://naointelligence.com/","Vielleicht","Daisuke Spielvogel","info@naointelligence.com","funktional","Intro KI Bundesverband - z.Hd. Daisuke Spielvogel - Data Labeling und Annotation für Ihre KI Vorhaben","Hallo Daisuke Spielvogel,","Hallo Daisuke Spielvogel,

wir stehen eng mit dem KI Bundesverband im Austausch und haben dort die Info erhalten, dass wir uns mal bei euch melden sollen, da unser Experten-Netzwerk ggf. spannend für euch sein könnte.

Wir bei PathWize sind einer der führenden Anbieter für Data Labeling und Annotation im europäischen Raum. Mit einem Netzwerk von über 250.000 Experten können wir die richtigen Köpfe in unterschiedlichen Bereichen für sämtliche Data-Labeling-Bedarfe stellen.

Unternehmen wie z.B. Mistral AI und mittelständische Firmen bis hin zu Konzernen arbeiten bereits mit uns im Rahmen ihrer KI-Vorhaben (Post- und Pre-Training von Modellen, Data Labeling anhand von Bildern, RLHF etc.) zusammen.

Wenn Sie ebenfalls Bedarfe in diesen Bereichen haben, würden wir uns freuen, wenn wir euch hier supporten könnten.

Ich freue mich auf den weiteren Austausch.

Viele Grüße
[Ihr Name]
PathWize","<p>Hallo Daisuke Spielvogel,</p>
<p>wir stehen eng mit dem KI Bundesverband im Austausch und haben dort die Info erhalten, dass wir uns mal bei euch melden sollen, da unser Experten-Netzwerk ggf. spannend für euch sein könnte.</p>
<p>Wir bei <a href=""https://www.gopathwize.com"">PathWize</a> sind einer der führenden Anbieter für Data Labeling und Annotation im europäischen Raum. Mit einem Netzwerk von über 250.000 Experten können wir die richtigen Köpfe in unterschiedlichen Bereichen für sämtliche Data-Labeling-Bedarfe stellen.</p>
<p>Unternehmen wie z.B. Mistral AI und mittelständische Firmen bis hin zu Konzernen arbeiten bereits mit uns im Rahmen ihrer KI-Vorhaben (Post- und Pre-Training von Modellen, Data Labeling anhand von Bildern, RLHF etc.) zusammen.</p>
<p>Wenn Sie ebenfalls Bedarfe in diesen Bereichen haben, würden wir uns freuen, wenn wir euch hier supporten könnten.</p>
<p>Ich freue mich auf den weiteren Austausch.</p>
<p>Viele Grüße<br>[Ihr Name]<br>PathWize</p>","hello@naointelligence.com; info@naointelligence.com"
"349","Natif AI","https://natif.ai/de/","Ja","","","keine Mail gefunden","Intro KI Bundesverband - Data Labeling und Annotation für Ihre KI Vorhaben","Guten Tag,","Guten Tag,

wir stehen eng mit dem KI Bundesverband im Austausch und haben dort die Info erhalten, dass wir uns mal bei euch melden sollen, da unser Experten-Netzwerk ggf. spannend für euch sein könnte.

Wir bei PathWize sind einer der führenden Anbieter für Data Labeling und Annotation im europäischen Raum. Mit einem Netzwerk von über 250.000 Experten können wir die richtigen Köpfe in unterschiedlichen Bereichen für sämtliche Data-Labeling-Bedarfe stellen.

Unternehmen wie z.B. Mistral AI und mittelständische Firmen bis hin zu Konzernen arbeiten bereits mit uns im Rahmen ihrer KI-Vorhaben (Post- und Pre-Training von Modellen, Data Labeling anhand von Bildern, RLHF etc.) zusammen.

Wenn Sie ebenfalls Bedarfe in diesen Bereichen haben, würden wir uns freuen, wenn wir euch hier supporten könnten.

Ich freue mich auf den weiteren Austausch.

Viele Grüße
[Ihr Name]
PathWize","<p>Guten Tag,</p>
<p>wir stehen eng mit dem KI Bundesverband im Austausch und haben dort die Info erhalten, dass wir uns mal bei euch melden sollen, da unser Experten-Netzwerk ggf. spannend für euch sein könnte.</p>
<p>Wir bei <a href=""https://www.gopathwize.com"">PathWize</a> sind einer der führenden Anbieter für Data Labeling und Annotation im europäischen Raum. Mit einem Netzwerk von über 250.000 Experten können wir die richtigen Köpfe in unterschiedlichen Bereichen für sämtliche Data-Labeling-Bedarfe stellen.</p>
<p>Unternehmen wie z.B. Mistral AI und mittelständische Firmen bis hin zu Konzernen arbeiten bereits mit uns im Rahmen ihrer KI-Vorhaben (Post- und Pre-Training von Modellen, Data Labeling anhand von Bildern, RLHF etc.) zusammen.</p>
<p>Wenn Sie ebenfalls Bedarfe in diesen Bereichen haben, würden wir uns freuen, wenn wir euch hier supporten könnten.</p>
<p>Ich freue mich auf den weiteren Austausch.</p>
<p>Viele Grüße<br>[Ihr Name]<br>PathWize</p>",""
"350","Neo.Law Technology GmbH","https://neo-law.de/","Ja","Steffen Heym","info@neo-law.de","funktional","Intro KI Bundesverband - z.Hd. Steffen Heym - Data Labeling und Annotation für Ihre KI Vorhaben","Hallo Herr Heym,","Hallo Herr Heym,

wir stehen eng mit dem KI Bundesverband im Austausch und haben dort die Info erhalten, dass wir uns mal bei euch melden sollen, da unser Experten-Netzwerk ggf. spannend für euch sein könnte.

Wir bei PathWize sind einer der führenden Anbieter für Data Labeling und Annotation im europäischen Raum. Mit einem Netzwerk von über 250.000 Experten können wir die richtigen Köpfe in unterschiedlichen Bereichen für sämtliche Data-Labeling-Bedarfe stellen.

Unternehmen wie z.B. Mistral AI und mittelständische Firmen bis hin zu Konzernen arbeiten bereits mit uns im Rahmen ihrer KI-Vorhaben (Post- und Pre-Training von Modellen, Data Labeling anhand von Bildern, RLHF etc.) zusammen.

Wenn Sie ebenfalls Bedarfe in diesen Bereichen haben, würden wir uns freuen, wenn wir euch hier supporten könnten.

Ich freue mich auf den weiteren Austausch.

Viele Grüße
[Ihr Name]
PathWize","<p>Hallo Herr Heym,</p>
<p>wir stehen eng mit dem KI Bundesverband im Austausch und haben dort die Info erhalten, dass wir uns mal bei euch melden sollen, da unser Experten-Netzwerk ggf. spannend für euch sein könnte.</p>
<p>Wir bei <a href=""https://www.gopathwize.com"">PathWize</a> sind einer der führenden Anbieter für Data Labeling und Annotation im europäischen Raum. Mit einem Netzwerk von über 250.000 Experten können wir die richtigen Köpfe in unterschiedlichen Bereichen für sämtliche Data-Labeling-Bedarfe stellen.</p>
<p>Unternehmen wie z.B. Mistral AI und mittelständische Firmen bis hin zu Konzernen arbeiten bereits mit uns im Rahmen ihrer KI-Vorhaben (Post- und Pre-Training von Modellen, Data Labeling anhand von Bildern, RLHF etc.) zusammen.</p>
<p>Wenn Sie ebenfalls Bedarfe in diesen Bereichen haben, würden wir uns freuen, wenn wir euch hier supporten könnten.</p>
<p>Ich freue mich auf den weiteren Austausch.</p>
<p>Viele Grüße<br>[Ihr Name]<br>PathWize</p>","info@neo-law.de"
"351","Neofonie GmbH","http://www.neofonie.de/","Vielleicht","Nurhan Yildirim, Oliver Paulus","kontakt@neofonie.de","funktional","Intro KI Bundesverband - z.Hd. Nurhan Yildirim - Data Labeling und Annotation für Ihre KI Vorhaben","Hallo Nurhan Yildirim,","Hallo Nurhan Yildirim,

wir stehen eng mit dem KI Bundesverband im Austausch und haben dort die Info erhalten, dass wir uns mal bei euch melden sollen, da unser Experten-Netzwerk ggf. spannend für euch sein könnte.

Wir bei PathWize sind einer der führenden Anbieter für Data Labeling und Annotation im europäischen Raum. Mit einem Netzwerk von über 250.000 Experten können wir die richtigen Köpfe in unterschiedlichen Bereichen für sämtliche Data-Labeling-Bedarfe stellen.

Unternehmen wie z.B. Mistral AI und mittelständische Firmen bis hin zu Konzernen arbeiten bereits mit uns im Rahmen ihrer KI-Vorhaben (Post- und Pre-Training von Modellen, Data Labeling anhand von Bildern, RLHF etc.) zusammen.

Wenn Sie ebenfalls Bedarfe in diesen Bereichen haben, würden wir uns freuen, wenn wir euch hier supporten könnten.

Ich freue mich auf den weiteren Austausch.

Viele Grüße
[Ihr Name]
PathWize","<p>Hallo Nurhan Yildirim,</p>
<p>wir stehen eng mit dem KI Bundesverband im Austausch und haben dort die Info erhalten, dass wir uns mal bei euch melden sollen, da unser Experten-Netzwerk ggf. spannend für euch sein könnte.</p>
<p>Wir bei <a href=""https://www.gopathwize.com"">PathWize</a> sind einer der führenden Anbieter für Data Labeling und Annotation im europäischen Raum. Mit einem Netzwerk von über 250.000 Experten können wir die richtigen Köpfe in unterschiedlichen Bereichen für sämtliche Data-Labeling-Bedarfe stellen.</p>
<p>Unternehmen wie z.B. Mistral AI und mittelständische Firmen bis hin zu Konzernen arbeiten bereits mit uns im Rahmen ihrer KI-Vorhaben (Post- und Pre-Training von Modellen, Data Labeling anhand von Bildern, RLHF etc.) zusammen.</p>
<p>Wenn Sie ebenfalls Bedarfe in diesen Bereichen haben, würden wir uns freuen, wenn wir euch hier supporten könnten.</p>
<p>Ich freue mich auf den weiteren Austausch.</p>
<p>Viele Grüße<br>[Ihr Name]<br>PathWize</p>","kontakt@neofonie.de"
"353","neuland AI","https://neuland-ai.com/","Vielleicht","Karl-Heinz Land, Yunus Philip Uyargil (Vorstand)","","keine Mail gefunden","Intro KI Bundesverband - z.Hd. Karl-Heinz Land - Data Labeling und Annotation für Ihre KI Vorhaben","Hallo Herr Land,","Hallo Herr Land,

wir stehen eng mit dem KI Bundesverband im Austausch und haben dort die Info erhalten, dass wir uns mal bei euch melden sollen, da unser Experten-Netzwerk ggf. spannend für euch sein könnte.

Wir bei PathWize sind einer der führenden Anbieter für Data Labeling und Annotation im europäischen Raum. Mit einem Netzwerk von über 250.000 Experten können wir die richtigen Köpfe in unterschiedlichen Bereichen für sämtliche Data-Labeling-Bedarfe stellen.

Unternehmen wie z.B. Mistral AI und mittelständische Firmen bis hin zu Konzernen arbeiten bereits mit uns im Rahmen ihrer KI-Vorhaben (Post- und Pre-Training von Modellen, Data Labeling anhand von Bildern, RLHF etc.) zusammen.

Wenn Sie ebenfalls Bedarfe in diesen Bereichen haben, würden wir uns freuen, wenn wir euch hier supporten könnten.

Ich freue mich auf den weiteren Austausch.

Viele Grüße
[Ihr Name]
PathWize","<p>Hallo Herr Land,</p>
<p>wir stehen eng mit dem KI Bundesverband im Austausch und haben dort die Info erhalten, dass wir uns mal bei euch melden sollen, da unser Experten-Netzwerk ggf. spannend für euch sein könnte.</p>
<p>Wir bei <a href=""https://www.gopathwize.com"">PathWize</a> sind einer der führenden Anbieter für Data Labeling und Annotation im europäischen Raum. Mit einem Netzwerk von über 250.000 Experten können wir die richtigen Köpfe in unterschiedlichen Bereichen für sämtliche Data-Labeling-Bedarfe stellen.</p>
<p>Unternehmen wie z.B. Mistral AI und mittelständische Firmen bis hin zu Konzernen arbeiten bereits mit uns im Rahmen ihrer KI-Vorhaben (Post- und Pre-Training von Modellen, Data Labeling anhand von Bildern, RLHF etc.) zusammen.</p>
<p>Wenn Sie ebenfalls Bedarfe in diesen Bereichen haben, würden wir uns freuen, wenn wir euch hier supporten könnten.</p>
<p>Ich freue mich auf den weiteren Austausch.</p>
<p>Viele Grüße<br>[Ihr Name]<br>PathWize</p>",""
"354","neunzehn innovations GmbH","https://www.neunzehn.io/","Vielleicht","Frank Rust, Dr. Thomas Prexl","kontakt@neunzehn.io","funktional","Intro KI Bundesverband - z.Hd. Frank Rust - Data Labeling und Annotation für Ihre KI Vorhaben","Hallo Herr Rust,","Hallo Herr Rust,

wir stehen eng mit dem KI Bundesverband im Austausch und haben dort die Info erhalten, dass wir uns mal bei euch melden sollen, da unser Experten-Netzwerk ggf. spannend für euch sein könnte.

Wir bei PathWize sind einer der führenden Anbieter für Data Labeling und Annotation im europäischen Raum. Mit einem Netzwerk von über 250.000 Experten können wir die richtigen Köpfe in unterschiedlichen Bereichen für sämtliche Data-Labeling-Bedarfe stellen.

Unternehmen wie z.B. Mistral AI und mittelständische Firmen bis hin zu Konzernen arbeiten bereits mit uns im Rahmen ihrer KI-Vorhaben (Post- und Pre-Training von Modellen, Data Labeling anhand von Bildern, RLHF etc.) zusammen.

Wenn Sie ebenfalls Bedarfe in diesen Bereichen haben, würden wir uns freuen, wenn wir euch hier supporten könnten.

Ich freue mich auf den weiteren Austausch.

Viele Grüße
[Ihr Name]
PathWize","<p>Hallo Herr Rust,</p>
<p>wir stehen eng mit dem KI Bundesverband im Austausch und haben dort die Info erhalten, dass wir uns mal bei euch melden sollen, da unser Experten-Netzwerk ggf. spannend für euch sein könnte.</p>
<p>Wir bei <a href=""https://www.gopathwize.com"">PathWize</a> sind einer der führenden Anbieter für Data Labeling und Annotation im europäischen Raum. Mit einem Netzwerk von über 250.000 Experten können wir die richtigen Köpfe in unterschiedlichen Bereichen für sämtliche Data-Labeling-Bedarfe stellen.</p>
<p>Unternehmen wie z.B. Mistral AI und mittelständische Firmen bis hin zu Konzernen arbeiten bereits mit uns im Rahmen ihrer KI-Vorhaben (Post- und Pre-Training von Modellen, Data Labeling anhand von Bildern, RLHF etc.) zusammen.</p>
<p>Wenn Sie ebenfalls Bedarfe in diesen Bereichen haben, würden wir uns freuen, wenn wir euch hier supporten könnten.</p>
<p>Ich freue mich auf den weiteren Austausch.</p>
<p>Viele Grüße<br>[Ihr Name]<br>PathWize</p>","kontakt@neunzehn.io"
"355","NEURA Robotics","https://neura-robotics.com/de/","Ja","David Reger (Geschaeftsfuehrer / Managing Director)","","keine Mail gefunden","Intro KI Bundesverband - z.Hd. David Reger - Data Labeling und Annotation für Ihre KI Vorhaben","Hallo Herr Reger,","Hallo Herr Reger,

wir stehen eng mit dem KI Bundesverband im Austausch und haben dort die Info erhalten, dass wir uns mal bei euch melden sollen, da unser Experten-Netzwerk ggf. spannend für euch sein könnte.

Wir bei PathWize sind einer der führenden Anbieter für Data Labeling und Annotation im europäischen Raum. Mit einem Netzwerk von über 250.000 Experten können wir die richtigen Köpfe in unterschiedlichen Bereichen für sämtliche Data-Labeling-Bedarfe stellen.

Unternehmen wie z.B. Mistral AI und mittelständische Firmen bis hin zu Konzernen arbeiten bereits mit uns im Rahmen ihrer KI-Vorhaben (Post- und Pre-Training von Modellen, Data Labeling anhand von Bildern, RLHF etc.) zusammen.

Wenn Sie ebenfalls Bedarfe in diesen Bereichen haben, würden wir uns freuen, wenn wir euch hier supporten könnten.

Ich freue mich auf den weiteren Austausch.

Viele Grüße
[Ihr Name]
PathWize","<p>Hallo Herr Reger,</p>
<p>wir stehen eng mit dem KI Bundesverband im Austausch und haben dort die Info erhalten, dass wir uns mal bei euch melden sollen, da unser Experten-Netzwerk ggf. spannend für euch sein könnte.</p>
<p>Wir bei <a href=""https://www.gopathwize.com"">PathWize</a> sind einer der führenden Anbieter für Data Labeling und Annotation im europäischen Raum. Mit einem Netzwerk von über 250.000 Experten können wir die richtigen Köpfe in unterschiedlichen Bereichen für sämtliche Data-Labeling-Bedarfe stellen.</p>
<p>Unternehmen wie z.B. Mistral AI und mittelständische Firmen bis hin zu Konzernen arbeiten bereits mit uns im Rahmen ihrer KI-Vorhaben (Post- und Pre-Training von Modellen, Data Labeling anhand von Bildern, RLHF etc.) zusammen.</p>
<p>Wenn Sie ebenfalls Bedarfe in diesen Bereichen haben, würden wir uns freuen, wenn wir euch hier supporten könnten.</p>
<p>Ich freue mich auf den weiteren Austausch.</p>
<p>Viele Grüße<br>[Ihr Name]<br>PathWize</p>",""
"356","neuraflow GmbH","https://www.neuraflow.de/","Ja","Dustin Klepper, Pascal Nobereit","hello@neuraflow.de","funktional","Intro KI Bundesverband - z.Hd. Dustin Klepper - Data Labeling und Annotation für Ihre KI Vorhaben","Hallo Herr Klepper,","Hallo Herr Klepper,

wir stehen eng mit dem KI Bundesverband im Austausch und haben dort die Info erhalten, dass wir uns mal bei euch melden sollen, da unser Experten-Netzwerk ggf. spannend für euch sein könnte.

Wir bei PathWize sind einer der führenden Anbieter für Data Labeling und Annotation im europäischen Raum. Mit einem Netzwerk von über 250.000 Experten können wir die richtigen Köpfe in unterschiedlichen Bereichen für sämtliche Data-Labeling-Bedarfe stellen.

Unternehmen wie z.B. Mistral AI und mittelständische Firmen bis hin zu Konzernen arbeiten bereits mit uns im Rahmen ihrer KI-Vorhaben (Post- und Pre-Training von Modellen, Data Labeling anhand von Bildern, RLHF etc.) zusammen.

Wenn Sie ebenfalls Bedarfe in diesen Bereichen haben, würden wir uns freuen, wenn wir euch hier supporten könnten.

Ich freue mich auf den weiteren Austausch.

Viele Grüße
[Ihr Name]
PathWize","<p>Hallo Herr Klepper,</p>
<p>wir stehen eng mit dem KI Bundesverband im Austausch und haben dort die Info erhalten, dass wir uns mal bei euch melden sollen, da unser Experten-Netzwerk ggf. spannend für euch sein könnte.</p>
<p>Wir bei <a href=""https://www.gopathwize.com"">PathWize</a> sind einer der führenden Anbieter für Data Labeling und Annotation im europäischen Raum. Mit einem Netzwerk von über 250.000 Experten können wir die richtigen Köpfe in unterschiedlichen Bereichen für sämtliche Data-Labeling-Bedarfe stellen.</p>
<p>Unternehmen wie z.B. Mistral AI und mittelständische Firmen bis hin zu Konzernen arbeiten bereits mit uns im Rahmen ihrer KI-Vorhaben (Post- und Pre-Training von Modellen, Data Labeling anhand von Bildern, RLHF etc.) zusammen.</p>
<p>Wenn Sie ebenfalls Bedarfe in diesen Bereichen haben, würden wir uns freuen, wenn wir euch hier supporten könnten.</p>
<p>Ich freue mich auf den weiteren Austausch.</p>
<p>Viele Grüße<br>[Ihr Name]<br>PathWize</p>","hello@neuraflow.de"
"357","neuraforce GmbH","https://neuraforce.com/","Ja","Hans Wolff","info@neuraforce.com","funktional","Intro KI Bundesverband - z.Hd. Hans Wolff - Data Labeling und Annotation für Ihre KI Vorhaben","Hallo Herr Wolff,","Hallo Herr Wolff,

wir stehen eng mit dem KI Bundesverband im Austausch und haben dort die Info erhalten, dass wir uns mal bei euch melden sollen, da unser Experten-Netzwerk ggf. spannend für euch sein könnte.

Wir bei PathWize sind einer der führenden Anbieter für Data Labeling und Annotation im europäischen Raum. Mit einem Netzwerk von über 250.000 Experten können wir die richtigen Köpfe in unterschiedlichen Bereichen für sämtliche Data-Labeling-Bedarfe stellen.

Unternehmen wie z.B. Mistral AI und mittelständische Firmen bis hin zu Konzernen arbeiten bereits mit uns im Rahmen ihrer KI-Vorhaben (Post- und Pre-Training von Modellen, Data Labeling anhand von Bildern, RLHF etc.) zusammen.

Wenn Sie ebenfalls Bedarfe in diesen Bereichen haben, würden wir uns freuen, wenn wir euch hier supporten könnten.

Ich freue mich auf den weiteren Austausch.

Viele Grüße
[Ihr Name]
PathWize","<p>Hallo Herr Wolff,</p>
<p>wir stehen eng mit dem KI Bundesverband im Austausch und haben dort die Info erhalten, dass wir uns mal bei euch melden sollen, da unser Experten-Netzwerk ggf. spannend für euch sein könnte.</p>
<p>Wir bei <a href=""https://www.gopathwize.com"">PathWize</a> sind einer der führenden Anbieter für Data Labeling und Annotation im europäischen Raum. Mit einem Netzwerk von über 250.000 Experten können wir die richtigen Köpfe in unterschiedlichen Bereichen für sämtliche Data-Labeling-Bedarfe stellen.</p>
<p>Unternehmen wie z.B. Mistral AI und mittelständische Firmen bis hin zu Konzernen arbeiten bereits mit uns im Rahmen ihrer KI-Vorhaben (Post- und Pre-Training von Modellen, Data Labeling anhand von Bildern, RLHF etc.) zusammen.</p>
<p>Wenn Sie ebenfalls Bedarfe in diesen Bereichen haben, würden wir uns freuen, wenn wir euch hier supporten könnten.</p>
<p>Ich freue mich auf den weiteren Austausch.</p>
<p>Viele Grüße<br>[Ihr Name]<br>PathWize</p>","info@neuraforce.com"
"358","NeuroForge GmbH & Co. KG","https://neuroforge.de/","Ja","Martin Braun, Tobias Hertkorn","kontakt@neuroforge.de","funktional","Intro KI Bundesverband - z.Hd. Martin Braun - Data Labeling und Annotation für Ihre KI Vorhaben","Hallo Herr Braun,","Hallo Herr Braun,

wir stehen eng mit dem KI Bundesverband im Austausch und haben dort die Info erhalten, dass wir uns mal bei euch melden sollen, da unser Experten-Netzwerk ggf. spannend für euch sein könnte.

Wir bei PathWize sind einer der führenden Anbieter für Data Labeling und Annotation im europäischen Raum. Mit einem Netzwerk von über 250.000 Experten können wir die richtigen Köpfe in unterschiedlichen Bereichen für sämtliche Data-Labeling-Bedarfe stellen.

Unternehmen wie z.B. Mistral AI und mittelständische Firmen bis hin zu Konzernen arbeiten bereits mit uns im Rahmen ihrer KI-Vorhaben (Post- und Pre-Training von Modellen, Data Labeling anhand von Bildern, RLHF etc.) zusammen.

Wenn Sie ebenfalls Bedarfe in diesen Bereichen haben, würden wir uns freuen, wenn wir euch hier supporten könnten.

Ich freue mich auf den weiteren Austausch.

Viele Grüße
[Ihr Name]
PathWize","<p>Hallo Herr Braun,</p>
<p>wir stehen eng mit dem KI Bundesverband im Austausch und haben dort die Info erhalten, dass wir uns mal bei euch melden sollen, da unser Experten-Netzwerk ggf. spannend für euch sein könnte.</p>
<p>Wir bei <a href=""https://www.gopathwize.com"">PathWize</a> sind einer der führenden Anbieter für Data Labeling und Annotation im europäischen Raum. Mit einem Netzwerk von über 250.000 Experten können wir die richtigen Köpfe in unterschiedlichen Bereichen für sämtliche Data-Labeling-Bedarfe stellen.</p>
<p>Unternehmen wie z.B. Mistral AI und mittelständische Firmen bis hin zu Konzernen arbeiten bereits mit uns im Rahmen ihrer KI-Vorhaben (Post- und Pre-Training von Modellen, Data Labeling anhand von Bildern, RLHF etc.) zusammen.</p>
<p>Wenn Sie ebenfalls Bedarfe in diesen Bereichen haben, würden wir uns freuen, wenn wir euch hier supporten könnten.</p>
<p>Ich freue mich auf den weiteren Austausch.</p>
<p>Viele Grüße<br>[Ihr Name]<br>PathWize</p>","kontakt@neuroforge.de"
"359","NeurologIQ Engineering GmbH","https://neurologiq.com/","Ja","Simon Sack","think@neurologiq.de","funktional (Mitarbeiter-Mail)","Intro KI Bundesverband - z.Hd. Simon Sack - Data Labeling und Annotation für Ihre KI Vorhaben","Hallo Herr Sack,","Hallo Herr Sack,

wir stehen eng mit dem KI Bundesverband im Austausch und haben dort die Info erhalten, dass wir uns mal bei euch melden sollen, da unser Experten-Netzwerk ggf. spannend für euch sein könnte.

Wir bei PathWize sind einer der führenden Anbieter für Data Labeling und Annotation im europäischen Raum. Mit einem Netzwerk von über 250.000 Experten können wir die richtigen Köpfe in unterschiedlichen Bereichen für sämtliche Data-Labeling-Bedarfe stellen.

Unternehmen wie z.B. Mistral AI und mittelständische Firmen bis hin zu Konzernen arbeiten bereits mit uns im Rahmen ihrer KI-Vorhaben (Post- und Pre-Training von Modellen, Data Labeling anhand von Bildern, RLHF etc.) zusammen.

Wenn Sie ebenfalls Bedarfe in diesen Bereichen haben, würden wir uns freuen, wenn wir euch hier supporten könnten.

Ich freue mich auf den weiteren Austausch.

Viele Grüße
[Ihr Name]
PathWize","<p>Hallo Herr Sack,</p>
<p>wir stehen eng mit dem KI Bundesverband im Austausch und haben dort die Info erhalten, dass wir uns mal bei euch melden sollen, da unser Experten-Netzwerk ggf. spannend für euch sein könnte.</p>
<p>Wir bei <a href=""https://www.gopathwize.com"">PathWize</a> sind einer der führenden Anbieter für Data Labeling und Annotation im europäischen Raum. Mit einem Netzwerk von über 250.000 Experten können wir die richtigen Köpfe in unterschiedlichen Bereichen für sämtliche Data-Labeling-Bedarfe stellen.</p>
<p>Unternehmen wie z.B. Mistral AI und mittelständische Firmen bis hin zu Konzernen arbeiten bereits mit uns im Rahmen ihrer KI-Vorhaben (Post- und Pre-Training von Modellen, Data Labeling anhand von Bildern, RLHF etc.) zusammen.</p>
<p>Wenn Sie ebenfalls Bedarfe in diesen Bereichen haben, würden wir uns freuen, wenn wir euch hier supporten könnten.</p>
<p>Ich freue mich auf den weiteren Austausch.</p>
<p>Viele Grüße<br>[Ihr Name]<br>PathWize</p>","think@neurologiq.de"
"360","Neurotech AI Solutions GmbH","https://www.alphaneural.io/","Vielleicht","","","keine Mail gefunden","Intro KI Bundesverband - Data Labeling und Annotation für Ihre KI Vorhaben","Guten Tag,","Guten Tag,

wir stehen eng mit dem KI Bundesverband im Austausch und haben dort die Info erhalten, dass wir uns mal bei euch melden sollen, da unser Experten-Netzwerk ggf. spannend für euch sein könnte.

Wir bei PathWize sind einer der führenden Anbieter für Data Labeling und Annotation im europäischen Raum. Mit einem Netzwerk von über 250.000 Experten können wir die richtigen Köpfe in unterschiedlichen Bereichen für sämtliche Data-Labeling-Bedarfe stellen.

Unternehmen wie z.B. Mistral AI und mittelständische Firmen bis hin zu Konzernen arbeiten bereits mit uns im Rahmen ihrer KI-Vorhaben (Post- und Pre-Training von Modellen, Data Labeling anhand von Bildern, RLHF etc.) zusammen.

Wenn Sie ebenfalls Bedarfe in diesen Bereichen haben, würden wir uns freuen, wenn wir euch hier supporten könnten.

Ich freue mich auf den weiteren Austausch.

Viele Grüße
[Ihr Name]
PathWize","<p>Guten Tag,</p>
<p>wir stehen eng mit dem KI Bundesverband im Austausch und haben dort die Info erhalten, dass wir uns mal bei euch melden sollen, da unser Experten-Netzwerk ggf. spannend für euch sein könnte.</p>
<p>Wir bei <a href=""https://www.gopathwize.com"">PathWize</a> sind einer der führenden Anbieter für Data Labeling und Annotation im europäischen Raum. Mit einem Netzwerk von über 250.000 Experten können wir die richtigen Köpfe in unterschiedlichen Bereichen für sämtliche Data-Labeling-Bedarfe stellen.</p>
<p>Unternehmen wie z.B. Mistral AI und mittelständische Firmen bis hin zu Konzernen arbeiten bereits mit uns im Rahmen ihrer KI-Vorhaben (Post- und Pre-Training von Modellen, Data Labeling anhand von Bildern, RLHF etc.) zusammen.</p>
<p>Wenn Sie ebenfalls Bedarfe in diesen Bereichen haben, würden wir uns freuen, wenn wir euch hier supporten könnten.</p>
<p>Ich freue mich auf den weiteren Austausch.</p>
<p>Viele Grüße<br>[Ihr Name]<br>PathWize</p>",""
"362","neusinger GmbH","https://neusinger.ai/","Ja","Eduard Singer, Sergej Neustadt","contact@neusinger.ai","funktional","Intro KI Bundesverband - z.Hd. Eduard Singer - Data Labeling und Annotation für Ihre KI Vorhaben","Hallo Herr Singer,","Hallo Herr Singer,

wir stehen eng mit dem KI Bundesverband im Austausch und haben dort die Info erhalten, dass wir uns mal bei euch melden sollen, da unser Experten-Netzwerk ggf. spannend für euch sein könnte.

Wir bei PathWize sind einer der führenden Anbieter für Data Labeling und Annotation im europäischen Raum. Mit einem Netzwerk von über 250.000 Experten können wir die richtigen Köpfe in unterschiedlichen Bereichen für sämtliche Data-Labeling-Bedarfe stellen.

Unternehmen wie z.B. Mistral AI und mittelständische Firmen bis hin zu Konzernen arbeiten bereits mit uns im Rahmen ihrer KI-Vorhaben (Post- und Pre-Training von Modellen, Data Labeling anhand von Bildern, RLHF etc.) zusammen.

Wenn Sie ebenfalls Bedarfe in diesen Bereichen haben, würden wir uns freuen, wenn wir euch hier supporten könnten.

Ich freue mich auf den weiteren Austausch.

Viele Grüße
[Ihr Name]
PathWize","<p>Hallo Herr Singer,</p>
<p>wir stehen eng mit dem KI Bundesverband im Austausch und haben dort die Info erhalten, dass wir uns mal bei euch melden sollen, da unser Experten-Netzwerk ggf. spannend für euch sein könnte.</p>
<p>Wir bei <a href=""https://www.gopathwize.com"">PathWize</a> sind einer der führenden Anbieter für Data Labeling und Annotation im europäischen Raum. Mit einem Netzwerk von über 250.000 Experten können wir die richtigen Köpfe in unterschiedlichen Bereichen für sämtliche Data-Labeling-Bedarfe stellen.</p>
<p>Unternehmen wie z.B. Mistral AI und mittelständische Firmen bis hin zu Konzernen arbeiten bereits mit uns im Rahmen ihrer KI-Vorhaben (Post- und Pre-Training von Modellen, Data Labeling anhand von Bildern, RLHF etc.) zusammen.</p>
<p>Wenn Sie ebenfalls Bedarfe in diesen Bereichen haben, würden wir uns freuen, wenn wir euch hier supporten könnten.</p>
<p>Ich freue mich auf den weiteren Austausch.</p>
<p>Viele Grüße<br>[Ihr Name]<br>PathWize</p>","contact@neusinger.ai"
"363","new.business.digital UG","https://newbizdigital.de/","Vielleicht","Dr. Michael Groezinger (Geschaeftsfuehrender Gesellschafter)","info@newbizdigital.de","funktional","Intro KI Bundesverband - z.Hd. Michael Groezinger - Data Labeling und Annotation für Ihre KI Vorhaben","Hallo Herr Dr. Groezinger,","Hallo Herr Dr. Groezinger,

wir stehen eng mit dem KI Bundesverband im Austausch und haben dort die Info erhalten, dass wir uns mal bei euch melden sollen, da unser Experten-Netzwerk ggf. spannend für euch sein könnte.

Wir bei PathWize sind einer der führenden Anbieter für Data Labeling und Annotation im europäischen Raum. Mit einem Netzwerk von über 250.000 Experten können wir die richtigen Köpfe in unterschiedlichen Bereichen für sämtliche Data-Labeling-Bedarfe stellen.

Unternehmen wie z.B. Mistral AI und mittelständische Firmen bis hin zu Konzernen arbeiten bereits mit uns im Rahmen ihrer KI-Vorhaben (Post- und Pre-Training von Modellen, Data Labeling anhand von Bildern, RLHF etc.) zusammen.

Wenn Sie ebenfalls Bedarfe in diesen Bereichen haben, würden wir uns freuen, wenn wir euch hier supporten könnten.

Ich freue mich auf den weiteren Austausch.

Viele Grüße
[Ihr Name]
PathWize","<p>Hallo Herr Dr. Groezinger,</p>
<p>wir stehen eng mit dem KI Bundesverband im Austausch und haben dort die Info erhalten, dass wir uns mal bei euch melden sollen, da unser Experten-Netzwerk ggf. spannend für euch sein könnte.</p>
<p>Wir bei <a href=""https://www.gopathwize.com"">PathWize</a> sind einer der führenden Anbieter für Data Labeling und Annotation im europäischen Raum. Mit einem Netzwerk von über 250.000 Experten können wir die richtigen Köpfe in unterschiedlichen Bereichen für sämtliche Data-Labeling-Bedarfe stellen.</p>
<p>Unternehmen wie z.B. Mistral AI und mittelständische Firmen bis hin zu Konzernen arbeiten bereits mit uns im Rahmen ihrer KI-Vorhaben (Post- und Pre-Training von Modellen, Data Labeling anhand von Bildern, RLHF etc.) zusammen.</p>
<p>Wenn Sie ebenfalls Bedarfe in diesen Bereichen haben, würden wir uns freuen, wenn wir euch hier supporten könnten.</p>
<p>Ich freue mich auf den weiteren Austausch.</p>
<p>Viele Grüße<br>[Ihr Name]<br>PathWize</p>","info@newbizdigital.de"
"365","NewNow Group Gmbh","https://www.newnow.group/","Vielleicht","Katja Spoerl","info@newnow.group","funktional","Intro KI Bundesverband - z.Hd. Katja Spoerl - Data Labeling und Annotation für Ihre KI Vorhaben","Hallo Frau Spoerl,","Hallo Frau Spoerl,

wir stehen eng mit dem KI Bundesverband im Austausch und haben dort die Info erhalten, dass wir uns mal bei euch melden sollen, da unser Experten-Netzwerk ggf. spannend für euch sein könnte.

Wir bei PathWize sind einer der führenden Anbieter für Data Labeling und Annotation im europäischen Raum. Mit einem Netzwerk von über 250.000 Experten können wir die richtigen Köpfe in unterschiedlichen Bereichen für sämtliche Data-Labeling-Bedarfe stellen.

Unternehmen wie z.B. Mistral AI und mittelständische Firmen bis hin zu Konzernen arbeiten bereits mit uns im Rahmen ihrer KI-Vorhaben (Post- und Pre-Training von Modellen, Data Labeling anhand von Bildern, RLHF etc.) zusammen.

Wenn Sie ebenfalls Bedarfe in diesen Bereichen haben, würden wir uns freuen, wenn wir euch hier supporten könnten.

Ich freue mich auf den weiteren Austausch.

Viele Grüße
[Ihr Name]
PathWize","<p>Hallo Frau Spoerl,</p>
<p>wir stehen eng mit dem KI Bundesverband im Austausch und haben dort die Info erhalten, dass wir uns mal bei euch melden sollen, da unser Experten-Netzwerk ggf. spannend für euch sein könnte.</p>
<p>Wir bei <a href=""https://www.gopathwize.com"">PathWize</a> sind einer der führenden Anbieter für Data Labeling und Annotation im europäischen Raum. Mit einem Netzwerk von über 250.000 Experten können wir die richtigen Köpfe in unterschiedlichen Bereichen für sämtliche Data-Labeling-Bedarfe stellen.</p>
<p>Unternehmen wie z.B. Mistral AI und mittelständische Firmen bis hin zu Konzernen arbeiten bereits mit uns im Rahmen ihrer KI-Vorhaben (Post- und Pre-Training von Modellen, Data Labeling anhand von Bildern, RLHF etc.) zusammen.</p>
<p>Wenn Sie ebenfalls Bedarfe in diesen Bereichen haben, würden wir uns freuen, wenn wir euch hier supporten könnten.</p>
<p>Ich freue mich auf den weiteren Austausch.</p>
<p>Viele Grüße<br>[Ihr Name]<br>PathWize</p>","info@newnow.group; career@newnow.group"
"366","NEXALTA NETWORKS GmbH","https://www.nexalta.com/","Vielleicht","","hello@nexalta.com","funktional","Intro KI Bundesverband - Data Labeling und Annotation für Ihre KI Vorhaben","Guten Tag,","Guten Tag,

wir stehen eng mit dem KI Bundesverband im Austausch und haben dort die Info erhalten, dass wir uns mal bei euch melden sollen, da unser Experten-Netzwerk ggf. spannend für euch sein könnte.

Wir bei PathWize sind einer der führenden Anbieter für Data Labeling und Annotation im europäischen Raum. Mit einem Netzwerk von über 250.000 Experten können wir die richtigen Köpfe in unterschiedlichen Bereichen für sämtliche Data-Labeling-Bedarfe stellen.

Unternehmen wie z.B. Mistral AI und mittelständische Firmen bis hin zu Konzernen arbeiten bereits mit uns im Rahmen ihrer KI-Vorhaben (Post- und Pre-Training von Modellen, Data Labeling anhand von Bildern, RLHF etc.) zusammen.

Wenn Sie ebenfalls Bedarfe in diesen Bereichen haben, würden wir uns freuen, wenn wir euch hier supporten könnten.

Ich freue mich auf den weiteren Austausch.

Viele Grüße
[Ihr Name]
PathWize","<p>Guten Tag,</p>
<p>wir stehen eng mit dem KI Bundesverband im Austausch und haben dort die Info erhalten, dass wir uns mal bei euch melden sollen, da unser Experten-Netzwerk ggf. spannend für euch sein könnte.</p>
<p>Wir bei <a href=""https://www.gopathwize.com"">PathWize</a> sind einer der führenden Anbieter für Data Labeling und Annotation im europäischen Raum. Mit einem Netzwerk von über 250.000 Experten können wir die richtigen Köpfe in unterschiedlichen Bereichen für sämtliche Data-Labeling-Bedarfe stellen.</p>
<p>Unternehmen wie z.B. Mistral AI und mittelständische Firmen bis hin zu Konzernen arbeiten bereits mit uns im Rahmen ihrer KI-Vorhaben (Post- und Pre-Training von Modellen, Data Labeling anhand von Bildern, RLHF etc.) zusammen.</p>
<p>Wenn Sie ebenfalls Bedarfe in diesen Bereichen haben, würden wir uns freuen, wenn wir euch hier supporten könnten.</p>
<p>Ich freue mich auf den weiteren Austausch.</p>
<p>Viele Grüße<br>[Ihr Name]<br>PathWize</p>","hello@nexalta.com"
"367","nexamind GmbH","https://nexamind.io/","Vielleicht","Rene Dalock, Sebastian Hoitz, Oliver Alf","info@nexamind.io","funktional","Intro KI Bundesverband - z.Hd. Rene Dalock - Data Labeling und Annotation für Ihre KI Vorhaben","Hallo Herr Dalock,","Hallo Herr Dalock,

wir stehen eng mit dem KI Bundesverband im Austausch und haben dort die Info erhalten, dass wir uns mal bei euch melden sollen, da unser Experten-Netzwerk ggf. spannend für euch sein könnte.

Wir bei PathWize sind einer der führenden Anbieter für Data Labeling und Annotation im europäischen Raum. Mit einem Netzwerk von über 250.000 Experten können wir die richtigen Köpfe in unterschiedlichen Bereichen für sämtliche Data-Labeling-Bedarfe stellen.

Unternehmen wie z.B. Mistral AI und mittelständische Firmen bis hin zu Konzernen arbeiten bereits mit uns im Rahmen ihrer KI-Vorhaben (Post- und Pre-Training von Modellen, Data Labeling anhand von Bildern, RLHF etc.) zusammen.

Wenn Sie ebenfalls Bedarfe in diesen Bereichen haben, würden wir uns freuen, wenn wir euch hier supporten könnten.

Ich freue mich auf den weiteren Austausch.

Viele Grüße
[Ihr Name]
PathWize","<p>Hallo Herr Dalock,</p>
<p>wir stehen eng mit dem KI Bundesverband im Austausch und haben dort die Info erhalten, dass wir uns mal bei euch melden sollen, da unser Experten-Netzwerk ggf. spannend für euch sein könnte.</p>
<p>Wir bei <a href=""https://www.gopathwize.com"">PathWize</a> sind einer der führenden Anbieter für Data Labeling und Annotation im europäischen Raum. Mit einem Netzwerk von über 250.000 Experten können wir die richtigen Köpfe in unterschiedlichen Bereichen für sämtliche Data-Labeling-Bedarfe stellen.</p>
<p>Unternehmen wie z.B. Mistral AI und mittelständische Firmen bis hin zu Konzernen arbeiten bereits mit uns im Rahmen ihrer KI-Vorhaben (Post- und Pre-Training von Modellen, Data Labeling anhand von Bildern, RLHF etc.) zusammen.</p>
<p>Wenn Sie ebenfalls Bedarfe in diesen Bereichen haben, würden wir uns freuen, wenn wir euch hier supporten könnten.</p>
<p>Ich freue mich auf den weiteren Austausch.</p>
<p>Viele Grüße<br>[Ihr Name]<br>PathWize</p>","info@nexamind.io"
"369","Nibiru Systems GmbH","https://nibiru-systems.de/","Ja","Anton Bosse, Marvin Arnold","anton.bosse@nibiru-systems.com","direkt (belegt)","Intro KI Bundesverband - Data Labeling und Annotation für Ihre KI Vorhaben","Hallo Herr Bosse,","Hallo Herr Bosse,

wir stehen eng mit dem KI Bundesverband im Austausch und haben dort die Info erhalten, dass wir uns mal bei euch melden sollen, da unser Experten-Netzwerk ggf. spannend für euch sein könnte.

Wir bei PathWize sind einer der führenden Anbieter für Data Labeling und Annotation im europäischen Raum. Mit einem Netzwerk von über 250.000 Experten können wir die richtigen Köpfe in unterschiedlichen Bereichen für sämtliche Data-Labeling-Bedarfe stellen.

Unternehmen wie z.B. Mistral AI und mittelständische Firmen bis hin zu Konzernen arbeiten bereits mit uns im Rahmen ihrer KI-Vorhaben (Post- und Pre-Training von Modellen, Data Labeling anhand von Bildern, RLHF etc.) zusammen.

Wenn Sie ebenfalls Bedarfe in diesen Bereichen haben, würden wir uns freuen, wenn wir euch hier supporten könnten.

Ich freue mich auf den weiteren Austausch.

Viele Grüße
[Ihr Name]
PathWize","<p>Hallo Herr Bosse,</p>
<p>wir stehen eng mit dem KI Bundesverband im Austausch und haben dort die Info erhalten, dass wir uns mal bei euch melden sollen, da unser Experten-Netzwerk ggf. spannend für euch sein könnte.</p>
<p>Wir bei <a href=""https://www.gopathwize.com"">PathWize</a> sind einer der führenden Anbieter für Data Labeling und Annotation im europäischen Raum. Mit einem Netzwerk von über 250.000 Experten können wir die richtigen Köpfe in unterschiedlichen Bereichen für sämtliche Data-Labeling-Bedarfe stellen.</p>
<p>Unternehmen wie z.B. Mistral AI und mittelständische Firmen bis hin zu Konzernen arbeiten bereits mit uns im Rahmen ihrer KI-Vorhaben (Post- und Pre-Training von Modellen, Data Labeling anhand von Bildern, RLHF etc.) zusammen.</p>
<p>Wenn Sie ebenfalls Bedarfe in diesen Bereichen haben, würden wir uns freuen, wenn wir euch hier supporten könnten.</p>
<p>Ich freue mich auf den weiteren Austausch.</p>
<p>Viele Grüße<br>[Ihr Name]<br>PathWize</p>","anton.bosse@nibiru-systems.com"
"370","Niologic GmbH","https://www.niologic.com/de/","Vielleicht","Dr. Alexander Nichau (Gruender & Geschaeftsfuehrer)","info@niologic.de","funktional","Intro KI Bundesverband - z.Hd. Alexander Nichau - Data Labeling und Annotation für Ihre KI Vorhaben","Hallo Herr Dr. Nichau,","Hallo Herr Dr. Nichau,

wir stehen eng mit dem KI Bundesverband im Austausch und haben dort die Info erhalten, dass wir uns mal bei euch melden sollen, da unser Experten-Netzwerk ggf. spannend für euch sein könnte.

Wir bei PathWize sind einer der führenden Anbieter für Data Labeling und Annotation im europäischen Raum. Mit einem Netzwerk von über 250.000 Experten können wir die richtigen Köpfe in unterschiedlichen Bereichen für sämtliche Data-Labeling-Bedarfe stellen.

Unternehmen wie z.B. Mistral AI und mittelständische Firmen bis hin zu Konzernen arbeiten bereits mit uns im Rahmen ihrer KI-Vorhaben (Post- und Pre-Training von Modellen, Data Labeling anhand von Bildern, RLHF etc.) zusammen.

Wenn Sie ebenfalls Bedarfe in diesen Bereichen haben, würden wir uns freuen, wenn wir euch hier supporten könnten.

Ich freue mich auf den weiteren Austausch.

Viele Grüße
[Ihr Name]
PathWize","<p>Hallo Herr Dr. Nichau,</p>
<p>wir stehen eng mit dem KI Bundesverband im Austausch und haben dort die Info erhalten, dass wir uns mal bei euch melden sollen, da unser Experten-Netzwerk ggf. spannend für euch sein könnte.</p>
<p>Wir bei <a href=""https://www.gopathwize.com"">PathWize</a> sind einer der führenden Anbieter für Data Labeling und Annotation im europäischen Raum. Mit einem Netzwerk von über 250.000 Experten können wir die richtigen Köpfe in unterschiedlichen Bereichen für sämtliche Data-Labeling-Bedarfe stellen.</p>
<p>Unternehmen wie z.B. Mistral AI und mittelständische Firmen bis hin zu Konzernen arbeiten bereits mit uns im Rahmen ihrer KI-Vorhaben (Post- und Pre-Training von Modellen, Data Labeling anhand von Bildern, RLHF etc.) zusammen.</p>
<p>Wenn Sie ebenfalls Bedarfe in diesen Bereichen haben, würden wir uns freuen, wenn wir euch hier supporten könnten.</p>
<p>Ich freue mich auf den weiteren Austausch.</p>
<p>Viele Grüße<br>[Ihr Name]<br>PathWize</p>","info@niologic.de"
"371","Nocturne GmbH","http://nocturne.one/","Ja","Dr. Ella Maria Kadas (Managing Director); Dr. Sunil Kumar Yadav (Co-founder)","info@nocturne.one","funktional","Intro KI Bundesverband - z.Hd. Ella Kadas - Data Labeling und Annotation für Ihre KI Vorhaben","Hallo Frau Dr. Kadas,","Hallo Frau Dr. Kadas,

wir stehen eng mit dem KI Bundesverband im Austausch und haben dort die Info erhalten, dass wir uns mal bei euch melden sollen, da unser Experten-Netzwerk ggf. spannend für euch sein könnte.

Wir bei PathWize sind einer der führenden Anbieter für Data Labeling und Annotation im europäischen Raum. Mit einem Netzwerk von über 250.000 Experten können wir die richtigen Köpfe in unterschiedlichen Bereichen für sämtliche Data-Labeling-Bedarfe stellen.

Unternehmen wie z.B. Mistral AI und mittelständische Firmen bis hin zu Konzernen arbeiten bereits mit uns im Rahmen ihrer KI-Vorhaben (Post- und Pre-Training von Modellen, Data Labeling anhand von Bildern, RLHF etc.) zusammen.

Wenn Sie ebenfalls Bedarfe in diesen Bereichen haben, würden wir uns freuen, wenn wir euch hier supporten könnten.

Ich freue mich auf den weiteren Austausch.

Viele Grüße
[Ihr Name]
PathWize","<p>Hallo Frau Dr. Kadas,</p>
<p>wir stehen eng mit dem KI Bundesverband im Austausch und haben dort die Info erhalten, dass wir uns mal bei euch melden sollen, da unser Experten-Netzwerk ggf. spannend für euch sein könnte.</p>
<p>Wir bei <a href=""https://www.gopathwize.com"">PathWize</a> sind einer der führenden Anbieter für Data Labeling und Annotation im europäischen Raum. Mit einem Netzwerk von über 250.000 Experten können wir die richtigen Köpfe in unterschiedlichen Bereichen für sämtliche Data-Labeling-Bedarfe stellen.</p>
<p>Unternehmen wie z.B. Mistral AI und mittelständische Firmen bis hin zu Konzernen arbeiten bereits mit uns im Rahmen ihrer KI-Vorhaben (Post- und Pre-Training von Modellen, Data Labeling anhand von Bildern, RLHF etc.) zusammen.</p>
<p>Wenn Sie ebenfalls Bedarfe in diesen Bereichen haben, würden wir uns freuen, wenn wir euch hier supporten könnten.</p>
<p>Ich freue mich auf den weiteren Austausch.</p>
<p>Viele Grüße<br>[Ihr Name]<br>PathWize</p>","info@nocturne.one"
"372","Nooxit GmbH","https://www.nooxit.com/","Vielleicht","David Weber, Michael Ratte","info@nooxit.com","funktional","Intro KI Bundesverband - z.Hd. David Weber - Data Labeling und Annotation für Ihre KI Vorhaben","Hallo Herr Weber,","Hallo Herr Weber,

wir stehen eng mit dem KI Bundesverband im Austausch und haben dort die Info erhalten, dass wir uns mal bei euch melden sollen, da unser Experten-Netzwerk ggf. spannend für euch sein könnte.

Wir bei PathWize sind einer der führenden Anbieter für Data Labeling und Annotation im europäischen Raum. Mit einem Netzwerk von über 250.000 Experten können wir die richtigen Köpfe in unterschiedlichen Bereichen für sämtliche Data-Labeling-Bedarfe stellen.

Unternehmen wie z.B. Mistral AI und mittelständische Firmen bis hin zu Konzernen arbeiten bereits mit uns im Rahmen ihrer KI-Vorhaben (Post- und Pre-Training von Modellen, Data Labeling anhand von Bildern, RLHF etc.) zusammen.

Wenn Sie ebenfalls Bedarfe in diesen Bereichen haben, würden wir uns freuen, wenn wir euch hier supporten könnten.

Ich freue mich auf den weiteren Austausch.

Viele Grüße
[Ihr Name]
PathWize","<p>Hallo Herr Weber,</p>
<p>wir stehen eng mit dem KI Bundesverband im Austausch und haben dort die Info erhalten, dass wir uns mal bei euch melden sollen, da unser Experten-Netzwerk ggf. spannend für euch sein könnte.</p>
<p>Wir bei <a href=""https://www.gopathwize.com"">PathWize</a> sind einer der führenden Anbieter für Data Labeling und Annotation im europäischen Raum. Mit einem Netzwerk von über 250.000 Experten können wir die richtigen Köpfe in unterschiedlichen Bereichen für sämtliche Data-Labeling-Bedarfe stellen.</p>
<p>Unternehmen wie z.B. Mistral AI und mittelständische Firmen bis hin zu Konzernen arbeiten bereits mit uns im Rahmen ihrer KI-Vorhaben (Post- und Pre-Training von Modellen, Data Labeling anhand von Bildern, RLHF etc.) zusammen.</p>
<p>Wenn Sie ebenfalls Bedarfe in diesen Bereichen haben, würden wir uns freuen, wenn wir euch hier supporten könnten.</p>
<p>Ich freue mich auf den weiteren Austausch.</p>
<p>Viele Grüße<br>[Ihr Name]<br>PathWize</p>","info@nooxit.com"
"373","nova motum Services & Consulting GmbH","https://www.novamotum.net/","Vielleicht","Dipl.-Ing. Volker Kohl","info@novamotum.net","funktional","Intro KI Bundesverband - z.Hd. Volker Kohl - Data Labeling und Annotation für Ihre KI Vorhaben","Hallo Herr Dipl.-Ing. Kohl,","Hallo Herr Dipl.-Ing. Kohl,

wir stehen eng mit dem KI Bundesverband im Austausch und haben dort die Info erhalten, dass wir uns mal bei euch melden sollen, da unser Experten-Netzwerk ggf. spannend für euch sein könnte.

Wir bei PathWize sind einer der führenden Anbieter für Data Labeling und Annotation im europäischen Raum. Mit einem Netzwerk von über 250.000 Experten können wir die richtigen Köpfe in unterschiedlichen Bereichen für sämtliche Data-Labeling-Bedarfe stellen.

Unternehmen wie z.B. Mistral AI und mittelständische Firmen bis hin zu Konzernen arbeiten bereits mit uns im Rahmen ihrer KI-Vorhaben (Post- und Pre-Training von Modellen, Data Labeling anhand von Bildern, RLHF etc.) zusammen.

Wenn Sie ebenfalls Bedarfe in diesen Bereichen haben, würden wir uns freuen, wenn wir euch hier supporten könnten.

Ich freue mich auf den weiteren Austausch.

Viele Grüße
[Ihr Name]
PathWize","<p>Hallo Herr Dipl.-Ing. Kohl,</p>
<p>wir stehen eng mit dem KI Bundesverband im Austausch und haben dort die Info erhalten, dass wir uns mal bei euch melden sollen, da unser Experten-Netzwerk ggf. spannend für euch sein könnte.</p>
<p>Wir bei <a href=""https://www.gopathwize.com"">PathWize</a> sind einer der führenden Anbieter für Data Labeling und Annotation im europäischen Raum. Mit einem Netzwerk von über 250.000 Experten können wir die richtigen Köpfe in unterschiedlichen Bereichen für sämtliche Data-Labeling-Bedarfe stellen.</p>
<p>Unternehmen wie z.B. Mistral AI und mittelständische Firmen bis hin zu Konzernen arbeiten bereits mit uns im Rahmen ihrer KI-Vorhaben (Post- und Pre-Training von Modellen, Data Labeling anhand von Bildern, RLHF etc.) zusammen.</p>
<p>Wenn Sie ebenfalls Bedarfe in diesen Bereichen haben, würden wir uns freuen, wenn wir euch hier supporten könnten.</p>
<p>Ich freue mich auf den weiteren Austausch.</p>
<p>Viele Grüße<br>[Ihr Name]<br>PathWize</p>","info@novamotum.net"
"374","NovelSense UG","https://novelsense.com/","Vielleicht","Sascha Rudolph (Dr.-Ing. Markus Scholz ppa./Prokura)","info@novelsense.com","funktional","Intro KI Bundesverband - z.Hd. Sascha Rudolph - Data Labeling und Annotation für Ihre KI Vorhaben","Hallo Herr Rudolph,","Hallo Herr Rudolph,

wir stehen eng mit dem KI Bundesverband im Austausch und haben dort die Info erhalten, dass wir uns mal bei euch melden sollen, da unser Experten-Netzwerk ggf. spannend für euch sein könnte.

Wir bei PathWize sind einer der führenden Anbieter für Data Labeling und Annotation im europäischen Raum. Mit einem Netzwerk von über 250.000 Experten können wir die richtigen Köpfe in unterschiedlichen Bereichen für sämtliche Data-Labeling-Bedarfe stellen.

Unternehmen wie z.B. Mistral AI und mittelständische Firmen bis hin zu Konzernen arbeiten bereits mit uns im Rahmen ihrer KI-Vorhaben (Post- und Pre-Training von Modellen, Data Labeling anhand von Bildern, RLHF etc.) zusammen.

Wenn Sie ebenfalls Bedarfe in diesen Bereichen haben, würden wir uns freuen, wenn wir euch hier supporten könnten.

Ich freue mich auf den weiteren Austausch.

Viele Grüße
[Ihr Name]
PathWize","<p>Hallo Herr Rudolph,</p>
<p>wir stehen eng mit dem KI Bundesverband im Austausch und haben dort die Info erhalten, dass wir uns mal bei euch melden sollen, da unser Experten-Netzwerk ggf. spannend für euch sein könnte.</p>
<p>Wir bei <a href=""https://www.gopathwize.com"">PathWize</a> sind einer der führenden Anbieter für Data Labeling und Annotation im europäischen Raum. Mit einem Netzwerk von über 250.000 Experten können wir die richtigen Köpfe in unterschiedlichen Bereichen für sämtliche Data-Labeling-Bedarfe stellen.</p>
<p>Unternehmen wie z.B. Mistral AI und mittelständische Firmen bis hin zu Konzernen arbeiten bereits mit uns im Rahmen ihrer KI-Vorhaben (Post- und Pre-Training von Modellen, Data Labeling anhand von Bildern, RLHF etc.) zusammen.</p>
<p>Wenn Sie ebenfalls Bedarfe in diesen Bereichen haben, würden wir uns freuen, wenn wir euch hier supporten könnten.</p>
<p>Ich freue mich auf den weiteren Austausch.</p>
<p>Viele Grüße<br>[Ihr Name]<br>PathWize</p>","info@novelsense.com"
"375","nuwacom GmbH","https://www.nuwacom.ai/","Vielleicht","Sascha Boehr, Alexander Kleinen, Christophe Folschette","info@nuwacom.ai","funktional","Intro KI Bundesverband - z.Hd. Sascha Boehr - Data Labeling und Annotation für Ihre KI Vorhaben","Hallo Herr Boehr,","Hallo Herr Boehr,

wir stehen eng mit dem KI Bundesverband im Austausch und haben dort die Info erhalten, dass wir uns mal bei euch melden sollen, da unser Experten-Netzwerk ggf. spannend für euch sein könnte.

Wir bei PathWize sind einer der führenden Anbieter für Data Labeling und Annotation im europäischen Raum. Mit einem Netzwerk von über 250.000 Experten können wir die richtigen Köpfe in unterschiedlichen Bereichen für sämtliche Data-Labeling-Bedarfe stellen.

Unternehmen wie z.B. Mistral AI und mittelständische Firmen bis hin zu Konzernen arbeiten bereits mit uns im Rahmen ihrer KI-Vorhaben (Post- und Pre-Training von Modellen, Data Labeling anhand von Bildern, RLHF etc.) zusammen.

Wenn Sie ebenfalls Bedarfe in diesen Bereichen haben, würden wir uns freuen, wenn wir euch hier supporten könnten.

Ich freue mich auf den weiteren Austausch.

Viele Grüße
[Ihr Name]
PathWize","<p>Hallo Herr Boehr,</p>
<p>wir stehen eng mit dem KI Bundesverband im Austausch und haben dort die Info erhalten, dass wir uns mal bei euch melden sollen, da unser Experten-Netzwerk ggf. spannend für euch sein könnte.</p>
<p>Wir bei <a href=""https://www.gopathwize.com"">PathWize</a> sind einer der führenden Anbieter für Data Labeling und Annotation im europäischen Raum. Mit einem Netzwerk von über 250.000 Experten können wir die richtigen Köpfe in unterschiedlichen Bereichen für sämtliche Data-Labeling-Bedarfe stellen.</p>
<p>Unternehmen wie z.B. Mistral AI und mittelständische Firmen bis hin zu Konzernen arbeiten bereits mit uns im Rahmen ihrer KI-Vorhaben (Post- und Pre-Training von Modellen, Data Labeling anhand von Bildern, RLHF etc.) zusammen.</p>
<p>Wenn Sie ebenfalls Bedarfe in diesen Bereichen haben, würden wir uns freuen, wenn wir euch hier supporten könnten.</p>
<p>Ich freue mich auf den weiteren Austausch.</p>
<p>Viele Grüße<br>[Ihr Name]<br>PathWize</p>","info@nuwacom.ai"
"376","nyris.io","https://nyris.io/","Ja","Dr. Anna Lukasson-Herzig, Markus Lukasson","hi@nyris.io","funktional (Mitarbeiter-Mail)","Intro KI Bundesverband - z.Hd. Anna Lukasson-Herzig - Data Labeling und Annotation für Ihre KI Vorhaben","Hallo Frau Dr. Lukasson-Herzig,","Hallo Frau Dr. Lukasson-Herzig,

wir stehen eng mit dem KI Bundesverband im Austausch und haben dort die Info erhalten, dass wir uns mal bei euch melden sollen, da unser Experten-Netzwerk ggf. spannend für euch sein könnte.

Wir bei PathWize sind einer der führenden Anbieter für Data Labeling und Annotation im europäischen Raum. Mit einem Netzwerk von über 250.000 Experten können wir die richtigen Köpfe in unterschiedlichen Bereichen für sämtliche Data-Labeling-Bedarfe stellen.

Unternehmen wie z.B. Mistral AI und mittelständische Firmen bis hin zu Konzernen arbeiten bereits mit uns im Rahmen ihrer KI-Vorhaben (Post- und Pre-Training von Modellen, Data Labeling anhand von Bildern, RLHF etc.) zusammen.

Wenn Sie ebenfalls Bedarfe in diesen Bereichen haben, würden wir uns freuen, wenn wir euch hier supporten könnten.

Ich freue mich auf den weiteren Austausch.

Viele Grüße
[Ihr Name]
PathWize","<p>Hallo Frau Dr. Lukasson-Herzig,</p>
<p>wir stehen eng mit dem KI Bundesverband im Austausch und haben dort die Info erhalten, dass wir uns mal bei euch melden sollen, da unser Experten-Netzwerk ggf. spannend für euch sein könnte.</p>
<p>Wir bei <a href=""https://www.gopathwize.com"">PathWize</a> sind einer der führenden Anbieter für Data Labeling und Annotation im europäischen Raum. Mit einem Netzwerk von über 250.000 Experten können wir die richtigen Köpfe in unterschiedlichen Bereichen für sämtliche Data-Labeling-Bedarfe stellen.</p>
<p>Unternehmen wie z.B. Mistral AI und mittelständische Firmen bis hin zu Konzernen arbeiten bereits mit uns im Rahmen ihrer KI-Vorhaben (Post- und Pre-Training von Modellen, Data Labeling anhand von Bildern, RLHF etc.) zusammen.</p>
<p>Wenn Sie ebenfalls Bedarfe in diesen Bereichen haben, würden wir uns freuen, wenn wir euch hier supporten könnten.</p>
<p>Ich freue mich auf den weiteren Austausch.</p>
<p>Viele Grüße<br>[Ihr Name]<br>PathWize</p>","hi@nyris.io"
"378","Omega Space GmbH","https://omega-space.org/","Vielleicht","","","keine Mail gefunden","Intro KI Bundesverband - Data Labeling und Annotation für Ihre KI Vorhaben","Guten Tag,","Guten Tag,

wir stehen eng mit dem KI Bundesverband im Austausch und haben dort die Info erhalten, dass wir uns mal bei euch melden sollen, da unser Experten-Netzwerk ggf. spannend für euch sein könnte.

Wir bei PathWize sind einer der führenden Anbieter für Data Labeling und Annotation im europäischen Raum. Mit einem Netzwerk von über 250.000 Experten können wir die richtigen Köpfe in unterschiedlichen Bereichen für sämtliche Data-Labeling-Bedarfe stellen.

Unternehmen wie z.B. Mistral AI und mittelständische Firmen bis hin zu Konzernen arbeiten bereits mit uns im Rahmen ihrer KI-Vorhaben (Post- und Pre-Training von Modellen, Data Labeling anhand von Bildern, RLHF etc.) zusammen.

Wenn Sie ebenfalls Bedarfe in diesen Bereichen haben, würden wir uns freuen, wenn wir euch hier supporten könnten.

Ich freue mich auf den weiteren Austausch.

Viele Grüße
[Ihr Name]
PathWize","<p>Guten Tag,</p>
<p>wir stehen eng mit dem KI Bundesverband im Austausch und haben dort die Info erhalten, dass wir uns mal bei euch melden sollen, da unser Experten-Netzwerk ggf. spannend für euch sein könnte.</p>
<p>Wir bei <a href=""https://www.gopathwize.com"">PathWize</a> sind einer der führenden Anbieter für Data Labeling und Annotation im europäischen Raum. Mit einem Netzwerk von über 250.000 Experten können wir die richtigen Köpfe in unterschiedlichen Bereichen für sämtliche Data-Labeling-Bedarfe stellen.</p>
<p>Unternehmen wie z.B. Mistral AI und mittelständische Firmen bis hin zu Konzernen arbeiten bereits mit uns im Rahmen ihrer KI-Vorhaben (Post- und Pre-Training von Modellen, Data Labeling anhand von Bildern, RLHF etc.) zusammen.</p>
<p>Wenn Sie ebenfalls Bedarfe in diesen Bereichen haben, würden wir uns freuen, wenn wir euch hier supporten könnten.</p>
<p>Ich freue mich auf den weiteren Austausch.</p>
<p>Viele Grüße<br>[Ihr Name]<br>PathWize</p>",""
"379","OMMM Operations Management Solutions GmbH","https://ommm.ai/","Vielleicht","Dr. Gabriele Reith-Ahlemeier, Reinhard Vanhoefen","","keine Mail gefunden","Intro KI Bundesverband - z.Hd. Gabriele Reith-Ahlemeier - Data Labeling und Annotation für Ihre KI Vorhaben","Hallo Frau Dr. Reith-Ahlemeier,","Hallo Frau Dr. Reith-Ahlemeier,

wir stehen eng mit dem KI Bundesverband im Austausch und haben dort die Info erhalten, dass wir uns mal bei euch melden sollen, da unser Experten-Netzwerk ggf. spannend für euch sein könnte.

Wir bei PathWize sind einer der führenden Anbieter für Data Labeling und Annotation im europäischen Raum. Mit einem Netzwerk von über 250.000 Experten können wir die richtigen Köpfe in unterschiedlichen Bereichen für sämtliche Data-Labeling-Bedarfe stellen.

Unternehmen wie z.B. Mistral AI und mittelständische Firmen bis hin zu Konzernen arbeiten bereits mit uns im Rahmen ihrer KI-Vorhaben (Post- und Pre-Training von Modellen, Data Labeling anhand von Bildern, RLHF etc.) zusammen.

Wenn Sie ebenfalls Bedarfe in diesen Bereichen haben, würden wir uns freuen, wenn wir euch hier supporten könnten.

Ich freue mich auf den weiteren Austausch.

Viele Grüße
[Ihr Name]
PathWize","<p>Hallo Frau Dr. Reith-Ahlemeier,</p>
<p>wir stehen eng mit dem KI Bundesverband im Austausch und haben dort die Info erhalten, dass wir uns mal bei euch melden sollen, da unser Experten-Netzwerk ggf. spannend für euch sein könnte.</p>
<p>Wir bei <a href=""https://www.gopathwize.com"">PathWize</a> sind einer der führenden Anbieter für Data Labeling und Annotation im europäischen Raum. Mit einem Netzwerk von über 250.000 Experten können wir die richtigen Köpfe in unterschiedlichen Bereichen für sämtliche Data-Labeling-Bedarfe stellen.</p>
<p>Unternehmen wie z.B. Mistral AI und mittelständische Firmen bis hin zu Konzernen arbeiten bereits mit uns im Rahmen ihrer KI-Vorhaben (Post- und Pre-Training von Modellen, Data Labeling anhand von Bildern, RLHF etc.) zusammen.</p>
<p>Wenn Sie ebenfalls Bedarfe in diesen Bereichen haben, würden wir uns freuen, wenn wir euch hier supporten könnten.</p>
<p>Ich freue mich auf den weiteren Austausch.</p>
<p>Viele Grüße<br>[Ihr Name]<br>PathWize</p>",""
"380","Omni:us","https://www.omnius.com/","Ja","Thomas Hauschild (CEO), Martin Micko (COO)","","keine Mail gefunden","Intro KI Bundesverband - z.Hd. Thomas Hauschild - Data Labeling und Annotation für Ihre KI Vorhaben","Hallo Herr Hauschild,","Hallo Herr Hauschild,

wir stehen eng mit dem KI Bundesverband im Austausch und haben dort die Info erhalten, dass wir uns mal bei euch melden sollen, da unser Experten-Netzwerk ggf. spannend für euch sein könnte.

Wir bei PathWize sind einer der führenden Anbieter für Data Labeling und Annotation im europäischen Raum. Mit einem Netzwerk von über 250.000 Experten können wir die richtigen Köpfe in unterschiedlichen Bereichen für sämtliche Data-Labeling-Bedarfe stellen.

Unternehmen wie z.B. Mistral AI und mittelständische Firmen bis hin zu Konzernen arbeiten bereits mit uns im Rahmen ihrer KI-Vorhaben (Post- und Pre-Training von Modellen, Data Labeling anhand von Bildern, RLHF etc.) zusammen.

Wenn Sie ebenfalls Bedarfe in diesen Bereichen haben, würden wir uns freuen, wenn wir euch hier supporten könnten.

Ich freue mich auf den weiteren Austausch.

Viele Grüße
[Ihr Name]
PathWize","<p>Hallo Herr Hauschild,</p>
<p>wir stehen eng mit dem KI Bundesverband im Austausch und haben dort die Info erhalten, dass wir uns mal bei euch melden sollen, da unser Experten-Netzwerk ggf. spannend für euch sein könnte.</p>
<p>Wir bei <a href=""https://www.gopathwize.com"">PathWize</a> sind einer der führenden Anbieter für Data Labeling und Annotation im europäischen Raum. Mit einem Netzwerk von über 250.000 Experten können wir die richtigen Köpfe in unterschiedlichen Bereichen für sämtliche Data-Labeling-Bedarfe stellen.</p>
<p>Unternehmen wie z.B. Mistral AI und mittelständische Firmen bis hin zu Konzernen arbeiten bereits mit uns im Rahmen ihrer KI-Vorhaben (Post- und Pre-Training von Modellen, Data Labeling anhand von Bildern, RLHF etc.) zusammen.</p>
<p>Wenn Sie ebenfalls Bedarfe in diesen Bereichen haben, würden wir uns freuen, wenn wir euch hier supporten könnten.</p>
<p>Ich freue mich auf den weiteren Austausch.</p>
<p>Viele Grüße<br>[Ihr Name]<br>PathWize</p>",""
"381","Omnifact GmbH","https://omnifact.ai/","Vielleicht","Florian Reifschneider, Patrick Helmig","hello@omnifact.ai","funktional","Intro KI Bundesverband - z.Hd. Florian Reifschneider - Data Labeling und Annotation für Ihre KI Vorhaben","Hallo Herr Reifschneider,","Hallo Herr Reifschneider,

wir stehen eng mit dem KI Bundesverband im Austausch und haben dort die Info erhalten, dass wir uns mal bei euch melden sollen, da unser Experten-Netzwerk ggf. spannend für euch sein könnte.

Wir bei PathWize sind einer der führenden Anbieter für Data Labeling und Annotation im europäischen Raum. Mit einem Netzwerk von über 250.000 Experten können wir die richtigen Köpfe in unterschiedlichen Bereichen für sämtliche Data-Labeling-Bedarfe stellen.

Unternehmen wie z.B. Mistral AI und mittelständische Firmen bis hin zu Konzernen arbeiten bereits mit uns im Rahmen ihrer KI-Vorhaben (Post- und Pre-Training von Modellen, Data Labeling anhand von Bildern, RLHF etc.) zusammen.

Wenn Sie ebenfalls Bedarfe in diesen Bereichen haben, würden wir uns freuen, wenn wir euch hier supporten könnten.

Ich freue mich auf den weiteren Austausch.

Viele Grüße
[Ihr Name]
PathWize","<p>Hallo Herr Reifschneider,</p>
<p>wir stehen eng mit dem KI Bundesverband im Austausch und haben dort die Info erhalten, dass wir uns mal bei euch melden sollen, da unser Experten-Netzwerk ggf. spannend für euch sein könnte.</p>
<p>Wir bei <a href=""https://www.gopathwize.com"">PathWize</a> sind einer der führenden Anbieter für Data Labeling und Annotation im europäischen Raum. Mit einem Netzwerk von über 250.000 Experten können wir die richtigen Köpfe in unterschiedlichen Bereichen für sämtliche Data-Labeling-Bedarfe stellen.</p>
<p>Unternehmen wie z.B. Mistral AI und mittelständische Firmen bis hin zu Konzernen arbeiten bereits mit uns im Rahmen ihrer KI-Vorhaben (Post- und Pre-Training von Modellen, Data Labeling anhand von Bildern, RLHF etc.) zusammen.</p>
<p>Wenn Sie ebenfalls Bedarfe in diesen Bereichen haben, würden wir uns freuen, wenn wir euch hier supporten könnten.</p>
<p>Ich freue mich auf den weiteren Austausch.</p>
<p>Viele Grüße<br>[Ihr Name]<br>PathWize</p>","hello@omnifact.ai"
"382","One Thousand","https://onethousand.ai/","Vielleicht","Tim R. Schleicher","hello@onethousand.ai","funktional","Intro KI Bundesverband - z.Hd. Tim Schleicher - Data Labeling und Annotation für Ihre KI Vorhaben","Hallo Herr Schleicher,","Hallo Herr Schleicher,

wir stehen eng mit dem KI Bundesverband im Austausch und haben dort die Info erhalten, dass wir uns mal bei euch melden sollen, da unser Experten-Netzwerk ggf. spannend für euch sein könnte.

Wir bei PathWize sind einer der führenden Anbieter für Data Labeling und Annotation im europäischen Raum. Mit einem Netzwerk von über 250.000 Experten können wir die richtigen Köpfe in unterschiedlichen Bereichen für sämtliche Data-Labeling-Bedarfe stellen.

Unternehmen wie z.B. Mistral AI und mittelständische Firmen bis hin zu Konzernen arbeiten bereits mit uns im Rahmen ihrer KI-Vorhaben (Post- und Pre-Training von Modellen, Data Labeling anhand von Bildern, RLHF etc.) zusammen.

Wenn Sie ebenfalls Bedarfe in diesen Bereichen haben, würden wir uns freuen, wenn wir euch hier supporten könnten.

Ich freue mich auf den weiteren Austausch.

Viele Grüße
[Ihr Name]
PathWize","<p>Hallo Herr Schleicher,</p>
<p>wir stehen eng mit dem KI Bundesverband im Austausch und haben dort die Info erhalten, dass wir uns mal bei euch melden sollen, da unser Experten-Netzwerk ggf. spannend für euch sein könnte.</p>
<p>Wir bei <a href=""https://www.gopathwize.com"">PathWize</a> sind einer der führenden Anbieter für Data Labeling und Annotation im europäischen Raum. Mit einem Netzwerk von über 250.000 Experten können wir die richtigen Köpfe in unterschiedlichen Bereichen für sämtliche Data-Labeling-Bedarfe stellen.</p>
<p>Unternehmen wie z.B. Mistral AI und mittelständische Firmen bis hin zu Konzernen arbeiten bereits mit uns im Rahmen ihrer KI-Vorhaben (Post- und Pre-Training von Modellen, Data Labeling anhand von Bildern, RLHF etc.) zusammen.</p>
<p>Wenn Sie ebenfalls Bedarfe in diesen Bereichen haben, würden wir uns freuen, wenn wir euch hier supporten könnten.</p>
<p>Ich freue mich auf den weiteren Austausch.</p>
<p>Viele Grüße<br>[Ihr Name]<br>PathWize</p>","hello@onethousand.ai"
"383","Onsai","https://www.onsei.de/","Ja","Jochen Sebastian Emig","","keine Mail gefunden","Intro KI Bundesverband - z.Hd. Jochen Emig - Data Labeling und Annotation für Ihre KI Vorhaben","Hallo Herr Emig,","Hallo Herr Emig,

wir stehen eng mit dem KI Bundesverband im Austausch und haben dort die Info erhalten, dass wir uns mal bei euch melden sollen, da unser Experten-Netzwerk ggf. spannend für euch sein könnte.

Wir bei PathWize sind einer der führenden Anbieter für Data Labeling und Annotation im europäischen Raum. Mit einem Netzwerk von über 250.000 Experten können wir die richtigen Köpfe in unterschiedlichen Bereichen für sämtliche Data-Labeling-Bedarfe stellen.

Unternehmen wie z.B. Mistral AI und mittelständische Firmen bis hin zu Konzernen arbeiten bereits mit uns im Rahmen ihrer KI-Vorhaben (Post- und Pre-Training von Modellen, Data Labeling anhand von Bildern, RLHF etc.) zusammen.

Wenn Sie ebenfalls Bedarfe in diesen Bereichen haben, würden wir uns freuen, wenn wir euch hier supporten könnten.

Ich freue mich auf den weiteren Austausch.

Viele Grüße
[Ihr Name]
PathWize","<p>Hallo Herr Emig,</p>
<p>wir stehen eng mit dem KI Bundesverband im Austausch und haben dort die Info erhalten, dass wir uns mal bei euch melden sollen, da unser Experten-Netzwerk ggf. spannend für euch sein könnte.</p>
<p>Wir bei <a href=""https://www.gopathwize.com"">PathWize</a> sind einer der führenden Anbieter für Data Labeling und Annotation im europäischen Raum. Mit einem Netzwerk von über 250.000 Experten können wir die richtigen Köpfe in unterschiedlichen Bereichen für sämtliche Data-Labeling-Bedarfe stellen.</p>
<p>Unternehmen wie z.B. Mistral AI und mittelständische Firmen bis hin zu Konzernen arbeiten bereits mit uns im Rahmen ihrer KI-Vorhaben (Post- und Pre-Training von Modellen, Data Labeling anhand von Bildern, RLHF etc.) zusammen.</p>
<p>Wenn Sie ebenfalls Bedarfe in diesen Bereichen haben, würden wir uns freuen, wenn wir euch hier supporten könnten.</p>
<p>Ich freue mich auf den weiteren Austausch.</p>
<p>Viele Grüße<br>[Ihr Name]<br>PathWize</p>",""
"384","OofOne GmbH","https://oofone.de/","Vielleicht","Alexander Seidmann","info@oofone.de","funktional","Intro KI Bundesverband - z.Hd. Alexander Seidmann - Data Labeling und Annotation für Ihre KI Vorhaben","Hallo Herr Seidmann,","Hallo Herr Seidmann,

wir stehen eng mit dem KI Bundesverband im Austausch und haben dort die Info erhalten, dass wir uns mal bei euch melden sollen, da unser Experten-Netzwerk ggf. spannend für euch sein könnte.

Wir bei PathWize sind einer der führenden Anbieter für Data Labeling und Annotation im europäischen Raum. Mit einem Netzwerk von über 250.000 Experten können wir die richtigen Köpfe in unterschiedlichen Bereichen für sämtliche Data-Labeling-Bedarfe stellen.

Unternehmen wie z.B. Mistral AI und mittelständische Firmen bis hin zu Konzernen arbeiten bereits mit uns im Rahmen ihrer KI-Vorhaben (Post- und Pre-Training von Modellen, Data Labeling anhand von Bildern, RLHF etc.) zusammen.

Wenn Sie ebenfalls Bedarfe in diesen Bereichen haben, würden wir uns freuen, wenn wir euch hier supporten könnten.

Ich freue mich auf den weiteren Austausch.

Viele Grüße
[Ihr Name]
PathWize","<p>Hallo Herr Seidmann,</p>
<p>wir stehen eng mit dem KI Bundesverband im Austausch und haben dort die Info erhalten, dass wir uns mal bei euch melden sollen, da unser Experten-Netzwerk ggf. spannend für euch sein könnte.</p>
<p>Wir bei <a href=""https://www.gopathwize.com"">PathWize</a> sind einer der führenden Anbieter für Data Labeling und Annotation im europäischen Raum. Mit einem Netzwerk von über 250.000 Experten können wir die richtigen Köpfe in unterschiedlichen Bereichen für sämtliche Data-Labeling-Bedarfe stellen.</p>
<p>Unternehmen wie z.B. Mistral AI und mittelständische Firmen bis hin zu Konzernen arbeiten bereits mit uns im Rahmen ihrer KI-Vorhaben (Post- und Pre-Training von Modellen, Data Labeling anhand von Bildern, RLHF etc.) zusammen.</p>
<p>Wenn Sie ebenfalls Bedarfe in diesen Bereichen haben, würden wir uns freuen, wenn wir euch hier supporten könnten.</p>
<p>Ich freue mich auf den weiteren Austausch.</p>
<p>Viele Grüße<br>[Ihr Name]<br>PathWize</p>","info@oofone.de; hello@oofone.de"
"386","OSPHIM GmbH","https://osphim.com/","Ja","Louisa Desel, Yannik Lockner","info@osphim.com","funktional","Intro KI Bundesverband - z.Hd. Louisa Desel - Data Labeling und Annotation für Ihre KI Vorhaben","Hallo Frau Desel,","Hallo Frau Desel,

wir stehen eng mit dem KI Bundesverband im Austausch und haben dort die Info erhalten, dass wir uns mal bei euch melden sollen, da unser Experten-Netzwerk ggf. spannend für euch sein könnte.

Wir bei PathWize sind einer der führenden Anbieter für Data Labeling und Annotation im europäischen Raum. Mit einem Netzwerk von über 250.000 Experten können wir die richtigen Köpfe in unterschiedlichen Bereichen für sämtliche Data-Labeling-Bedarfe stellen.

Unternehmen wie z.B. Mistral AI und mittelständische Firmen bis hin zu Konzernen arbeiten bereits mit uns im Rahmen ihrer KI-Vorhaben (Post- und Pre-Training von Modellen, Data Labeling anhand von Bildern, RLHF etc.) zusammen.

Wenn Sie ebenfalls Bedarfe in diesen Bereichen haben, würden wir uns freuen, wenn wir euch hier supporten könnten.

Ich freue mich auf den weiteren Austausch.

Viele Grüße
[Ihr Name]
PathWize","<p>Hallo Frau Desel,</p>
<p>wir stehen eng mit dem KI Bundesverband im Austausch und haben dort die Info erhalten, dass wir uns mal bei euch melden sollen, da unser Experten-Netzwerk ggf. spannend für euch sein könnte.</p>
<p>Wir bei <a href=""https://www.gopathwize.com"">PathWize</a> sind einer der führenden Anbieter für Data Labeling und Annotation im europäischen Raum. Mit einem Netzwerk von über 250.000 Experten können wir die richtigen Köpfe in unterschiedlichen Bereichen für sämtliche Data-Labeling-Bedarfe stellen.</p>
<p>Unternehmen wie z.B. Mistral AI und mittelständische Firmen bis hin zu Konzernen arbeiten bereits mit uns im Rahmen ihrer KI-Vorhaben (Post- und Pre-Training von Modellen, Data Labeling anhand von Bildern, RLHF etc.) zusammen.</p>
<p>Wenn Sie ebenfalls Bedarfe in diesen Bereichen haben, würden wir uns freuen, wenn wir euch hier supporten könnten.</p>
<p>Ich freue mich auf den weiteren Austausch.</p>
<p>Viele Grüße<br>[Ihr Name]<br>PathWize</p>","info@osphim.com"
"387","OTEA Digital","https://otea.digital/","Vielleicht","Jan Hendrik Plueer","hallo@otea.digital","funktional","Intro KI Bundesverband - z.Hd. Jan Plueer - Data Labeling und Annotation für Ihre KI Vorhaben","Hallo Herr Plueer,","Hallo Herr Plueer,

wir stehen eng mit dem KI Bundesverband im Austausch und haben dort die Info erhalten, dass wir uns mal bei euch melden sollen, da unser Experten-Netzwerk ggf. spannend für euch sein könnte.

Wir bei PathWize sind einer der führenden Anbieter für Data Labeling und Annotation im europäischen Raum. Mit einem Netzwerk von über 250.000 Experten können wir die richtigen Köpfe in unterschiedlichen Bereichen für sämtliche Data-Labeling-Bedarfe stellen.

Unternehmen wie z.B. Mistral AI und mittelständische Firmen bis hin zu Konzernen arbeiten bereits mit uns im Rahmen ihrer KI-Vorhaben (Post- und Pre-Training von Modellen, Data Labeling anhand von Bildern, RLHF etc.) zusammen.

Wenn Sie ebenfalls Bedarfe in diesen Bereichen haben, würden wir uns freuen, wenn wir euch hier supporten könnten.

Ich freue mich auf den weiteren Austausch.

Viele Grüße
[Ihr Name]
PathWize","<p>Hallo Herr Plueer,</p>
<p>wir stehen eng mit dem KI Bundesverband im Austausch und haben dort die Info erhalten, dass wir uns mal bei euch melden sollen, da unser Experten-Netzwerk ggf. spannend für euch sein könnte.</p>
<p>Wir bei <a href=""https://www.gopathwize.com"">PathWize</a> sind einer der führenden Anbieter für Data Labeling und Annotation im europäischen Raum. Mit einem Netzwerk von über 250.000 Experten können wir die richtigen Köpfe in unterschiedlichen Bereichen für sämtliche Data-Labeling-Bedarfe stellen.</p>
<p>Unternehmen wie z.B. Mistral AI und mittelständische Firmen bis hin zu Konzernen arbeiten bereits mit uns im Rahmen ihrer KI-Vorhaben (Post- und Pre-Training von Modellen, Data Labeling anhand von Bildern, RLHF etc.) zusammen.</p>
<p>Wenn Sie ebenfalls Bedarfe in diesen Bereichen haben, würden wir uns freuen, wenn wir euch hier supporten könnten.</p>
<p>Ich freue mich auf den weiteren Austausch.</p>
<p>Viele Grüße<br>[Ihr Name]<br>PathWize</p>","admin@otea.digital; hallo@otea.digital"
"388","Overfly GmbH","https://www.overf.ly/","Vielleicht","Christian Kloetzer, Cedric Deege","info@overf.ly","funktional","Intro KI Bundesverband - z.Hd. Christian Kloetzer - Data Labeling und Annotation für Ihre KI Vorhaben","Hallo Herr Kloetzer,","Hallo Herr Kloetzer,

wir stehen eng mit dem KI Bundesverband im Austausch und haben dort die Info erhalten, dass wir uns mal bei euch melden sollen, da unser Experten-Netzwerk ggf. spannend für euch sein könnte.

Wir bei PathWize sind einer der führenden Anbieter für Data Labeling und Annotation im europäischen Raum. Mit einem Netzwerk von über 250.000 Experten können wir die richtigen Köpfe in unterschiedlichen Bereichen für sämtliche Data-Labeling-Bedarfe stellen.

Unternehmen wie z.B. Mistral AI und mittelständische Firmen bis hin zu Konzernen arbeiten bereits mit uns im Rahmen ihrer KI-Vorhaben (Post- und Pre-Training von Modellen, Data Labeling anhand von Bildern, RLHF etc.) zusammen.

Wenn Sie ebenfalls Bedarfe in diesen Bereichen haben, würden wir uns freuen, wenn wir euch hier supporten könnten.

Ich freue mich auf den weiteren Austausch.

Viele Grüße
[Ihr Name]
PathWize","<p>Hallo Herr Kloetzer,</p>
<p>wir stehen eng mit dem KI Bundesverband im Austausch und haben dort die Info erhalten, dass wir uns mal bei euch melden sollen, da unser Experten-Netzwerk ggf. spannend für euch sein könnte.</p>
<p>Wir bei <a href=""https://www.gopathwize.com"">PathWize</a> sind einer der führenden Anbieter für Data Labeling und Annotation im europäischen Raum. Mit einem Netzwerk von über 250.000 Experten können wir die richtigen Köpfe in unterschiedlichen Bereichen für sämtliche Data-Labeling-Bedarfe stellen.</p>
<p>Unternehmen wie z.B. Mistral AI und mittelständische Firmen bis hin zu Konzernen arbeiten bereits mit uns im Rahmen ihrer KI-Vorhaben (Post- und Pre-Training von Modellen, Data Labeling anhand von Bildern, RLHF etc.) zusammen.</p>
<p>Wenn Sie ebenfalls Bedarfe in diesen Bereichen haben, würden wir uns freuen, wenn wir euch hier supporten könnten.</p>
<p>Ich freue mich auf den weiteren Austausch.</p>
<p>Viele Grüße<br>[Ihr Name]<br>PathWize</p>","info@overf.ly"
"389","Oxolo GmbH","http://www.oxolo.com/","Ja","Heiko Hubertz","team@oxolo.com","funktional","Intro KI Bundesverband - z.Hd. Heiko Hubertz - Data Labeling und Annotation für Ihre KI Vorhaben","Hallo Herr Hubertz,","Hallo Herr Hubertz,

wir stehen eng mit dem KI Bundesverband im Austausch und haben dort die Info erhalten, dass wir uns mal bei euch melden sollen, da unser Experten-Netzwerk ggf. spannend für euch sein könnte.

Wir bei PathWize sind einer der führenden Anbieter für Data Labeling und Annotation im europäischen Raum. Mit einem Netzwerk von über 250.000 Experten können wir die richtigen Köpfe in unterschiedlichen Bereichen für sämtliche Data-Labeling-Bedarfe stellen.

Unternehmen wie z.B. Mistral AI und mittelständische Firmen bis hin zu Konzernen arbeiten bereits mit uns im Rahmen ihrer KI-Vorhaben (Post- und Pre-Training von Modellen, Data Labeling anhand von Bildern, RLHF etc.) zusammen.

Wenn Sie ebenfalls Bedarfe in diesen Bereichen haben, würden wir uns freuen, wenn wir euch hier supporten könnten.

Ich freue mich auf den weiteren Austausch.

Viele Grüße
[Ihr Name]
PathWize","<p>Hallo Herr Hubertz,</p>
<p>wir stehen eng mit dem KI Bundesverband im Austausch und haben dort die Info erhalten, dass wir uns mal bei euch melden sollen, da unser Experten-Netzwerk ggf. spannend für euch sein könnte.</p>
<p>Wir bei <a href=""https://www.gopathwize.com"">PathWize</a> sind einer der führenden Anbieter für Data Labeling und Annotation im europäischen Raum. Mit einem Netzwerk von über 250.000 Experten können wir die richtigen Köpfe in unterschiedlichen Bereichen für sämtliche Data-Labeling-Bedarfe stellen.</p>
<p>Unternehmen wie z.B. Mistral AI und mittelständische Firmen bis hin zu Konzernen arbeiten bereits mit uns im Rahmen ihrer KI-Vorhaben (Post- und Pre-Training von Modellen, Data Labeling anhand von Bildern, RLHF etc.) zusammen.</p>
<p>Wenn Sie ebenfalls Bedarfe in diesen Bereichen haben, würden wir uns freuen, wenn wir euch hier supporten könnten.</p>
<p>Ich freue mich auf den weiteren Austausch.</p>
<p>Viele Grüße<br>[Ihr Name]<br>PathWize</p>","team@oxolo.com; gdpr@oxolo.com"
"390","P-CATION","https://p-cation.de/","Vielleicht","Gowshiga Natkunarajah","hello@p-cation.de","funktional","Intro KI Bundesverband - z.Hd. Gowshiga Natkunarajah - Data Labeling und Annotation für Ihre KI Vorhaben","Hallo Gowshiga Natkunarajah,","Hallo Gowshiga Natkunarajah,

wir stehen eng mit dem KI Bundesverband im Austausch und haben dort die Info erhalten, dass wir uns mal bei euch melden sollen, da unser Experten-Netzwerk ggf. spannend für euch sein könnte.

Wir bei PathWize sind einer der führenden Anbieter für Data Labeling und Annotation im europäischen Raum. Mit einem Netzwerk von über 250.000 Experten können wir die richtigen Köpfe in unterschiedlichen Bereichen für sämtliche Data-Labeling-Bedarfe stellen.

Unternehmen wie z.B. Mistral AI und mittelständische Firmen bis hin zu Konzernen arbeiten bereits mit uns im Rahmen ihrer KI-Vorhaben (Post- und Pre-Training von Modellen, Data Labeling anhand von Bildern, RLHF etc.) zusammen.

Wenn Sie ebenfalls Bedarfe in diesen Bereichen haben, würden wir uns freuen, wenn wir euch hier supporten könnten.

Ich freue mich auf den weiteren Austausch.

Viele Grüße
[Ihr Name]
PathWize","<p>Hallo Gowshiga Natkunarajah,</p>
<p>wir stehen eng mit dem KI Bundesverband im Austausch und haben dort die Info erhalten, dass wir uns mal bei euch melden sollen, da unser Experten-Netzwerk ggf. spannend für euch sein könnte.</p>
<p>Wir bei <a href=""https://www.gopathwize.com"">PathWize</a> sind einer der führenden Anbieter für Data Labeling und Annotation im europäischen Raum. Mit einem Netzwerk von über 250.000 Experten können wir die richtigen Köpfe in unterschiedlichen Bereichen für sämtliche Data-Labeling-Bedarfe stellen.</p>
<p>Unternehmen wie z.B. Mistral AI und mittelständische Firmen bis hin zu Konzernen arbeiten bereits mit uns im Rahmen ihrer KI-Vorhaben (Post- und Pre-Training von Modellen, Data Labeling anhand von Bildern, RLHF etc.) zusammen.</p>
<p>Wenn Sie ebenfalls Bedarfe in diesen Bereichen haben, würden wir uns freuen, wenn wir euch hier supporten könnten.</p>
<p>Ich freue mich auf den weiteren Austausch.</p>
<p>Viele Grüße<br>[Ihr Name]<br>PathWize</p>","hello@p-cation.de"
"391","pacemaker Solutions GmbH","https://pacemaker.ai/","Ja","Christian Jabs (Chairman), Dr. Christian Pixberg","impressum@pacemaker.ai","funktional (Mitarbeiter-Mail)","Intro KI Bundesverband - z.Hd. Christian Jabs - Data Labeling und Annotation für Ihre KI Vorhaben","Hallo Herr Jabs,","Hallo Herr Jabs,

wir stehen eng mit dem KI Bundesverband im Austausch und haben dort die Info erhalten, dass wir uns mal bei euch melden sollen, da unser Experten-Netzwerk ggf. spannend für euch sein könnte.

Wir bei PathWize sind einer der führenden Anbieter für Data Labeling und Annotation im europäischen Raum. Mit einem Netzwerk von über 250.000 Experten können wir die richtigen Köpfe in unterschiedlichen Bereichen für sämtliche Data-Labeling-Bedarfe stellen.

Unternehmen wie z.B. Mistral AI und mittelständische Firmen bis hin zu Konzernen arbeiten bereits mit uns im Rahmen ihrer KI-Vorhaben (Post- und Pre-Training von Modellen, Data Labeling anhand von Bildern, RLHF etc.) zusammen.

Wenn Sie ebenfalls Bedarfe in diesen Bereichen haben, würden wir uns freuen, wenn wir euch hier supporten könnten.

Ich freue mich auf den weiteren Austausch.

Viele Grüße
[Ihr Name]
PathWize","<p>Hallo Herr Jabs,</p>
<p>wir stehen eng mit dem KI Bundesverband im Austausch und haben dort die Info erhalten, dass wir uns mal bei euch melden sollen, da unser Experten-Netzwerk ggf. spannend für euch sein könnte.</p>
<p>Wir bei <a href=""https://www.gopathwize.com"">PathWize</a> sind einer der führenden Anbieter für Data Labeling und Annotation im europäischen Raum. Mit einem Netzwerk von über 250.000 Experten können wir die richtigen Köpfe in unterschiedlichen Bereichen für sämtliche Data-Labeling-Bedarfe stellen.</p>
<p>Unternehmen wie z.B. Mistral AI und mittelständische Firmen bis hin zu Konzernen arbeiten bereits mit uns im Rahmen ihrer KI-Vorhaben (Post- und Pre-Training von Modellen, Data Labeling anhand von Bildern, RLHF etc.) zusammen.</p>
<p>Wenn Sie ebenfalls Bedarfe in diesen Bereichen haben, würden wir uns freuen, wenn wir euch hier supporten könnten.</p>
<p>Ich freue mich auf den weiteren Austausch.</p>
<p>Viele Grüße<br>[Ihr Name]<br>PathWize</p>","impressum@pacemaker.ai"
"392","paiqo GmbH","https://paiqo.com/","Ja","Dr. Michael Baumann, Clemens Mueller, Markus Nemeth","contact@paiqo.com","funktional","Intro KI Bundesverband - z.Hd. Michael Baumann - Data Labeling und Annotation für Ihre KI Vorhaben","Hallo Herr Dr. Baumann,","Hallo Herr Dr. Baumann,

wir stehen eng mit dem KI Bundesverband im Austausch und haben dort die Info erhalten, dass wir uns mal bei euch melden sollen, da unser Experten-Netzwerk ggf. spannend für euch sein könnte.

Wir bei PathWize sind einer der führenden Anbieter für Data Labeling und Annotation im europäischen Raum. Mit einem Netzwerk von über 250.000 Experten können wir die richtigen Köpfe in unterschiedlichen Bereichen für sämtliche Data-Labeling-Bedarfe stellen.

Unternehmen wie z.B. Mistral AI und mittelständische Firmen bis hin zu Konzernen arbeiten bereits mit uns im Rahmen ihrer KI-Vorhaben (Post- und Pre-Training von Modellen, Data Labeling anhand von Bildern, RLHF etc.) zusammen.

Wenn Sie ebenfalls Bedarfe in diesen Bereichen haben, würden wir uns freuen, wenn wir euch hier supporten könnten.

Ich freue mich auf den weiteren Austausch.

Viele Grüße
[Ihr Name]
PathWize","<p>Hallo Herr Dr. Baumann,</p>
<p>wir stehen eng mit dem KI Bundesverband im Austausch und haben dort die Info erhalten, dass wir uns mal bei euch melden sollen, da unser Experten-Netzwerk ggf. spannend für euch sein könnte.</p>
<p>Wir bei <a href=""https://www.gopathwize.com"">PathWize</a> sind einer der führenden Anbieter für Data Labeling und Annotation im europäischen Raum. Mit einem Netzwerk von über 250.000 Experten können wir die richtigen Köpfe in unterschiedlichen Bereichen für sämtliche Data-Labeling-Bedarfe stellen.</p>
<p>Unternehmen wie z.B. Mistral AI und mittelständische Firmen bis hin zu Konzernen arbeiten bereits mit uns im Rahmen ihrer KI-Vorhaben (Post- und Pre-Training von Modellen, Data Labeling anhand von Bildern, RLHF etc.) zusammen.</p>
<p>Wenn Sie ebenfalls Bedarfe in diesen Bereichen haben, würden wir uns freuen, wenn wir euch hier supporten könnten.</p>
<p>Ich freue mich auf den weiteren Austausch.</p>
<p>Viele Grüße<br>[Ihr Name]<br>PathWize</p>","contact@paiqo.com"
"393","Palatin Intelligent Solutions GmbH","https://www.palatin.ai/","Ja","Juergen Philipp Bruns, Bjoern Groenewold","info@palatin.ai","funktional","Intro KI Bundesverband - z.Hd. Juergen Bruns - Data Labeling und Annotation für Ihre KI Vorhaben","Hallo Herr Bruns,","Hallo Herr Bruns,

wir stehen eng mit dem KI Bundesverband im Austausch und haben dort die Info erhalten, dass wir uns mal bei euch melden sollen, da unser Experten-Netzwerk ggf. spannend für euch sein könnte.

Wir bei PathWize sind einer der führenden Anbieter für Data Labeling und Annotation im europäischen Raum. Mit einem Netzwerk von über 250.000 Experten können wir die richtigen Köpfe in unterschiedlichen Bereichen für sämtliche Data-Labeling-Bedarfe stellen.

Unternehmen wie z.B. Mistral AI und mittelständische Firmen bis hin zu Konzernen arbeiten bereits mit uns im Rahmen ihrer KI-Vorhaben (Post- und Pre-Training von Modellen, Data Labeling anhand von Bildern, RLHF etc.) zusammen.

Wenn Sie ebenfalls Bedarfe in diesen Bereichen haben, würden wir uns freuen, wenn wir euch hier supporten könnten.

Ich freue mich auf den weiteren Austausch.

Viele Grüße
[Ihr Name]
PathWize","<p>Hallo Herr Bruns,</p>
<p>wir stehen eng mit dem KI Bundesverband im Austausch und haben dort die Info erhalten, dass wir uns mal bei euch melden sollen, da unser Experten-Netzwerk ggf. spannend für euch sein könnte.</p>
<p>Wir bei <a href=""https://www.gopathwize.com"">PathWize</a> sind einer der führenden Anbieter für Data Labeling und Annotation im europäischen Raum. Mit einem Netzwerk von über 250.000 Experten können wir die richtigen Köpfe in unterschiedlichen Bereichen für sämtliche Data-Labeling-Bedarfe stellen.</p>
<p>Unternehmen wie z.B. Mistral AI und mittelständische Firmen bis hin zu Konzernen arbeiten bereits mit uns im Rahmen ihrer KI-Vorhaben (Post- und Pre-Training von Modellen, Data Labeling anhand von Bildern, RLHF etc.) zusammen.</p>
<p>Wenn Sie ebenfalls Bedarfe in diesen Bereichen haben, würden wir uns freuen, wenn wir euch hier supporten könnten.</p>
<p>Ich freue mich auf den weiteren Austausch.</p>
<p>Viele Grüße<br>[Ihr Name]<br>PathWize</p>","info@palatin.ai"
"394","Panos AI GmbH","https://panos.ai/","Vielleicht","Frank Spangenberg","legal@panos.ai","funktional (Mitarbeiter-Mail)","Intro KI Bundesverband - z.Hd. Frank Spangenberg - Data Labeling und Annotation für Ihre KI Vorhaben","Hallo Herr Spangenberg,","Hallo Herr Spangenberg,

wir stehen eng mit dem KI Bundesverband im Austausch und haben dort die Info erhalten, dass wir uns mal bei euch melden sollen, da unser Experten-Netzwerk ggf. spannend für euch sein könnte.

Wir bei PathWize sind einer der führenden Anbieter für Data Labeling und Annotation im europäischen Raum. Mit einem Netzwerk von über 250.000 Experten können wir die richtigen Köpfe in unterschiedlichen Bereichen für sämtliche Data-Labeling-Bedarfe stellen.

Unternehmen wie z.B. Mistral AI und mittelständische Firmen bis hin zu Konzernen arbeiten bereits mit uns im Rahmen ihrer KI-Vorhaben (Post- und Pre-Training von Modellen, Data Labeling anhand von Bildern, RLHF etc.) zusammen.

Wenn Sie ebenfalls Bedarfe in diesen Bereichen haben, würden wir uns freuen, wenn wir euch hier supporten könnten.

Ich freue mich auf den weiteren Austausch.

Viele Grüße
[Ihr Name]
PathWize","<p>Hallo Herr Spangenberg,</p>
<p>wir stehen eng mit dem KI Bundesverband im Austausch und haben dort die Info erhalten, dass wir uns mal bei euch melden sollen, da unser Experten-Netzwerk ggf. spannend für euch sein könnte.</p>
<p>Wir bei <a href=""https://www.gopathwize.com"">PathWize</a> sind einer der führenden Anbieter für Data Labeling und Annotation im europäischen Raum. Mit einem Netzwerk von über 250.000 Experten können wir die richtigen Köpfe in unterschiedlichen Bereichen für sämtliche Data-Labeling-Bedarfe stellen.</p>
<p>Unternehmen wie z.B. Mistral AI und mittelständische Firmen bis hin zu Konzernen arbeiten bereits mit uns im Rahmen ihrer KI-Vorhaben (Post- und Pre-Training von Modellen, Data Labeling anhand von Bildern, RLHF etc.) zusammen.</p>
<p>Wenn Sie ebenfalls Bedarfe in diesen Bereichen haben, würden wir uns freuen, wenn wir euch hier supporten könnten.</p>
<p>Ich freue mich auf den weiteren Austausch.</p>
<p>Viele Grüße<br>[Ihr Name]<br>PathWize</p>","legal@panos.ai"
"395","Paradatec GmbH","https://www.paradatec.de/","Ja","","kontakt@paradatec.de","funktional","Intro KI Bundesverband - Data Labeling und Annotation für Ihre KI Vorhaben","Guten Tag,","Guten Tag,

wir stehen eng mit dem KI Bundesverband im Austausch und haben dort die Info erhalten, dass wir uns mal bei euch melden sollen, da unser Experten-Netzwerk ggf. spannend für euch sein könnte.

Wir bei PathWize sind einer der führenden Anbieter für Data Labeling und Annotation im europäischen Raum. Mit einem Netzwerk von über 250.000 Experten können wir die richtigen Köpfe in unterschiedlichen Bereichen für sämtliche Data-Labeling-Bedarfe stellen.

Unternehmen wie z.B. Mistral AI und mittelständische Firmen bis hin zu Konzernen arbeiten bereits mit uns im Rahmen ihrer KI-Vorhaben (Post- und Pre-Training von Modellen, Data Labeling anhand von Bildern, RLHF etc.) zusammen.

Wenn Sie ebenfalls Bedarfe in diesen Bereichen haben, würden wir uns freuen, wenn wir euch hier supporten könnten.

Ich freue mich auf den weiteren Austausch.

Viele Grüße
[Ihr Name]
PathWize","<p>Guten Tag,</p>
<p>wir stehen eng mit dem KI Bundesverband im Austausch und haben dort die Info erhalten, dass wir uns mal bei euch melden sollen, da unser Experten-Netzwerk ggf. spannend für euch sein könnte.</p>
<p>Wir bei <a href=""https://www.gopathwize.com"">PathWize</a> sind einer der führenden Anbieter für Data Labeling und Annotation im europäischen Raum. Mit einem Netzwerk von über 250.000 Experten können wir die richtigen Köpfe in unterschiedlichen Bereichen für sämtliche Data-Labeling-Bedarfe stellen.</p>
<p>Unternehmen wie z.B. Mistral AI und mittelständische Firmen bis hin zu Konzernen arbeiten bereits mit uns im Rahmen ihrer KI-Vorhaben (Post- und Pre-Training von Modellen, Data Labeling anhand von Bildern, RLHF etc.) zusammen.</p>
<p>Wenn Sie ebenfalls Bedarfe in diesen Bereichen haben, würden wir uns freuen, wenn wir euch hier supporten könnten.</p>
<p>Ich freue mich auf den weiteren Austausch.</p>
<p>Viele Grüße<br>[Ihr Name]<br>PathWize</p>","kontakt@paradatec.de"
"396","paretos GmbH","https://www.paretos.com/","Ja","Fabian Rang, Thorsten Heilig","hello@paretos.com","funktional","Intro KI Bundesverband - z.Hd. Fabian Rang - Data Labeling und Annotation für Ihre KI Vorhaben","Hallo Herr Rang,","Hallo Herr Rang,

wir stehen eng mit dem KI Bundesverband im Austausch und haben dort die Info erhalten, dass wir uns mal bei euch melden sollen, da unser Experten-Netzwerk ggf. spannend für euch sein könnte.

Wir bei PathWize sind einer der führenden Anbieter für Data Labeling und Annotation im europäischen Raum. Mit einem Netzwerk von über 250.000 Experten können wir die richtigen Köpfe in unterschiedlichen Bereichen für sämtliche Data-Labeling-Bedarfe stellen.

Unternehmen wie z.B. Mistral AI und mittelständische Firmen bis hin zu Konzernen arbeiten bereits mit uns im Rahmen ihrer KI-Vorhaben (Post- und Pre-Training von Modellen, Data Labeling anhand von Bildern, RLHF etc.) zusammen.

Wenn Sie ebenfalls Bedarfe in diesen Bereichen haben, würden wir uns freuen, wenn wir euch hier supporten könnten.

Ich freue mich auf den weiteren Austausch.

Viele Grüße
[Ihr Name]
PathWize","<p>Hallo Herr Rang,</p>
<p>wir stehen eng mit dem KI Bundesverband im Austausch und haben dort die Info erhalten, dass wir uns mal bei euch melden sollen, da unser Experten-Netzwerk ggf. spannend für euch sein könnte.</p>
<p>Wir bei <a href=""https://www.gopathwize.com"">PathWize</a> sind einer der führenden Anbieter für Data Labeling und Annotation im europäischen Raum. Mit einem Netzwerk von über 250.000 Experten können wir die richtigen Köpfe in unterschiedlichen Bereichen für sämtliche Data-Labeling-Bedarfe stellen.</p>
<p>Unternehmen wie z.B. Mistral AI und mittelständische Firmen bis hin zu Konzernen arbeiten bereits mit uns im Rahmen ihrer KI-Vorhaben (Post- und Pre-Training von Modellen, Data Labeling anhand von Bildern, RLHF etc.) zusammen.</p>
<p>Wenn Sie ebenfalls Bedarfe in diesen Bereichen haben, würden wir uns freuen, wenn wir euch hier supporten könnten.</p>
<p>Ich freue mich auf den weiteren Austausch.</p>
<p>Viele Grüße<br>[Ihr Name]<br>PathWize</p>","hello@paretos.com"
"397","Parloa GmbH","https://www.parloa.com/","Ja","Malte Kosub","contact@parloa.com","funktional","Intro KI Bundesverband - z.Hd. Malte Kosub - Data Labeling und Annotation für Ihre KI Vorhaben","Hallo Herr Kosub,","Hallo Herr Kosub,

wir stehen eng mit dem KI Bundesverband im Austausch und haben dort die Info erhalten, dass wir uns mal bei euch melden sollen, da unser Experten-Netzwerk ggf. spannend für euch sein könnte.

Wir bei PathWize sind einer der führenden Anbieter für Data Labeling und Annotation im europäischen Raum. Mit einem Netzwerk von über 250.000 Experten können wir die richtigen Köpfe in unterschiedlichen Bereichen für sämtliche Data-Labeling-Bedarfe stellen.

Unternehmen wie z.B. Mistral AI und mittelständische Firmen bis hin zu Konzernen arbeiten bereits mit uns im Rahmen ihrer KI-Vorhaben (Post- und Pre-Training von Modellen, Data Labeling anhand von Bildern, RLHF etc.) zusammen.

Wenn Sie ebenfalls Bedarfe in diesen Bereichen haben, würden wir uns freuen, wenn wir euch hier supporten könnten.

Ich freue mich auf den weiteren Austausch.

Viele Grüße
[Ihr Name]
PathWize","<p>Hallo Herr Kosub,</p>
<p>wir stehen eng mit dem KI Bundesverband im Austausch und haben dort die Info erhalten, dass wir uns mal bei euch melden sollen, da unser Experten-Netzwerk ggf. spannend für euch sein könnte.</p>
<p>Wir bei <a href=""https://www.gopathwize.com"">PathWize</a> sind einer der führenden Anbieter für Data Labeling und Annotation im europäischen Raum. Mit einem Netzwerk von über 250.000 Experten können wir die richtigen Köpfe in unterschiedlichen Bereichen für sämtliche Data-Labeling-Bedarfe stellen.</p>
<p>Unternehmen wie z.B. Mistral AI und mittelständische Firmen bis hin zu Konzernen arbeiten bereits mit uns im Rahmen ihrer KI-Vorhaben (Post- und Pre-Training von Modellen, Data Labeling anhand von Bildern, RLHF etc.) zusammen.</p>
<p>Wenn Sie ebenfalls Bedarfe in diesen Bereichen haben, würden wir uns freuen, wenn wir euch hier supporten könnten.</p>
<p>Ich freue mich auf den weiteren Austausch.</p>
<p>Viele Grüße<br>[Ihr Name]<br>PathWize</p>","contact@parloa.com"
"398","patris.ai (Schipp & Sohn UG)","https://www.patris.ai/","Vielleicht","","","keine Mail gefunden","Intro KI Bundesverband - Data Labeling und Annotation für Ihre KI Vorhaben","Guten Tag,","Guten Tag,

wir stehen eng mit dem KI Bundesverband im Austausch und haben dort die Info erhalten, dass wir uns mal bei euch melden sollen, da unser Experten-Netzwerk ggf. spannend für euch sein könnte.

Wir bei PathWize sind einer der führenden Anbieter für Data Labeling und Annotation im europäischen Raum. Mit einem Netzwerk von über 250.000 Experten können wir die richtigen Köpfe in unterschiedlichen Bereichen für sämtliche Data-Labeling-Bedarfe stellen.

Unternehmen wie z.B. Mistral AI und mittelständische Firmen bis hin zu Konzernen arbeiten bereits mit uns im Rahmen ihrer KI-Vorhaben (Post- und Pre-Training von Modellen, Data Labeling anhand von Bildern, RLHF etc.) zusammen.

Wenn Sie ebenfalls Bedarfe in diesen Bereichen haben, würden wir uns freuen, wenn wir euch hier supporten könnten.

Ich freue mich auf den weiteren Austausch.

Viele Grüße
[Ihr Name]
PathWize","<p>Guten Tag,</p>
<p>wir stehen eng mit dem KI Bundesverband im Austausch und haben dort die Info erhalten, dass wir uns mal bei euch melden sollen, da unser Experten-Netzwerk ggf. spannend für euch sein könnte.</p>
<p>Wir bei <a href=""https://www.gopathwize.com"">PathWize</a> sind einer der führenden Anbieter für Data Labeling und Annotation im europäischen Raum. Mit einem Netzwerk von über 250.000 Experten können wir die richtigen Köpfe in unterschiedlichen Bereichen für sämtliche Data-Labeling-Bedarfe stellen.</p>
<p>Unternehmen wie z.B. Mistral AI und mittelständische Firmen bis hin zu Konzernen arbeiten bereits mit uns im Rahmen ihrer KI-Vorhaben (Post- und Pre-Training von Modellen, Data Labeling anhand von Bildern, RLHF etc.) zusammen.</p>
<p>Wenn Sie ebenfalls Bedarfe in diesen Bereichen haben, würden wir uns freuen, wenn wir euch hier supporten könnten.</p>
<p>Ich freue mich auf den weiteren Austausch.</p>
<p>Viele Grüße<br>[Ihr Name]<br>PathWize</p>",""
"400","Peregrine Technologies GmbH","https://www.peregrine.ai/","Ja","Dr. Steffen Heinrich, Jorit Schmelzle, Dr. Naja von Schmude","hello@peregrine.ai","funktional","Intro KI Bundesverband - z.Hd. Steffen Heinrich - Data Labeling und Annotation für Ihre KI Vorhaben","Hallo Herr Dr. Heinrich,","Hallo Herr Dr. Heinrich,

wir stehen eng mit dem KI Bundesverband im Austausch und haben dort die Info erhalten, dass wir uns mal bei euch melden sollen, da unser Experten-Netzwerk ggf. spannend für euch sein könnte.

Wir bei PathWize sind einer der führenden Anbieter für Data Labeling und Annotation im europäischen Raum. Mit einem Netzwerk von über 250.000 Experten können wir die richtigen Köpfe in unterschiedlichen Bereichen für sämtliche Data-Labeling-Bedarfe stellen.

Unternehmen wie z.B. Mistral AI und mittelständische Firmen bis hin zu Konzernen arbeiten bereits mit uns im Rahmen ihrer KI-Vorhaben (Post- und Pre-Training von Modellen, Data Labeling anhand von Bildern, RLHF etc.) zusammen.

Wenn Sie ebenfalls Bedarfe in diesen Bereichen haben, würden wir uns freuen, wenn wir euch hier supporten könnten.

Ich freue mich auf den weiteren Austausch.

Viele Grüße
[Ihr Name]
PathWize","<p>Hallo Herr Dr. Heinrich,</p>
<p>wir stehen eng mit dem KI Bundesverband im Austausch und haben dort die Info erhalten, dass wir uns mal bei euch melden sollen, da unser Experten-Netzwerk ggf. spannend für euch sein könnte.</p>
<p>Wir bei <a href=""https://www.gopathwize.com"">PathWize</a> sind einer der führenden Anbieter für Data Labeling und Annotation im europäischen Raum. Mit einem Netzwerk von über 250.000 Experten können wir die richtigen Köpfe in unterschiedlichen Bereichen für sämtliche Data-Labeling-Bedarfe stellen.</p>
<p>Unternehmen wie z.B. Mistral AI und mittelständische Firmen bis hin zu Konzernen arbeiten bereits mit uns im Rahmen ihrer KI-Vorhaben (Post- und Pre-Training von Modellen, Data Labeling anhand von Bildern, RLHF etc.) zusammen.</p>
<p>Wenn Sie ebenfalls Bedarfe in diesen Bereichen haben, würden wir uns freuen, wenn wir euch hier supporten könnten.</p>
<p>Ich freue mich auf den weiteren Austausch.</p>
<p>Viele Grüße<br>[Ihr Name]<br>PathWize</p>","hello@peregrine.ai"
"401","Perelyn GmbH","https://www.yellowshift.eu/","Vielleicht","","","keine Mail gefunden","Intro KI Bundesverband - Data Labeling und Annotation für Ihre KI Vorhaben","Guten Tag,","Guten Tag,

wir stehen eng mit dem KI Bundesverband im Austausch und haben dort die Info erhalten, dass wir uns mal bei euch melden sollen, da unser Experten-Netzwerk ggf. spannend für euch sein könnte.

Wir bei PathWize sind einer der führenden Anbieter für Data Labeling und Annotation im europäischen Raum. Mit einem Netzwerk von über 250.000 Experten können wir die richtigen Köpfe in unterschiedlichen Bereichen für sämtliche Data-Labeling-Bedarfe stellen.

Unternehmen wie z.B. Mistral AI und mittelständische Firmen bis hin zu Konzernen arbeiten bereits mit uns im Rahmen ihrer KI-Vorhaben (Post- und Pre-Training von Modellen, Data Labeling anhand von Bildern, RLHF etc.) zusammen.

Wenn Sie ebenfalls Bedarfe in diesen Bereichen haben, würden wir uns freuen, wenn wir euch hier supporten könnten.

Ich freue mich auf den weiteren Austausch.

Viele Grüße
[Ihr Name]
PathWize","<p>Guten Tag,</p>
<p>wir stehen eng mit dem KI Bundesverband im Austausch und haben dort die Info erhalten, dass wir uns mal bei euch melden sollen, da unser Experten-Netzwerk ggf. spannend für euch sein könnte.</p>
<p>Wir bei <a href=""https://www.gopathwize.com"">PathWize</a> sind einer der führenden Anbieter für Data Labeling und Annotation im europäischen Raum. Mit einem Netzwerk von über 250.000 Experten können wir die richtigen Köpfe in unterschiedlichen Bereichen für sämtliche Data-Labeling-Bedarfe stellen.</p>
<p>Unternehmen wie z.B. Mistral AI und mittelständische Firmen bis hin zu Konzernen arbeiten bereits mit uns im Rahmen ihrer KI-Vorhaben (Post- und Pre-Training von Modellen, Data Labeling anhand von Bildern, RLHF etc.) zusammen.</p>
<p>Wenn Sie ebenfalls Bedarfe in diesen Bereichen haben, würden wir uns freuen, wenn wir euch hier supporten könnten.</p>
<p>Ich freue mich auf den weiteren Austausch.</p>
<p>Viele Grüße<br>[Ihr Name]<br>PathWize</p>",""
"402","Phantasma Labs","https://phantasma.global/","Ja","Ramakrishna Nanjundaiah (Director)","sales@phantasma.global","funktional","Intro KI Bundesverband - z.Hd. Ramakrishna Nanjundaiah - Data Labeling und Annotation für Ihre KI Vorhaben","Hallo Herr Nanjundaiah,","Hallo Herr Nanjundaiah,

wir stehen eng mit dem KI Bundesverband im Austausch und haben dort die Info erhalten, dass wir uns mal bei euch melden sollen, da unser Experten-Netzwerk ggf. spannend für euch sein könnte.

Wir bei PathWize sind einer der führenden Anbieter für Data Labeling und Annotation im europäischen Raum. Mit einem Netzwerk von über 250.000 Experten können wir die richtigen Köpfe in unterschiedlichen Bereichen für sämtliche Data-Labeling-Bedarfe stellen.

Unternehmen wie z.B. Mistral AI und mittelständische Firmen bis hin zu Konzernen arbeiten bereits mit uns im Rahmen ihrer KI-Vorhaben (Post- und Pre-Training von Modellen, Data Labeling anhand von Bildern, RLHF etc.) zusammen.

Wenn Sie ebenfalls Bedarfe in diesen Bereichen haben, würden wir uns freuen, wenn wir euch hier supporten könnten.

Ich freue mich auf den weiteren Austausch.

Viele Grüße
[Ihr Name]
PathWize","<p>Hallo Herr Nanjundaiah,</p>
<p>wir stehen eng mit dem KI Bundesverband im Austausch und haben dort die Info erhalten, dass wir uns mal bei euch melden sollen, da unser Experten-Netzwerk ggf. spannend für euch sein könnte.</p>
<p>Wir bei <a href=""https://www.gopathwize.com"">PathWize</a> sind einer der führenden Anbieter für Data Labeling und Annotation im europäischen Raum. Mit einem Netzwerk von über 250.000 Experten können wir die richtigen Köpfe in unterschiedlichen Bereichen für sämtliche Data-Labeling-Bedarfe stellen.</p>
<p>Unternehmen wie z.B. Mistral AI und mittelständische Firmen bis hin zu Konzernen arbeiten bereits mit uns im Rahmen ihrer KI-Vorhaben (Post- und Pre-Training von Modellen, Data Labeling anhand von Bildern, RLHF etc.) zusammen.</p>
<p>Wenn Sie ebenfalls Bedarfe in diesen Bereichen haben, würden wir uns freuen, wenn wir euch hier supporten könnten.</p>
<p>Ich freue mich auf den weiteren Austausch.</p>
<p>Viele Grüße<br>[Ihr Name]<br>PathWize</p>","sales@phantasma.global"
"403","Phnx Alpha GmbH","https://phnxalpha.de/","Vielleicht","Jens-Michael Ruppelt & Konstanze Olschewski","info@phnxalpha.de","funktional","Intro KI Bundesverband - z.Hd. Jens-Michael Ruppelt - Data Labeling und Annotation für Ihre KI Vorhaben","Hallo Herr Ruppelt,","Hallo Herr Ruppelt,

wir stehen eng mit dem KI Bundesverband im Austausch und haben dort die Info erhalten, dass wir uns mal bei euch melden sollen, da unser Experten-Netzwerk ggf. spannend für euch sein könnte.

Wir bei PathWize sind einer der führenden Anbieter für Data Labeling und Annotation im europäischen Raum. Mit einem Netzwerk von über 250.000 Experten können wir die richtigen Köpfe in unterschiedlichen Bereichen für sämtliche Data-Labeling-Bedarfe stellen.

Unternehmen wie z.B. Mistral AI und mittelständische Firmen bis hin zu Konzernen arbeiten bereits mit uns im Rahmen ihrer KI-Vorhaben (Post- und Pre-Training von Modellen, Data Labeling anhand von Bildern, RLHF etc.) zusammen.

Wenn Sie ebenfalls Bedarfe in diesen Bereichen haben, würden wir uns freuen, wenn wir euch hier supporten könnten.

Ich freue mich auf den weiteren Austausch.

Viele Grüße
[Ihr Name]
PathWize","<p>Hallo Herr Ruppelt,</p>
<p>wir stehen eng mit dem KI Bundesverband im Austausch und haben dort die Info erhalten, dass wir uns mal bei euch melden sollen, da unser Experten-Netzwerk ggf. spannend für euch sein könnte.</p>
<p>Wir bei <a href=""https://www.gopathwize.com"">PathWize</a> sind einer der führenden Anbieter für Data Labeling und Annotation im europäischen Raum. Mit einem Netzwerk von über 250.000 Experten können wir die richtigen Köpfe in unterschiedlichen Bereichen für sämtliche Data-Labeling-Bedarfe stellen.</p>
<p>Unternehmen wie z.B. Mistral AI und mittelständische Firmen bis hin zu Konzernen arbeiten bereits mit uns im Rahmen ihrer KI-Vorhaben (Post- und Pre-Training von Modellen, Data Labeling anhand von Bildern, RLHF etc.) zusammen.</p>
<p>Wenn Sie ebenfalls Bedarfe in diesen Bereichen haben, würden wir uns freuen, wenn wir euch hier supporten könnten.</p>
<p>Ich freue mich auf den weiteren Austausch.</p>
<p>Viele Grüße<br>[Ihr Name]<br>PathWize</p>","info@phnxalpha.de; contact@phnxalpha.de"
"404","Photonic Insights UG","https://www.photonicinsights.com/","Ja","","","keine Mail gefunden","Intro KI Bundesverband - Data Labeling und Annotation für Ihre KI Vorhaben","Guten Tag,","Guten Tag,

wir stehen eng mit dem KI Bundesverband im Austausch und haben dort die Info erhalten, dass wir uns mal bei euch melden sollen, da unser Experten-Netzwerk ggf. spannend für euch sein könnte.

Wir bei PathWize sind einer der führenden Anbieter für Data Labeling und Annotation im europäischen Raum. Mit einem Netzwerk von über 250.000 Experten können wir die richtigen Köpfe in unterschiedlichen Bereichen für sämtliche Data-Labeling-Bedarfe stellen.

Unternehmen wie z.B. Mistral AI und mittelständische Firmen bis hin zu Konzernen arbeiten bereits mit uns im Rahmen ihrer KI-Vorhaben (Post- und Pre-Training von Modellen, Data Labeling anhand von Bildern, RLHF etc.) zusammen.

Wenn Sie ebenfalls Bedarfe in diesen Bereichen haben, würden wir uns freuen, wenn wir euch hier supporten könnten.

Ich freue mich auf den weiteren Austausch.

Viele Grüße
[Ihr Name]
PathWize","<p>Guten Tag,</p>
<p>wir stehen eng mit dem KI Bundesverband im Austausch und haben dort die Info erhalten, dass wir uns mal bei euch melden sollen, da unser Experten-Netzwerk ggf. spannend für euch sein könnte.</p>
<p>Wir bei <a href=""https://www.gopathwize.com"">PathWize</a> sind einer der führenden Anbieter für Data Labeling und Annotation im europäischen Raum. Mit einem Netzwerk von über 250.000 Experten können wir die richtigen Köpfe in unterschiedlichen Bereichen für sämtliche Data-Labeling-Bedarfe stellen.</p>
<p>Unternehmen wie z.B. Mistral AI und mittelständische Firmen bis hin zu Konzernen arbeiten bereits mit uns im Rahmen ihrer KI-Vorhaben (Post- und Pre-Training von Modellen, Data Labeling anhand von Bildern, RLHF etc.) zusammen.</p>
<p>Wenn Sie ebenfalls Bedarfe in diesen Bereichen haben, würden wir uns freuen, wenn wir euch hier supporten könnten.</p>
<p>Ich freue mich auf den weiteren Austausch.</p>
<p>Viele Grüße<br>[Ihr Name]<br>PathWize</p>",""
"405","Picalike GmbH","https://www.picalike.com/","Ja","","","keine Mail gefunden","Intro KI Bundesverband - Data Labeling und Annotation für Ihre KI Vorhaben","Guten Tag,","Guten Tag,

wir stehen eng mit dem KI Bundesverband im Austausch und haben dort die Info erhalten, dass wir uns mal bei euch melden sollen, da unser Experten-Netzwerk ggf. spannend für euch sein könnte.

Wir bei PathWize sind einer der führenden Anbieter für Data Labeling und Annotation im europäischen Raum. Mit einem Netzwerk von über 250.000 Experten können wir die richtigen Köpfe in unterschiedlichen Bereichen für sämtliche Data-Labeling-Bedarfe stellen.

Unternehmen wie z.B. Mistral AI und mittelständische Firmen bis hin zu Konzernen arbeiten bereits mit uns im Rahmen ihrer KI-Vorhaben (Post- und Pre-Training von Modellen, Data Labeling anhand von Bildern, RLHF etc.) zusammen.

Wenn Sie ebenfalls Bedarfe in diesen Bereichen haben, würden wir uns freuen, wenn wir euch hier supporten könnten.

Ich freue mich auf den weiteren Austausch.

Viele Grüße
[Ihr Name]
PathWize","<p>Guten Tag,</p>
<p>wir stehen eng mit dem KI Bundesverband im Austausch und haben dort die Info erhalten, dass wir uns mal bei euch melden sollen, da unser Experten-Netzwerk ggf. spannend für euch sein könnte.</p>
<p>Wir bei <a href=""https://www.gopathwize.com"">PathWize</a> sind einer der führenden Anbieter für Data Labeling und Annotation im europäischen Raum. Mit einem Netzwerk von über 250.000 Experten können wir die richtigen Köpfe in unterschiedlichen Bereichen für sämtliche Data-Labeling-Bedarfe stellen.</p>
<p>Unternehmen wie z.B. Mistral AI und mittelständische Firmen bis hin zu Konzernen arbeiten bereits mit uns im Rahmen ihrer KI-Vorhaben (Post- und Pre-Training von Modellen, Data Labeling anhand von Bildern, RLHF etc.) zusammen.</p>
<p>Wenn Sie ebenfalls Bedarfe in diesen Bereichen haben, würden wir uns freuen, wenn wir euch hier supporten könnten.</p>
<p>Ich freue mich auf den weiteren Austausch.</p>
<p>Viele Grüße<br>[Ihr Name]<br>PathWize</p>",""
"406","pionatic GmbH","https://pionatic.com/","Vielleicht","Julian Hermanns & Oliver Wischnewski","info@pionatic.com","funktional","Intro KI Bundesverband - z.Hd. Julian Hermanns - Data Labeling und Annotation für Ihre KI Vorhaben","Hallo Herr Hermanns,","Hallo Herr Hermanns,

wir stehen eng mit dem KI Bundesverband im Austausch und haben dort die Info erhalten, dass wir uns mal bei euch melden sollen, da unser Experten-Netzwerk ggf. spannend für euch sein könnte.

Wir bei PathWize sind einer der führenden Anbieter für Data Labeling und Annotation im europäischen Raum. Mit einem Netzwerk von über 250.000 Experten können wir die richtigen Köpfe in unterschiedlichen Bereichen für sämtliche Data-Labeling-Bedarfe stellen.

Unternehmen wie z.B. Mistral AI und mittelständische Firmen bis hin zu Konzernen arbeiten bereits mit uns im Rahmen ihrer KI-Vorhaben (Post- und Pre-Training von Modellen, Data Labeling anhand von Bildern, RLHF etc.) zusammen.

Wenn Sie ebenfalls Bedarfe in diesen Bereichen haben, würden wir uns freuen, wenn wir euch hier supporten könnten.

Ich freue mich auf den weiteren Austausch.

Viele Grüße
[Ihr Name]
PathWize","<p>Hallo Herr Hermanns,</p>
<p>wir stehen eng mit dem KI Bundesverband im Austausch und haben dort die Info erhalten, dass wir uns mal bei euch melden sollen, da unser Experten-Netzwerk ggf. spannend für euch sein könnte.</p>
<p>Wir bei <a href=""https://www.gopathwize.com"">PathWize</a> sind einer der führenden Anbieter für Data Labeling und Annotation im europäischen Raum. Mit einem Netzwerk von über 250.000 Experten können wir die richtigen Köpfe in unterschiedlichen Bereichen für sämtliche Data-Labeling-Bedarfe stellen.</p>
<p>Unternehmen wie z.B. Mistral AI und mittelständische Firmen bis hin zu Konzernen arbeiten bereits mit uns im Rahmen ihrer KI-Vorhaben (Post- und Pre-Training von Modellen, Data Labeling anhand von Bildern, RLHF etc.) zusammen.</p>
<p>Wenn Sie ebenfalls Bedarfe in diesen Bereichen haben, würden wir uns freuen, wenn wir euch hier supporten könnten.</p>
<p>Ich freue mich auf den weiteren Austausch.</p>
<p>Viele Grüße<br>[Ihr Name]<br>PathWize</p>","info@pionatic.com"
"407","Plan D GmbH","https://www.plan-d.com/","Ja","Sebastian Bluhm, Dirk Schmachtenberg","sebastian.bluhm@plan-d.com","direkt (belegt)","Intro KI Bundesverband - Data Labeling und Annotation für Ihre KI Vorhaben","Hallo Herr Bluhm,","Hallo Herr Bluhm,

wir stehen eng mit dem KI Bundesverband im Austausch und haben dort die Info erhalten, dass wir uns mal bei euch melden sollen, da unser Experten-Netzwerk ggf. spannend für euch sein könnte.

Wir bei PathWize sind einer der führenden Anbieter für Data Labeling und Annotation im europäischen Raum. Mit einem Netzwerk von über 250.000 Experten können wir die richtigen Köpfe in unterschiedlichen Bereichen für sämtliche Data-Labeling-Bedarfe stellen.

Unternehmen wie z.B. Mistral AI und mittelständische Firmen bis hin zu Konzernen arbeiten bereits mit uns im Rahmen ihrer KI-Vorhaben (Post- und Pre-Training von Modellen, Data Labeling anhand von Bildern, RLHF etc.) zusammen.

Wenn Sie ebenfalls Bedarfe in diesen Bereichen haben, würden wir uns freuen, wenn wir euch hier supporten könnten.

Ich freue mich auf den weiteren Austausch.

Viele Grüße
[Ihr Name]
PathWize","<p>Hallo Herr Bluhm,</p>
<p>wir stehen eng mit dem KI Bundesverband im Austausch und haben dort die Info erhalten, dass wir uns mal bei euch melden sollen, da unser Experten-Netzwerk ggf. spannend für euch sein könnte.</p>
<p>Wir bei <a href=""https://www.gopathwize.com"">PathWize</a> sind einer der führenden Anbieter für Data Labeling und Annotation im europäischen Raum. Mit einem Netzwerk von über 250.000 Experten können wir die richtigen Köpfe in unterschiedlichen Bereichen für sämtliche Data-Labeling-Bedarfe stellen.</p>
<p>Unternehmen wie z.B. Mistral AI und mittelständische Firmen bis hin zu Konzernen arbeiten bereits mit uns im Rahmen ihrer KI-Vorhaben (Post- und Pre-Training von Modellen, Data Labeling anhand von Bildern, RLHF etc.) zusammen.</p>
<p>Wenn Sie ebenfalls Bedarfe in diesen Bereichen haben, würden wir uns freuen, wenn wir euch hier supporten könnten.</p>
<p>Ich freue mich auf den weiteren Austausch.</p>
<p>Viele Grüße<br>[Ihr Name]<br>PathWize</p>","info@plan-d.com; sebastian.bluhm@plan-d.com; dirk.schmachtenberg@plan-d.com; pia.zillmann@plan-d.com; til.loose@plan-d.com; partnership@plan-d.com; presse@plan-d.com"
"409","point8 GmbH","https://point-8.de/","Vielleicht","Dr. Christophe Cauet","kontakt@point-8.de","funktional","Intro KI Bundesverband - z.Hd. Christophe Cauet - Data Labeling und Annotation für Ihre KI Vorhaben","Hallo Herr Dr. Cauet,","Hallo Herr Dr. Cauet,

wir stehen eng mit dem KI Bundesverband im Austausch und haben dort die Info erhalten, dass wir uns mal bei euch melden sollen, da unser Experten-Netzwerk ggf. spannend für euch sein könnte.

Wir bei PathWize sind einer der führenden Anbieter für Data Labeling und Annotation im europäischen Raum. Mit einem Netzwerk von über 250.000 Experten können wir die richtigen Köpfe in unterschiedlichen Bereichen für sämtliche Data-Labeling-Bedarfe stellen.

Unternehmen wie z.B. Mistral AI und mittelständische Firmen bis hin zu Konzernen arbeiten bereits mit uns im Rahmen ihrer KI-Vorhaben (Post- und Pre-Training von Modellen, Data Labeling anhand von Bildern, RLHF etc.) zusammen.

Wenn Sie ebenfalls Bedarfe in diesen Bereichen haben, würden wir uns freuen, wenn wir euch hier supporten könnten.

Ich freue mich auf den weiteren Austausch.

Viele Grüße
[Ihr Name]
PathWize","<p>Hallo Herr Dr. Cauet,</p>
<p>wir stehen eng mit dem KI Bundesverband im Austausch und haben dort die Info erhalten, dass wir uns mal bei euch melden sollen, da unser Experten-Netzwerk ggf. spannend für euch sein könnte.</p>
<p>Wir bei <a href=""https://www.gopathwize.com"">PathWize</a> sind einer der führenden Anbieter für Data Labeling und Annotation im europäischen Raum. Mit einem Netzwerk von über 250.000 Experten können wir die richtigen Köpfe in unterschiedlichen Bereichen für sämtliche Data-Labeling-Bedarfe stellen.</p>
<p>Unternehmen wie z.B. Mistral AI und mittelständische Firmen bis hin zu Konzernen arbeiten bereits mit uns im Rahmen ihrer KI-Vorhaben (Post- und Pre-Training von Modellen, Data Labeling anhand von Bildern, RLHF etc.) zusammen.</p>
<p>Wenn Sie ebenfalls Bedarfe in diesen Bereichen haben, würden wir uns freuen, wenn wir euch hier supporten könnten.</p>
<p>Ich freue mich auf den weiteren Austausch.</p>
<p>Viele Grüße<br>[Ihr Name]<br>PathWize</p>","kontakt@point-8.de"
"411","Polit-X (HBVG mbH)","https://polit-x.de/","Vielleicht","Heiko Schnitzler (Geschaeftsfuehrer und Herausgeber)","info@polit-x.de","funktional","Intro KI Bundesverband - z.Hd. Heiko Schnitzler - Data Labeling und Annotation für Ihre KI Vorhaben","Hallo Herr Schnitzler,","Hallo Herr Schnitzler,

wir stehen eng mit dem KI Bundesverband im Austausch und haben dort die Info erhalten, dass wir uns mal bei euch melden sollen, da unser Experten-Netzwerk ggf. spannend für euch sein könnte.

Wir bei PathWize sind einer der führenden Anbieter für Data Labeling und Annotation im europäischen Raum. Mit einem Netzwerk von über 250.000 Experten können wir die richtigen Köpfe in unterschiedlichen Bereichen für sämtliche Data-Labeling-Bedarfe stellen.

Unternehmen wie z.B. Mistral AI und mittelständische Firmen bis hin zu Konzernen arbeiten bereits mit uns im Rahmen ihrer KI-Vorhaben (Post- und Pre-Training von Modellen, Data Labeling anhand von Bildern, RLHF etc.) zusammen.

Wenn Sie ebenfalls Bedarfe in diesen Bereichen haben, würden wir uns freuen, wenn wir euch hier supporten könnten.

Ich freue mich auf den weiteren Austausch.

Viele Grüße
[Ihr Name]
PathWize","<p>Hallo Herr Schnitzler,</p>
<p>wir stehen eng mit dem KI Bundesverband im Austausch und haben dort die Info erhalten, dass wir uns mal bei euch melden sollen, da unser Experten-Netzwerk ggf. spannend für euch sein könnte.</p>
<p>Wir bei <a href=""https://www.gopathwize.com"">PathWize</a> sind einer der führenden Anbieter für Data Labeling und Annotation im europäischen Raum. Mit einem Netzwerk von über 250.000 Experten können wir die richtigen Köpfe in unterschiedlichen Bereichen für sämtliche Data-Labeling-Bedarfe stellen.</p>
<p>Unternehmen wie z.B. Mistral AI und mittelständische Firmen bis hin zu Konzernen arbeiten bereits mit uns im Rahmen ihrer KI-Vorhaben (Post- und Pre-Training von Modellen, Data Labeling anhand von Bildern, RLHF etc.) zusammen.</p>
<p>Wenn Sie ebenfalls Bedarfe in diesen Bereichen haben, würden wir uns freuen, wenn wir euch hier supporten könnten.</p>
<p>Ich freue mich auf den weiteren Austausch.</p>
<p>Viele Grüße<br>[Ihr Name]<br>PathWize</p>","info@polit-x.de"
"412","Possehl Analytics GmbH","https://www.possehl-analytics.com/","Vielleicht","Dr. Thomas Rieger, Stephan Brauckmann","info@possehl-digital.services","funktional","Intro KI Bundesverband - z.Hd. Thomas Rieger - Data Labeling und Annotation für Ihre KI Vorhaben","Hallo Herr Dr. Rieger,","Hallo Herr Dr. Rieger,

wir stehen eng mit dem KI Bundesverband im Austausch und haben dort die Info erhalten, dass wir uns mal bei euch melden sollen, da unser Experten-Netzwerk ggf. spannend für euch sein könnte.

Wir bei PathWize sind einer der führenden Anbieter für Data Labeling und Annotation im europäischen Raum. Mit einem Netzwerk von über 250.000 Experten können wir die richtigen Köpfe in unterschiedlichen Bereichen für sämtliche Data-Labeling-Bedarfe stellen.

Unternehmen wie z.B. Mistral AI und mittelständische Firmen bis hin zu Konzernen arbeiten bereits mit uns im Rahmen ihrer KI-Vorhaben (Post- und Pre-Training von Modellen, Data Labeling anhand von Bildern, RLHF etc.) zusammen.

Wenn Sie ebenfalls Bedarfe in diesen Bereichen haben, würden wir uns freuen, wenn wir euch hier supporten könnten.

Ich freue mich auf den weiteren Austausch.

Viele Grüße
[Ihr Name]
PathWize","<p>Hallo Herr Dr. Rieger,</p>
<p>wir stehen eng mit dem KI Bundesverband im Austausch und haben dort die Info erhalten, dass wir uns mal bei euch melden sollen, da unser Experten-Netzwerk ggf. spannend für euch sein könnte.</p>
<p>Wir bei <a href=""https://www.gopathwize.com"">PathWize</a> sind einer der führenden Anbieter für Data Labeling und Annotation im europäischen Raum. Mit einem Netzwerk von über 250.000 Experten können wir die richtigen Köpfe in unterschiedlichen Bereichen für sämtliche Data-Labeling-Bedarfe stellen.</p>
<p>Unternehmen wie z.B. Mistral AI und mittelständische Firmen bis hin zu Konzernen arbeiten bereits mit uns im Rahmen ihrer KI-Vorhaben (Post- und Pre-Training von Modellen, Data Labeling anhand von Bildern, RLHF etc.) zusammen.</p>
<p>Wenn Sie ebenfalls Bedarfe in diesen Bereichen haben, würden wir uns freuen, wenn wir euch hier supporten könnten.</p>
<p>Ich freue mich auf den weiteren Austausch.</p>
<p>Viele Grüße<br>[Ihr Name]<br>PathWize</p>","info@possehl-digital.services"
"413","prenode GmbH","https://prenode.de/","Ja","Dr.-Ing. Robin Hirt","hello@prenode.de","funktional","Intro KI Bundesverband - z.Hd. Robin Hirt - Data Labeling und Annotation für Ihre KI Vorhaben","Hallo Dr.-Ing. Robin Hirt,","Hallo Dr.-Ing. Robin Hirt,

wir stehen eng mit dem KI Bundesverband im Austausch und haben dort die Info erhalten, dass wir uns mal bei euch melden sollen, da unser Experten-Netzwerk ggf. spannend für euch sein könnte.

Wir bei PathWize sind einer der führenden Anbieter für Data Labeling und Annotation im europäischen Raum. Mit einem Netzwerk von über 250.000 Experten können wir die richtigen Köpfe in unterschiedlichen Bereichen für sämtliche Data-Labeling-Bedarfe stellen.

Unternehmen wie z.B. Mistral AI und mittelständische Firmen bis hin zu Konzernen arbeiten bereits mit uns im Rahmen ihrer KI-Vorhaben (Post- und Pre-Training von Modellen, Data Labeling anhand von Bildern, RLHF etc.) zusammen.

Wenn Sie ebenfalls Bedarfe in diesen Bereichen haben, würden wir uns freuen, wenn wir euch hier supporten könnten.

Ich freue mich auf den weiteren Austausch.

Viele Grüße
[Ihr Name]
PathWize","<p>Hallo Dr.-Ing. Robin Hirt,</p>
<p>wir stehen eng mit dem KI Bundesverband im Austausch und haben dort die Info erhalten, dass wir uns mal bei euch melden sollen, da unser Experten-Netzwerk ggf. spannend für euch sein könnte.</p>
<p>Wir bei <a href=""https://www.gopathwize.com"">PathWize</a> sind einer der führenden Anbieter für Data Labeling und Annotation im europäischen Raum. Mit einem Netzwerk von über 250.000 Experten können wir die richtigen Köpfe in unterschiedlichen Bereichen für sämtliche Data-Labeling-Bedarfe stellen.</p>
<p>Unternehmen wie z.B. Mistral AI und mittelständische Firmen bis hin zu Konzernen arbeiten bereits mit uns im Rahmen ihrer KI-Vorhaben (Post- und Pre-Training von Modellen, Data Labeling anhand von Bildern, RLHF etc.) zusammen.</p>
<p>Wenn Sie ebenfalls Bedarfe in diesen Bereichen haben, würden wir uns freuen, wenn wir euch hier supporten könnten.</p>
<p>Ich freue mich auf den weiteren Austausch.</p>
<p>Viele Grüße<br>[Ihr Name]<br>PathWize</p>","hello@prenode.de"
"414","Privacy Solutions GmbH","https://privacy-solutions.org/","Vielleicht","Dipl.-Ing. Bianca Richter (Geschaeftsfuehrerin)","","keine Mail gefunden","Intro KI Bundesverband - z.Hd. Bianca Richter - Data Labeling und Annotation für Ihre KI Vorhaben","Hallo Frau Dipl.-Ing. Richter,","Hallo Frau Dipl.-Ing. Richter,

wir stehen eng mit dem KI Bundesverband im Austausch und haben dort die Info erhalten, dass wir uns mal bei euch melden sollen, da unser Experten-Netzwerk ggf. spannend für euch sein könnte.

Wir bei PathWize sind einer der führenden Anbieter für Data Labeling und Annotation im europäischen Raum. Mit einem Netzwerk von über 250.000 Experten können wir die richtigen Köpfe in unterschiedlichen Bereichen für sämtliche Data-Labeling-Bedarfe stellen.

Unternehmen wie z.B. Mistral AI und mittelständische Firmen bis hin zu Konzernen arbeiten bereits mit uns im Rahmen ihrer KI-Vorhaben (Post- und Pre-Training von Modellen, Data Labeling anhand von Bildern, RLHF etc.) zusammen.

Wenn Sie ebenfalls Bedarfe in diesen Bereichen haben, würden wir uns freuen, wenn wir euch hier supporten könnten.

Ich freue mich auf den weiteren Austausch.

Viele Grüße
[Ihr Name]
PathWize","<p>Hallo Frau Dipl.-Ing. Richter,</p>
<p>wir stehen eng mit dem KI Bundesverband im Austausch und haben dort die Info erhalten, dass wir uns mal bei euch melden sollen, da unser Experten-Netzwerk ggf. spannend für euch sein könnte.</p>
<p>Wir bei <a href=""https://www.gopathwize.com"">PathWize</a> sind einer der führenden Anbieter für Data Labeling und Annotation im europäischen Raum. Mit einem Netzwerk von über 250.000 Experten können wir die richtigen Köpfe in unterschiedlichen Bereichen für sämtliche Data-Labeling-Bedarfe stellen.</p>
<p>Unternehmen wie z.B. Mistral AI und mittelständische Firmen bis hin zu Konzernen arbeiten bereits mit uns im Rahmen ihrer KI-Vorhaben (Post- und Pre-Training von Modellen, Data Labeling anhand von Bildern, RLHF etc.) zusammen.</p>
<p>Wenn Sie ebenfalls Bedarfe in diesen Bereichen haben, würden wir uns freuen, wenn wir euch hier supporten könnten.</p>
<p>Ich freue mich auf den weiteren Austausch.</p>
<p>Viele Grüße<br>[Ihr Name]<br>PathWize</p>",""
"415","Prodlane GmbH","https://www.getmaia.ai/","Vielleicht","Mathias Jakob & Carolin Maier","info@getmaia.ai","funktional","Intro KI Bundesverband - z.Hd. Mathias Jakob - Data Labeling und Annotation für Ihre KI Vorhaben","Hallo Herr Jakob,","Hallo Herr Jakob,

wir stehen eng mit dem KI Bundesverband im Austausch und haben dort die Info erhalten, dass wir uns mal bei euch melden sollen, da unser Experten-Netzwerk ggf. spannend für euch sein könnte.

Wir bei PathWize sind einer der führenden Anbieter für Data Labeling und Annotation im europäischen Raum. Mit einem Netzwerk von über 250.000 Experten können wir die richtigen Köpfe in unterschiedlichen Bereichen für sämtliche Data-Labeling-Bedarfe stellen.

Unternehmen wie z.B. Mistral AI und mittelständische Firmen bis hin zu Konzernen arbeiten bereits mit uns im Rahmen ihrer KI-Vorhaben (Post- und Pre-Training von Modellen, Data Labeling anhand von Bildern, RLHF etc.) zusammen.

Wenn Sie ebenfalls Bedarfe in diesen Bereichen haben, würden wir uns freuen, wenn wir euch hier supporten könnten.

Ich freue mich auf den weiteren Austausch.

Viele Grüße
[Ihr Name]
PathWize","<p>Hallo Herr Jakob,</p>
<p>wir stehen eng mit dem KI Bundesverband im Austausch und haben dort die Info erhalten, dass wir uns mal bei euch melden sollen, da unser Experten-Netzwerk ggf. spannend für euch sein könnte.</p>
<p>Wir bei <a href=""https://www.gopathwize.com"">PathWize</a> sind einer der führenden Anbieter für Data Labeling und Annotation im europäischen Raum. Mit einem Netzwerk von über 250.000 Experten können wir die richtigen Köpfe in unterschiedlichen Bereichen für sämtliche Data-Labeling-Bedarfe stellen.</p>
<p>Unternehmen wie z.B. Mistral AI und mittelständische Firmen bis hin zu Konzernen arbeiten bereits mit uns im Rahmen ihrer KI-Vorhaben (Post- und Pre-Training von Modellen, Data Labeling anhand von Bildern, RLHF etc.) zusammen.</p>
<p>Wenn Sie ebenfalls Bedarfe in diesen Bereichen haben, würden wir uns freuen, wenn wir euch hier supporten könnten.</p>
<p>Ich freue mich auf den weiteren Austausch.</p>
<p>Viele Grüße<br>[Ihr Name]<br>PathWize</p>","info@getmaia.ai"
"416","Prof. Valmed – validated medical information GmbH","https://profvalmed.com/","Ja","Dr. Vera Rödel (Managing Director / CEO), Prof. Dr. Heinz Wiendl (Co-Founder)","veraroedel@profvalmed.com","direkt (belegt)","Intro KI Bundesverband - Data Labeling und Annotation für Ihre KI Vorhaben","Hallo Frau Dr. Rödel,","Hallo Frau Dr. Rödel,

wir stehen eng mit dem KI Bundesverband im Austausch und haben dort die Info erhalten, dass wir uns mal bei euch melden sollen, da unser Experten-Netzwerk ggf. spannend für euch sein könnte.

Wir bei PathWize sind einer der führenden Anbieter für Data Labeling und Annotation im europäischen Raum. Mit einem Netzwerk von über 250.000 Experten können wir die richtigen Köpfe in unterschiedlichen Bereichen für sämtliche Data-Labeling-Bedarfe stellen.

Unternehmen wie z.B. Mistral AI und mittelständische Firmen bis hin zu Konzernen arbeiten bereits mit uns im Rahmen ihrer KI-Vorhaben (Post- und Pre-Training von Modellen, Data Labeling anhand von Bildern, RLHF etc.) zusammen.

Wenn Sie ebenfalls Bedarfe in diesen Bereichen haben, würden wir uns freuen, wenn wir euch hier supporten könnten.

Ich freue mich auf den weiteren Austausch.

Viele Grüße
[Ihr Name]
PathWize","<p>Hallo Frau Dr. Rödel,</p>
<p>wir stehen eng mit dem KI Bundesverband im Austausch und haben dort die Info erhalten, dass wir uns mal bei euch melden sollen, da unser Experten-Netzwerk ggf. spannend für euch sein könnte.</p>
<p>Wir bei <a href=""https://www.gopathwize.com"">PathWize</a> sind einer der führenden Anbieter für Data Labeling und Annotation im europäischen Raum. Mit einem Netzwerk von über 250.000 Experten können wir die richtigen Köpfe in unterschiedlichen Bereichen für sämtliche Data-Labeling-Bedarfe stellen.</p>
<p>Unternehmen wie z.B. Mistral AI und mittelständische Firmen bis hin zu Konzernen arbeiten bereits mit uns im Rahmen ihrer KI-Vorhaben (Post- und Pre-Training von Modellen, Data Labeling anhand von Bildern, RLHF etc.) zusammen.</p>
<p>Wenn Sie ebenfalls Bedarfe in diesen Bereichen haben, würden wir uns freuen, wenn wir euch hier supporten könnten.</p>
<p>Ich freue mich auf den weiteren Austausch.</p>
<p>Viele Grüße<br>[Ihr Name]<br>PathWize</p>","veraroedel@profvalmed.com; heinzwiendl@profvalmed.com; profvalmed@profvalmed.com"
"417","promptmeplease.ai / Brüderchen & Schwesterchen GmbH","https://www.promptmeplease.ai/","Ja","Stefanie Rittmeyer, Markus Lienert","hello@bruederchenundschwesterchen.com","funktional","Intro KI Bundesverband - z.Hd. Stefanie Rittmeyer - Data Labeling und Annotation für Ihre KI Vorhaben","Hallo Frau Rittmeyer,","Hallo Frau Rittmeyer,

wir stehen eng mit dem KI Bundesverband im Austausch und haben dort die Info erhalten, dass wir uns mal bei euch melden sollen, da unser Experten-Netzwerk ggf. spannend für euch sein könnte.

Wir bei PathWize sind einer der führenden Anbieter für Data Labeling und Annotation im europäischen Raum. Mit einem Netzwerk von über 250.000 Experten können wir die richtigen Köpfe in unterschiedlichen Bereichen für sämtliche Data-Labeling-Bedarfe stellen.

Unternehmen wie z.B. Mistral AI und mittelständische Firmen bis hin zu Konzernen arbeiten bereits mit uns im Rahmen ihrer KI-Vorhaben (Post- und Pre-Training von Modellen, Data Labeling anhand von Bildern, RLHF etc.) zusammen.

Wenn Sie ebenfalls Bedarfe in diesen Bereichen haben, würden wir uns freuen, wenn wir euch hier supporten könnten.

Ich freue mich auf den weiteren Austausch.

Viele Grüße
[Ihr Name]
PathWize","<p>Hallo Frau Rittmeyer,</p>
<p>wir stehen eng mit dem KI Bundesverband im Austausch und haben dort die Info erhalten, dass wir uns mal bei euch melden sollen, da unser Experten-Netzwerk ggf. spannend für euch sein könnte.</p>
<p>Wir bei <a href=""https://www.gopathwize.com"">PathWize</a> sind einer der führenden Anbieter für Data Labeling und Annotation im europäischen Raum. Mit einem Netzwerk von über 250.000 Experten können wir die richtigen Köpfe in unterschiedlichen Bereichen für sämtliche Data-Labeling-Bedarfe stellen.</p>
<p>Unternehmen wie z.B. Mistral AI und mittelständische Firmen bis hin zu Konzernen arbeiten bereits mit uns im Rahmen ihrer KI-Vorhaben (Post- und Pre-Training von Modellen, Data Labeling anhand von Bildern, RLHF etc.) zusammen.</p>
<p>Wenn Sie ebenfalls Bedarfe in diesen Bereichen haben, würden wir uns freuen, wenn wir euch hier supporten könnten.</p>
<p>Ich freue mich auf den weiteren Austausch.</p>
<p>Viele Grüße<br>[Ihr Name]<br>PathWize</p>","hello@bruederchenundschwesterchen.com; hello@promptmeplease.ai"
"418","PropertyExpert GmbH","https://propertyexpert.de/","Ja","Nicolas Witte","n.witte@propertyexpert.de","direkt (rekonstruiert)","Intro KI Bundesverband - Data Labeling und Annotation für Ihre KI Vorhaben","Hallo Herr Witte,","Hallo Herr Witte,

wir stehen eng mit dem KI Bundesverband im Austausch und haben dort die Info erhalten, dass wir uns mal bei euch melden sollen, da unser Experten-Netzwerk ggf. spannend für euch sein könnte.

Wir bei PathWize sind einer der führenden Anbieter für Data Labeling und Annotation im europäischen Raum. Mit einem Netzwerk von über 250.000 Experten können wir die richtigen Köpfe in unterschiedlichen Bereichen für sämtliche Data-Labeling-Bedarfe stellen.

Unternehmen wie z.B. Mistral AI und mittelständische Firmen bis hin zu Konzernen arbeiten bereits mit uns im Rahmen ihrer KI-Vorhaben (Post- und Pre-Training von Modellen, Data Labeling anhand von Bildern, RLHF etc.) zusammen.

Wenn Sie ebenfalls Bedarfe in diesen Bereichen haben, würden wir uns freuen, wenn wir euch hier supporten könnten.

Ich freue mich auf den weiteren Austausch.

Viele Grüße
[Ihr Name]
PathWize","<p>Hallo Herr Witte,</p>
<p>wir stehen eng mit dem KI Bundesverband im Austausch und haben dort die Info erhalten, dass wir uns mal bei euch melden sollen, da unser Experten-Netzwerk ggf. spannend für euch sein könnte.</p>
<p>Wir bei <a href=""https://www.gopathwize.com"">PathWize</a> sind einer der führenden Anbieter für Data Labeling und Annotation im europäischen Raum. Mit einem Netzwerk von über 250.000 Experten können wir die richtigen Köpfe in unterschiedlichen Bereichen für sämtliche Data-Labeling-Bedarfe stellen.</p>
<p>Unternehmen wie z.B. Mistral AI und mittelständische Firmen bis hin zu Konzernen arbeiten bereits mit uns im Rahmen ihrer KI-Vorhaben (Post- und Pre-Training von Modellen, Data Labeling anhand von Bildern, RLHF etc.) zusammen.</p>
<p>Wenn Sie ebenfalls Bedarfe in diesen Bereichen haben, würden wir uns freuen, wenn wir euch hier supporten könnten.</p>
<p>Ich freue mich auf den weiteren Austausch.</p>
<p>Viele Grüße<br>[Ihr Name]<br>PathWize</p>","info@propertyexpert.de; b.schmidt@propertyexpert.de; a.lutich@propertyexpert.de; j.conrads@propertyexpert.de; r.heimann@propertyexpert.de; m.gebhardt@propertyexpert.de"
"419","ProzessX eGbR","https://prozessx.com/","Vielleicht","Patrick Sager, Sami Can Yolasigmaz (Gesellschafter)","info@prozessx.com","funktional","Intro KI Bundesverband - z.Hd. Patrick Sager - Data Labeling und Annotation für Ihre KI Vorhaben","Hallo Herr Sager,","Hallo Herr Sager,

wir stehen eng mit dem KI Bundesverband im Austausch und haben dort die Info erhalten, dass wir uns mal bei euch melden sollen, da unser Experten-Netzwerk ggf. spannend für euch sein könnte.

Wir bei PathWize sind einer der führenden Anbieter für Data Labeling und Annotation im europäischen Raum. Mit einem Netzwerk von über 250.000 Experten können wir die richtigen Köpfe in unterschiedlichen Bereichen für sämtliche Data-Labeling-Bedarfe stellen.

Unternehmen wie z.B. Mistral AI und mittelständische Firmen bis hin zu Konzernen arbeiten bereits mit uns im Rahmen ihrer KI-Vorhaben (Post- und Pre-Training von Modellen, Data Labeling anhand von Bildern, RLHF etc.) zusammen.

Wenn Sie ebenfalls Bedarfe in diesen Bereichen haben, würden wir uns freuen, wenn wir euch hier supporten könnten.

Ich freue mich auf den weiteren Austausch.

Viele Grüße
[Ihr Name]
PathWize","<p>Hallo Herr Sager,</p>
<p>wir stehen eng mit dem KI Bundesverband im Austausch und haben dort die Info erhalten, dass wir uns mal bei euch melden sollen, da unser Experten-Netzwerk ggf. spannend für euch sein könnte.</p>
<p>Wir bei <a href=""https://www.gopathwize.com"">PathWize</a> sind einer der führenden Anbieter für Data Labeling und Annotation im europäischen Raum. Mit einem Netzwerk von über 250.000 Experten können wir die richtigen Köpfe in unterschiedlichen Bereichen für sämtliche Data-Labeling-Bedarfe stellen.</p>
<p>Unternehmen wie z.B. Mistral AI und mittelständische Firmen bis hin zu Konzernen arbeiten bereits mit uns im Rahmen ihrer KI-Vorhaben (Post- und Pre-Training von Modellen, Data Labeling anhand von Bildern, RLHF etc.) zusammen.</p>
<p>Wenn Sie ebenfalls Bedarfe in diesen Bereichen haben, würden wir uns freuen, wenn wir euch hier supporten könnten.</p>
<p>Ich freue mich auf den weiteren Austausch.</p>
<p>Viele Grüße<br>[Ihr Name]<br>PathWize</p>","info@prozessx.com"
"421","Qnovi GmbH","https://www.qnovi.de/","Vielleicht","Dr.-Ing. Dominik Rether","info@qnovi.de","funktional","Intro KI Bundesverband - z.Hd. Dominik Rether - Data Labeling und Annotation für Ihre KI Vorhaben","Hallo Herr Dr.-Ing. Rether,","Hallo Herr Dr.-Ing. Rether,

wir stehen eng mit dem KI Bundesverband im Austausch und haben dort die Info erhalten, dass wir uns mal bei euch melden sollen, da unser Experten-Netzwerk ggf. spannend für euch sein könnte.

Wir bei PathWize sind einer der führenden Anbieter für Data Labeling und Annotation im europäischen Raum. Mit einem Netzwerk von über 250.000 Experten können wir die richtigen Köpfe in unterschiedlichen Bereichen für sämtliche Data-Labeling-Bedarfe stellen.

Unternehmen wie z.B. Mistral AI und mittelständische Firmen bis hin zu Konzernen arbeiten bereits mit uns im Rahmen ihrer KI-Vorhaben (Post- und Pre-Training von Modellen, Data Labeling anhand von Bildern, RLHF etc.) zusammen.

Wenn Sie ebenfalls Bedarfe in diesen Bereichen haben, würden wir uns freuen, wenn wir euch hier supporten könnten.

Ich freue mich auf den weiteren Austausch.

Viele Grüße
[Ihr Name]
PathWize","<p>Hallo Herr Dr.-Ing. Rether,</p>
<p>wir stehen eng mit dem KI Bundesverband im Austausch und haben dort die Info erhalten, dass wir uns mal bei euch melden sollen, da unser Experten-Netzwerk ggf. spannend für euch sein könnte.</p>
<p>Wir bei <a href=""https://www.gopathwize.com"">PathWize</a> sind einer der führenden Anbieter für Data Labeling und Annotation im europäischen Raum. Mit einem Netzwerk von über 250.000 Experten können wir die richtigen Köpfe in unterschiedlichen Bereichen für sämtliche Data-Labeling-Bedarfe stellen.</p>
<p>Unternehmen wie z.B. Mistral AI und mittelständische Firmen bis hin zu Konzernen arbeiten bereits mit uns im Rahmen ihrer KI-Vorhaben (Post- und Pre-Training von Modellen, Data Labeling anhand von Bildern, RLHF etc.) zusammen.</p>
<p>Wenn Sie ebenfalls Bedarfe in diesen Bereichen haben, würden wir uns freuen, wenn wir euch hier supporten könnten.</p>
<p>Ich freue mich auf den weiteren Austausch.</p>
<p>Viele Grüße<br>[Ihr Name]<br>PathWize</p>","info@qnovi.de; webmaster@qnovi.de"
"422","QuantPi","https://www.quantpi.com/","Vielleicht","Philipp Adamidis","contact@quantpi.com","funktional","Intro KI Bundesverband - z.Hd. Philipp Adamidis - Data Labeling und Annotation für Ihre KI Vorhaben","Hallo Herr Adamidis,","Hallo Herr Adamidis,

wir stehen eng mit dem KI Bundesverband im Austausch und haben dort die Info erhalten, dass wir uns mal bei euch melden sollen, da unser Experten-Netzwerk ggf. spannend für euch sein könnte.

Wir bei PathWize sind einer der führenden Anbieter für Data Labeling und Annotation im europäischen Raum. Mit einem Netzwerk von über 250.000 Experten können wir die richtigen Köpfe in unterschiedlichen Bereichen für sämtliche Data-Labeling-Bedarfe stellen.

Unternehmen wie z.B. Mistral AI und mittelständische Firmen bis hin zu Konzernen arbeiten bereits mit uns im Rahmen ihrer KI-Vorhaben (Post- und Pre-Training von Modellen, Data Labeling anhand von Bildern, RLHF etc.) zusammen.

Wenn Sie ebenfalls Bedarfe in diesen Bereichen haben, würden wir uns freuen, wenn wir euch hier supporten könnten.

Ich freue mich auf den weiteren Austausch.

Viele Grüße
[Ihr Name]
PathWize","<p>Hallo Herr Adamidis,</p>
<p>wir stehen eng mit dem KI Bundesverband im Austausch und haben dort die Info erhalten, dass wir uns mal bei euch melden sollen, da unser Experten-Netzwerk ggf. spannend für euch sein könnte.</p>
<p>Wir bei <a href=""https://www.gopathwize.com"">PathWize</a> sind einer der führenden Anbieter für Data Labeling und Annotation im europäischen Raum. Mit einem Netzwerk von über 250.000 Experten können wir die richtigen Köpfe in unterschiedlichen Bereichen für sämtliche Data-Labeling-Bedarfe stellen.</p>
<p>Unternehmen wie z.B. Mistral AI und mittelständische Firmen bis hin zu Konzernen arbeiten bereits mit uns im Rahmen ihrer KI-Vorhaben (Post- und Pre-Training von Modellen, Data Labeling anhand von Bildern, RLHF etc.) zusammen.</p>
<p>Wenn Sie ebenfalls Bedarfe in diesen Bereichen haben, würden wir uns freuen, wenn wir euch hier supporten könnten.</p>
<p>Ich freue mich auf den weiteren Austausch.</p>
<p>Viele Grüße<br>[Ihr Name]<br>PathWize</p>","contact@quantpi.com"
"423","Quantum Gaming GmbH","https://www.q-gaming.com/","Ja","Dr. Fabian Schrodt","info@q-gaming.com","funktional","Intro KI Bundesverband - z.Hd. Fabian Schrodt - Data Labeling und Annotation für Ihre KI Vorhaben","Hallo Herr Dr. Schrodt,","Hallo Herr Dr. Schrodt,

wir stehen eng mit dem KI Bundesverband im Austausch und haben dort die Info erhalten, dass wir uns mal bei euch melden sollen, da unser Experten-Netzwerk ggf. spannend für euch sein könnte.

Wir bei PathWize sind einer der führenden Anbieter für Data Labeling und Annotation im europäischen Raum. Mit einem Netzwerk von über 250.000 Experten können wir die richtigen Köpfe in unterschiedlichen Bereichen für sämtliche Data-Labeling-Bedarfe stellen.

Unternehmen wie z.B. Mistral AI und mittelständische Firmen bis hin zu Konzernen arbeiten bereits mit uns im Rahmen ihrer KI-Vorhaben (Post- und Pre-Training von Modellen, Data Labeling anhand von Bildern, RLHF etc.) zusammen.

Wenn Sie ebenfalls Bedarfe in diesen Bereichen haben, würden wir uns freuen, wenn wir euch hier supporten könnten.

Ich freue mich auf den weiteren Austausch.

Viele Grüße
[Ihr Name]
PathWize","<p>Hallo Herr Dr. Schrodt,</p>
<p>wir stehen eng mit dem KI Bundesverband im Austausch und haben dort die Info erhalten, dass wir uns mal bei euch melden sollen, da unser Experten-Netzwerk ggf. spannend für euch sein könnte.</p>
<p>Wir bei <a href=""https://www.gopathwize.com"">PathWize</a> sind einer der führenden Anbieter für Data Labeling und Annotation im europäischen Raum. Mit einem Netzwerk von über 250.000 Experten können wir die richtigen Köpfe in unterschiedlichen Bereichen für sämtliche Data-Labeling-Bedarfe stellen.</p>
<p>Unternehmen wie z.B. Mistral AI und mittelständische Firmen bis hin zu Konzernen arbeiten bereits mit uns im Rahmen ihrer KI-Vorhaben (Post- und Pre-Training von Modellen, Data Labeling anhand von Bildern, RLHF etc.) zusammen.</p>
<p>Wenn Sie ebenfalls Bedarfe in diesen Bereichen haben, würden wir uns freuen, wenn wir euch hier supporten könnten.</p>
<p>Ich freue mich auf den weiteren Austausch.</p>
<p>Viele Grüße<br>[Ihr Name]<br>PathWize</p>","info@q-gaming.com; consulting@q-gaming.com; dev@q-gaming.com; jobs@q-gaming.com; press@q-gaming.com; support@q-gaming.com"
"424","qurix Technology GmbH","https://www.qurix.tech/","Vielleicht","Andreas Martens, Andree de Boer","contact@qurix.tech","funktional","Intro KI Bundesverband - z.Hd. Andreas Martens - Data Labeling und Annotation für Ihre KI Vorhaben","Hallo Herr Martens,","Hallo Herr Martens,

wir stehen eng mit dem KI Bundesverband im Austausch und haben dort die Info erhalten, dass wir uns mal bei euch melden sollen, da unser Experten-Netzwerk ggf. spannend für euch sein könnte.

Wir bei PathWize sind einer der führenden Anbieter für Data Labeling und Annotation im europäischen Raum. Mit einem Netzwerk von über 250.000 Experten können wir die richtigen Köpfe in unterschiedlichen Bereichen für sämtliche Data-Labeling-Bedarfe stellen.

Unternehmen wie z.B. Mistral AI und mittelständische Firmen bis hin zu Konzernen arbeiten bereits mit uns im Rahmen ihrer KI-Vorhaben (Post- und Pre-Training von Modellen, Data Labeling anhand von Bildern, RLHF etc.) zusammen.

Wenn Sie ebenfalls Bedarfe in diesen Bereichen haben, würden wir uns freuen, wenn wir euch hier supporten könnten.

Ich freue mich auf den weiteren Austausch.

Viele Grüße
[Ihr Name]
PathWize","<p>Hallo Herr Martens,</p>
<p>wir stehen eng mit dem KI Bundesverband im Austausch und haben dort die Info erhalten, dass wir uns mal bei euch melden sollen, da unser Experten-Netzwerk ggf. spannend für euch sein könnte.</p>
<p>Wir bei <a href=""https://www.gopathwize.com"">PathWize</a> sind einer der führenden Anbieter für Data Labeling und Annotation im europäischen Raum. Mit einem Netzwerk von über 250.000 Experten können wir die richtigen Köpfe in unterschiedlichen Bereichen für sämtliche Data-Labeling-Bedarfe stellen.</p>
<p>Unternehmen wie z.B. Mistral AI und mittelständische Firmen bis hin zu Konzernen arbeiten bereits mit uns im Rahmen ihrer KI-Vorhaben (Post- und Pre-Training von Modellen, Data Labeling anhand von Bildern, RLHF etc.) zusammen.</p>
<p>Wenn Sie ebenfalls Bedarfe in diesen Bereichen haben, würden wir uns freuen, wenn wir euch hier supporten könnten.</p>
<p>Ich freue mich auf den weiteren Austausch.</p>
<p>Viele Grüße<br>[Ihr Name]<br>PathWize</p>","contact@qurix.tech"
"425","Qymatix Solutions GmbH","https://qymatix.de/de/","Ja","Lucas Pedretti","info@qymatix.de","funktional","Intro KI Bundesverband - z.Hd. Lucas Pedretti - Data Labeling und Annotation für Ihre KI Vorhaben","Hallo Herr Pedretti,","Hallo Herr Pedretti,

wir stehen eng mit dem KI Bundesverband im Austausch und haben dort die Info erhalten, dass wir uns mal bei euch melden sollen, da unser Experten-Netzwerk ggf. spannend für euch sein könnte.

Wir bei PathWize sind einer der führenden Anbieter für Data Labeling und Annotation im europäischen Raum. Mit einem Netzwerk von über 250.000 Experten können wir die richtigen Köpfe in unterschiedlichen Bereichen für sämtliche Data-Labeling-Bedarfe stellen.

Unternehmen wie z.B. Mistral AI und mittelständische Firmen bis hin zu Konzernen arbeiten bereits mit uns im Rahmen ihrer KI-Vorhaben (Post- und Pre-Training von Modellen, Data Labeling anhand von Bildern, RLHF etc.) zusammen.

Wenn Sie ebenfalls Bedarfe in diesen Bereichen haben, würden wir uns freuen, wenn wir euch hier supporten könnten.

Ich freue mich auf den weiteren Austausch.

Viele Grüße
[Ihr Name]
PathWize","<p>Hallo Herr Pedretti,</p>
<p>wir stehen eng mit dem KI Bundesverband im Austausch und haben dort die Info erhalten, dass wir uns mal bei euch melden sollen, da unser Experten-Netzwerk ggf. spannend für euch sein könnte.</p>
<p>Wir bei <a href=""https://www.gopathwize.com"">PathWize</a> sind einer der führenden Anbieter für Data Labeling und Annotation im europäischen Raum. Mit einem Netzwerk von über 250.000 Experten können wir die richtigen Köpfe in unterschiedlichen Bereichen für sämtliche Data-Labeling-Bedarfe stellen.</p>
<p>Unternehmen wie z.B. Mistral AI und mittelständische Firmen bis hin zu Konzernen arbeiten bereits mit uns im Rahmen ihrer KI-Vorhaben (Post- und Pre-Training von Modellen, Data Labeling anhand von Bildern, RLHF etc.) zusammen.</p>
<p>Wenn Sie ebenfalls Bedarfe in diesen Bereichen haben, würden wir uns freuen, wenn wir euch hier supporten könnten.</p>
<p>Ich freue mich auf den weiteren Austausch.</p>
<p>Viele Grüße<br>[Ihr Name]<br>PathWize</p>","info@qymatix.de; info@qymatix.com"
"426","rabbitAI GmbH","https://rabbitai.de/","Ja","Dr. Marcel Gutsche, Karsten Krispin","info@rabbitAI.de","funktional","Intro KI Bundesverband - z.Hd. Marcel Gutsche - Data Labeling und Annotation für Ihre KI Vorhaben","Hallo Herr Dr. Gutsche,","Hallo Herr Dr. Gutsche,

wir stehen eng mit dem KI Bundesverband im Austausch und haben dort die Info erhalten, dass wir uns mal bei euch melden sollen, da unser Experten-Netzwerk ggf. spannend für euch sein könnte.

Wir bei PathWize sind einer der führenden Anbieter für Data Labeling und Annotation im europäischen Raum. Mit einem Netzwerk von über 250.000 Experten können wir die richtigen Köpfe in unterschiedlichen Bereichen für sämtliche Data-Labeling-Bedarfe stellen.

Unternehmen wie z.B. Mistral AI und mittelständische Firmen bis hin zu Konzernen arbeiten bereits mit uns im Rahmen ihrer KI-Vorhaben (Post- und Pre-Training von Modellen, Data Labeling anhand von Bildern, RLHF etc.) zusammen.

Wenn Sie ebenfalls Bedarfe in diesen Bereichen haben, würden wir uns freuen, wenn wir euch hier supporten könnten.

Ich freue mich auf den weiteren Austausch.

Viele Grüße
[Ihr Name]
PathWize","<p>Hallo Herr Dr. Gutsche,</p>
<p>wir stehen eng mit dem KI Bundesverband im Austausch und haben dort die Info erhalten, dass wir uns mal bei euch melden sollen, da unser Experten-Netzwerk ggf. spannend für euch sein könnte.</p>
<p>Wir bei <a href=""https://www.gopathwize.com"">PathWize</a> sind einer der führenden Anbieter für Data Labeling und Annotation im europäischen Raum. Mit einem Netzwerk von über 250.000 Experten können wir die richtigen Köpfe in unterschiedlichen Bereichen für sämtliche Data-Labeling-Bedarfe stellen.</p>
<p>Unternehmen wie z.B. Mistral AI und mittelständische Firmen bis hin zu Konzernen arbeiten bereits mit uns im Rahmen ihrer KI-Vorhaben (Post- und Pre-Training von Modellen, Data Labeling anhand von Bildern, RLHF etc.) zusammen.</p>
<p>Wenn Sie ebenfalls Bedarfe in diesen Bereichen haben, würden wir uns freuen, wenn wir euch hier supporten könnten.</p>
<p>Ich freue mich auf den weiteren Austausch.</p>
<p>Viele Grüße<br>[Ihr Name]<br>PathWize</p>","info@rabbitAI.de"
"427","RAPYD.AI","https://www.rapyd.ai/","Vielleicht","","info@rapyd.ai","funktional","Intro KI Bundesverband - Data Labeling und Annotation für Ihre KI Vorhaben","Guten Tag,","Guten Tag,

wir stehen eng mit dem KI Bundesverband im Austausch und haben dort die Info erhalten, dass wir uns mal bei euch melden sollen, da unser Experten-Netzwerk ggf. spannend für euch sein könnte.

Wir bei PathWize sind einer der führenden Anbieter für Data Labeling und Annotation im europäischen Raum. Mit einem Netzwerk von über 250.000 Experten können wir die richtigen Köpfe in unterschiedlichen Bereichen für sämtliche Data-Labeling-Bedarfe stellen.

Unternehmen wie z.B. Mistral AI und mittelständische Firmen bis hin zu Konzernen arbeiten bereits mit uns im Rahmen ihrer KI-Vorhaben (Post- und Pre-Training von Modellen, Data Labeling anhand von Bildern, RLHF etc.) zusammen.

Wenn Sie ebenfalls Bedarfe in diesen Bereichen haben, würden wir uns freuen, wenn wir euch hier supporten könnten.

Ich freue mich auf den weiteren Austausch.

Viele Grüße
[Ihr Name]
PathWize","<p>Guten Tag,</p>
<p>wir stehen eng mit dem KI Bundesverband im Austausch und haben dort die Info erhalten, dass wir uns mal bei euch melden sollen, da unser Experten-Netzwerk ggf. spannend für euch sein könnte.</p>
<p>Wir bei <a href=""https://www.gopathwize.com"">PathWize</a> sind einer der führenden Anbieter für Data Labeling und Annotation im europäischen Raum. Mit einem Netzwerk von über 250.000 Experten können wir die richtigen Köpfe in unterschiedlichen Bereichen für sämtliche Data-Labeling-Bedarfe stellen.</p>
<p>Unternehmen wie z.B. Mistral AI und mittelständische Firmen bis hin zu Konzernen arbeiten bereits mit uns im Rahmen ihrer KI-Vorhaben (Post- und Pre-Training von Modellen, Data Labeling anhand von Bildern, RLHF etc.) zusammen.</p>
<p>Wenn Sie ebenfalls Bedarfe in diesen Bereichen haben, würden wir uns freuen, wenn wir euch hier supporten könnten.</p>
<p>Ich freue mich auf den weiteren Austausch.</p>
<p>Viele Grüße<br>[Ihr Name]<br>PathWize</p>","info@rapyd.ai"
"428","ENER-IQ GmbH","https://www.eneriq.com/","Vielleicht","","","keine Mail gefunden","Intro KI Bundesverband - Data Labeling und Annotation für Ihre KI Vorhaben","Guten Tag,","Guten Tag,

wir stehen eng mit dem KI Bundesverband im Austausch und haben dort die Info erhalten, dass wir uns mal bei euch melden sollen, da unser Experten-Netzwerk ggf. spannend für euch sein könnte.

Wir bei PathWize sind einer der führenden Anbieter für Data Labeling und Annotation im europäischen Raum. Mit einem Netzwerk von über 250.000 Experten können wir die richtigen Köpfe in unterschiedlichen Bereichen für sämtliche Data-Labeling-Bedarfe stellen.

Unternehmen wie z.B. Mistral AI und mittelständische Firmen bis hin zu Konzernen arbeiten bereits mit uns im Rahmen ihrer KI-Vorhaben (Post- und Pre-Training von Modellen, Data Labeling anhand von Bildern, RLHF etc.) zusammen.

Wenn Sie ebenfalls Bedarfe in diesen Bereichen haben, würden wir uns freuen, wenn wir euch hier supporten könnten.

Ich freue mich auf den weiteren Austausch.

Viele Grüße
[Ihr Name]
PathWize","<p>Guten Tag,</p>
<p>wir stehen eng mit dem KI Bundesverband im Austausch und haben dort die Info erhalten, dass wir uns mal bei euch melden sollen, da unser Experten-Netzwerk ggf. spannend für euch sein könnte.</p>
<p>Wir bei <a href=""https://www.gopathwize.com"">PathWize</a> sind einer der führenden Anbieter für Data Labeling und Annotation im europäischen Raum. Mit einem Netzwerk von über 250.000 Experten können wir die richtigen Köpfe in unterschiedlichen Bereichen für sämtliche Data-Labeling-Bedarfe stellen.</p>
<p>Unternehmen wie z.B. Mistral AI und mittelständische Firmen bis hin zu Konzernen arbeiten bereits mit uns im Rahmen ihrer KI-Vorhaben (Post- und Pre-Training von Modellen, Data Labeling anhand von Bildern, RLHF etc.) zusammen.</p>
<p>Wenn Sie ebenfalls Bedarfe in diesen Bereichen haben, würden wir uns freuen, wenn wir euch hier supporten könnten.</p>
<p>Ich freue mich auf den weiteren Austausch.</p>
<p>Viele Grüße<br>[Ihr Name]<br>PathWize</p>",""
"429","RedOrbit GmbH","https://www.redorbit.ai/","Vielleicht","Christian Heyer","info@redorbit.ai","funktional","Intro KI Bundesverband - z.Hd. Christian Heyer - Data Labeling und Annotation für Ihre KI Vorhaben","Hallo Herr Heyer,","Hallo Herr Heyer,

wir stehen eng mit dem KI Bundesverband im Austausch und haben dort die Info erhalten, dass wir uns mal bei euch melden sollen, da unser Experten-Netzwerk ggf. spannend für euch sein könnte.

Wir bei PathWize sind einer der führenden Anbieter für Data Labeling und Annotation im europäischen Raum. Mit einem Netzwerk von über 250.000 Experten können wir die richtigen Köpfe in unterschiedlichen Bereichen für sämtliche Data-Labeling-Bedarfe stellen.

Unternehmen wie z.B. Mistral AI und mittelständische Firmen bis hin zu Konzernen arbeiten bereits mit uns im Rahmen ihrer KI-Vorhaben (Post- und Pre-Training von Modellen, Data Labeling anhand von Bildern, RLHF etc.) zusammen.

Wenn Sie ebenfalls Bedarfe in diesen Bereichen haben, würden wir uns freuen, wenn wir euch hier supporten könnten.

Ich freue mich auf den weiteren Austausch.

Viele Grüße
[Ihr Name]
PathWize","<p>Hallo Herr Heyer,</p>
<p>wir stehen eng mit dem KI Bundesverband im Austausch und haben dort die Info erhalten, dass wir uns mal bei euch melden sollen, da unser Experten-Netzwerk ggf. spannend für euch sein könnte.</p>
<p>Wir bei <a href=""https://www.gopathwize.com"">PathWize</a> sind einer der führenden Anbieter für Data Labeling und Annotation im europäischen Raum. Mit einem Netzwerk von über 250.000 Experten können wir die richtigen Köpfe in unterschiedlichen Bereichen für sämtliche Data-Labeling-Bedarfe stellen.</p>
<p>Unternehmen wie z.B. Mistral AI und mittelständische Firmen bis hin zu Konzernen arbeiten bereits mit uns im Rahmen ihrer KI-Vorhaben (Post- und Pre-Training von Modellen, Data Labeling anhand von Bildern, RLHF etc.) zusammen.</p>
<p>Wenn Sie ebenfalls Bedarfe in diesen Bereichen haben, würden wir uns freuen, wenn wir euch hier supporten könnten.</p>
<p>Ich freue mich auf den weiteren Austausch.</p>
<p>Viele Grüße<br>[Ihr Name]<br>PathWize</p>","info@redorbit.ai; info@redorbit.de"
"430","Referenta GmbH","https://ki-verband.de/community/ki-unternehmen/","Vielleicht","Marc Franck","info@referenta.de","funktional","Intro KI Bundesverband - z.Hd. Marc Franck - Data Labeling und Annotation für Ihre KI Vorhaben","Hallo Herr Franck,","Hallo Herr Franck,

wir stehen eng mit dem KI Bundesverband im Austausch und haben dort die Info erhalten, dass wir uns mal bei euch melden sollen, da unser Experten-Netzwerk ggf. spannend für euch sein könnte.

Wir bei PathWize sind einer der führenden Anbieter für Data Labeling und Annotation im europäischen Raum. Mit einem Netzwerk von über 250.000 Experten können wir die richtigen Köpfe in unterschiedlichen Bereichen für sämtliche Data-Labeling-Bedarfe stellen.

Unternehmen wie z.B. Mistral AI und mittelständische Firmen bis hin zu Konzernen arbeiten bereits mit uns im Rahmen ihrer KI-Vorhaben (Post- und Pre-Training von Modellen, Data Labeling anhand von Bildern, RLHF etc.) zusammen.

Wenn Sie ebenfalls Bedarfe in diesen Bereichen haben, würden wir uns freuen, wenn wir euch hier supporten könnten.

Ich freue mich auf den weiteren Austausch.

Viele Grüße
[Ihr Name]
PathWize","<p>Hallo Herr Franck,</p>
<p>wir stehen eng mit dem KI Bundesverband im Austausch und haben dort die Info erhalten, dass wir uns mal bei euch melden sollen, da unser Experten-Netzwerk ggf. spannend für euch sein könnte.</p>
<p>Wir bei <a href=""https://www.gopathwize.com"">PathWize</a> sind einer der führenden Anbieter für Data Labeling und Annotation im europäischen Raum. Mit einem Netzwerk von über 250.000 Experten können wir die richtigen Köpfe in unterschiedlichen Bereichen für sämtliche Data-Labeling-Bedarfe stellen.</p>
<p>Unternehmen wie z.B. Mistral AI und mittelständische Firmen bis hin zu Konzernen arbeiten bereits mit uns im Rahmen ihrer KI-Vorhaben (Post- und Pre-Training von Modellen, Data Labeling anhand von Bildern, RLHF etc.) zusammen.</p>
<p>Wenn Sie ebenfalls Bedarfe in diesen Bereichen haben, würden wir uns freuen, wenn wir euch hier supporten könnten.</p>
<p>Ich freue mich auf den weiteren Austausch.</p>
<p>Viele Grüße<br>[Ihr Name]<br>PathWize</p>","info@referenta.de"
"433","Renumics GmbH","http://www.renumics.com/","Ja","Dr. Stefan Suwelack","info@renumics.com","funktional","Intro KI Bundesverband - z.Hd. Stefan Suwelack - Data Labeling und Annotation für Ihre KI Vorhaben","Hallo Herr Dr. Suwelack,","Hallo Herr Dr. Suwelack,

wir stehen eng mit dem KI Bundesverband im Austausch und haben dort die Info erhalten, dass wir uns mal bei euch melden sollen, da unser Experten-Netzwerk ggf. spannend für euch sein könnte.

Wir bei PathWize sind einer der führenden Anbieter für Data Labeling und Annotation im europäischen Raum. Mit einem Netzwerk von über 250.000 Experten können wir die richtigen Köpfe in unterschiedlichen Bereichen für sämtliche Data-Labeling-Bedarfe stellen.

Unternehmen wie z.B. Mistral AI und mittelständische Firmen bis hin zu Konzernen arbeiten bereits mit uns im Rahmen ihrer KI-Vorhaben (Post- und Pre-Training von Modellen, Data Labeling anhand von Bildern, RLHF etc.) zusammen.

Wenn Sie ebenfalls Bedarfe in diesen Bereichen haben, würden wir uns freuen, wenn wir euch hier supporten könnten.

Ich freue mich auf den weiteren Austausch.

Viele Grüße
[Ihr Name]
PathWize","<p>Hallo Herr Dr. Suwelack,</p>
<p>wir stehen eng mit dem KI Bundesverband im Austausch und haben dort die Info erhalten, dass wir uns mal bei euch melden sollen, da unser Experten-Netzwerk ggf. spannend für euch sein könnte.</p>
<p>Wir bei <a href=""https://www.gopathwize.com"">PathWize</a> sind einer der führenden Anbieter für Data Labeling und Annotation im europäischen Raum. Mit einem Netzwerk von über 250.000 Experten können wir die richtigen Köpfe in unterschiedlichen Bereichen für sämtliche Data-Labeling-Bedarfe stellen.</p>
<p>Unternehmen wie z.B. Mistral AI und mittelständische Firmen bis hin zu Konzernen arbeiten bereits mit uns im Rahmen ihrer KI-Vorhaben (Post- und Pre-Training von Modellen, Data Labeling anhand von Bildern, RLHF etc.) zusammen.</p>
<p>Wenn Sie ebenfalls Bedarfe in diesen Bereichen haben, würden wir uns freuen, wenn wir euch hier supporten könnten.</p>
<p>Ich freue mich auf den weiteren Austausch.</p>
<p>Viele Grüße<br>[Ihr Name]<br>PathWize</p>","info@renumics.com"
"434","REQBEE GmbH","https://reqbee.com/","Vielleicht","Dr. Maria Kopf (CEO)","contact@reqbee.com","funktional","Intro KI Bundesverband - z.Hd. Maria Kopf - Data Labeling und Annotation für Ihre KI Vorhaben","Hallo Frau Dr. Kopf,","Hallo Frau Dr. Kopf,

wir stehen eng mit dem KI Bundesverband im Austausch und haben dort die Info erhalten, dass wir uns mal bei euch melden sollen, da unser Experten-Netzwerk ggf. spannend für euch sein könnte.

Wir bei PathWize sind einer der führenden Anbieter für Data Labeling und Annotation im europäischen Raum. Mit einem Netzwerk von über 250.000 Experten können wir die richtigen Köpfe in unterschiedlichen Bereichen für sämtliche Data-Labeling-Bedarfe stellen.

Unternehmen wie z.B. Mistral AI und mittelständische Firmen bis hin zu Konzernen arbeiten bereits mit uns im Rahmen ihrer KI-Vorhaben (Post- und Pre-Training von Modellen, Data Labeling anhand von Bildern, RLHF etc.) zusammen.

Wenn Sie ebenfalls Bedarfe in diesen Bereichen haben, würden wir uns freuen, wenn wir euch hier supporten könnten.

Ich freue mich auf den weiteren Austausch.

Viele Grüße
[Ihr Name]
PathWize","<p>Hallo Frau Dr. Kopf,</p>
<p>wir stehen eng mit dem KI Bundesverband im Austausch und haben dort die Info erhalten, dass wir uns mal bei euch melden sollen, da unser Experten-Netzwerk ggf. spannend für euch sein könnte.</p>
<p>Wir bei <a href=""https://www.gopathwize.com"">PathWize</a> sind einer der führenden Anbieter für Data Labeling und Annotation im europäischen Raum. Mit einem Netzwerk von über 250.000 Experten können wir die richtigen Köpfe in unterschiedlichen Bereichen für sämtliche Data-Labeling-Bedarfe stellen.</p>
<p>Unternehmen wie z.B. Mistral AI und mittelständische Firmen bis hin zu Konzernen arbeiten bereits mit uns im Rahmen ihrer KI-Vorhaben (Post- und Pre-Training von Modellen, Data Labeling anhand von Bildern, RLHF etc.) zusammen.</p>
<p>Wenn Sie ebenfalls Bedarfe in diesen Bereichen haben, würden wir uns freuen, wenn wir euch hier supporten könnten.</p>
<p>Ich freue mich auf den weiteren Austausch.</p>
<p>Viele Grüße<br>[Ihr Name]<br>PathWize</p>","contact@reqbee.com"
"435","Resourcly GmbH","https://resourcly.com/","Vielleicht","Helena Most, MBA","welcome@resourcly.com","funktional","Intro KI Bundesverband - z.Hd. Helena Most - Data Labeling und Annotation für Ihre KI Vorhaben","Hallo Frau Most,","Hallo Frau Most,

wir stehen eng mit dem KI Bundesverband im Austausch und haben dort die Info erhalten, dass wir uns mal bei euch melden sollen, da unser Experten-Netzwerk ggf. spannend für euch sein könnte.

Wir bei PathWize sind einer der führenden Anbieter für Data Labeling und Annotation im europäischen Raum. Mit einem Netzwerk von über 250.000 Experten können wir die richtigen Köpfe in unterschiedlichen Bereichen für sämtliche Data-Labeling-Bedarfe stellen.

Unternehmen wie z.B. Mistral AI und mittelständische Firmen bis hin zu Konzernen arbeiten bereits mit uns im Rahmen ihrer KI-Vorhaben (Post- und Pre-Training von Modellen, Data Labeling anhand von Bildern, RLHF etc.) zusammen.

Wenn Sie ebenfalls Bedarfe in diesen Bereichen haben, würden wir uns freuen, wenn wir euch hier supporten könnten.

Ich freue mich auf den weiteren Austausch.

Viele Grüße
[Ihr Name]
PathWize","<p>Hallo Frau Most,</p>
<p>wir stehen eng mit dem KI Bundesverband im Austausch und haben dort die Info erhalten, dass wir uns mal bei euch melden sollen, da unser Experten-Netzwerk ggf. spannend für euch sein könnte.</p>
<p>Wir bei <a href=""https://www.gopathwize.com"">PathWize</a> sind einer der führenden Anbieter für Data Labeling und Annotation im europäischen Raum. Mit einem Netzwerk von über 250.000 Experten können wir die richtigen Köpfe in unterschiedlichen Bereichen für sämtliche Data-Labeling-Bedarfe stellen.</p>
<p>Unternehmen wie z.B. Mistral AI und mittelständische Firmen bis hin zu Konzernen arbeiten bereits mit uns im Rahmen ihrer KI-Vorhaben (Post- und Pre-Training von Modellen, Data Labeling anhand von Bildern, RLHF etc.) zusammen.</p>
<p>Wenn Sie ebenfalls Bedarfe in diesen Bereichen haben, würden wir uns freuen, wenn wir euch hier supporten könnten.</p>
<p>Ich freue mich auf den weiteren Austausch.</p>
<p>Viele Grüße<br>[Ihr Name]<br>PathWize</p>","welcome@resourcly.com"
"436","Rethinking Job GmbH","https://rethinkingjob.com/","Vielleicht","Stefan Wickenhäuser","stefan@rethinkingjob.com","direkt (belegt)","Intro KI Bundesverband - Data Labeling und Annotation für Ihre KI Vorhaben","Hallo Herr Wickenhäuser,","Hallo Herr Wickenhäuser,

wir stehen eng mit dem KI Bundesverband im Austausch und haben dort die Info erhalten, dass wir uns mal bei euch melden sollen, da unser Experten-Netzwerk ggf. spannend für euch sein könnte.

Wir bei PathWize sind einer der führenden Anbieter für Data Labeling und Annotation im europäischen Raum. Mit einem Netzwerk von über 250.000 Experten können wir die richtigen Köpfe in unterschiedlichen Bereichen für sämtliche Data-Labeling-Bedarfe stellen.

Unternehmen wie z.B. Mistral AI und mittelständische Firmen bis hin zu Konzernen arbeiten bereits mit uns im Rahmen ihrer KI-Vorhaben (Post- und Pre-Training von Modellen, Data Labeling anhand von Bildern, RLHF etc.) zusammen.

Wenn Sie ebenfalls Bedarfe in diesen Bereichen haben, würden wir uns freuen, wenn wir euch hier supporten könnten.

Ich freue mich auf den weiteren Austausch.

Viele Grüße
[Ihr Name]
PathWize","<p>Hallo Herr Wickenhäuser,</p>
<p>wir stehen eng mit dem KI Bundesverband im Austausch und haben dort die Info erhalten, dass wir uns mal bei euch melden sollen, da unser Experten-Netzwerk ggf. spannend für euch sein könnte.</p>
<p>Wir bei <a href=""https://www.gopathwize.com"">PathWize</a> sind einer der führenden Anbieter für Data Labeling und Annotation im europäischen Raum. Mit einem Netzwerk von über 250.000 Experten können wir die richtigen Köpfe in unterschiedlichen Bereichen für sämtliche Data-Labeling-Bedarfe stellen.</p>
<p>Unternehmen wie z.B. Mistral AI und mittelständische Firmen bis hin zu Konzernen arbeiten bereits mit uns im Rahmen ihrer KI-Vorhaben (Post- und Pre-Training von Modellen, Data Labeling anhand von Bildern, RLHF etc.) zusammen.</p>
<p>Wenn Sie ebenfalls Bedarfe in diesen Bereichen haben, würden wir uns freuen, wenn wir euch hier supporten könnten.</p>
<p>Ich freue mich auf den weiteren Austausch.</p>
<p>Viele Grüße<br>[Ihr Name]<br>PathWize</p>","info@rethinkingjob.com; stefan@rethinkingjob.com; ayo@rethinkingjob.com"
"437","Retorio GmbH","http://www.retorio.com/","Ja","Dr. Patrick Oehler","contact@retorio.com","funktional","Intro KI Bundesverband - z.Hd. Patrick Oehler - Data Labeling und Annotation für Ihre KI Vorhaben","Hallo Herr Dr. Oehler,","Hallo Herr Dr. Oehler,

wir stehen eng mit dem KI Bundesverband im Austausch und haben dort die Info erhalten, dass wir uns mal bei euch melden sollen, da unser Experten-Netzwerk ggf. spannend für euch sein könnte.

Wir bei PathWize sind einer der führenden Anbieter für Data Labeling und Annotation im europäischen Raum. Mit einem Netzwerk von über 250.000 Experten können wir die richtigen Köpfe in unterschiedlichen Bereichen für sämtliche Data-Labeling-Bedarfe stellen.

Unternehmen wie z.B. Mistral AI und mittelständische Firmen bis hin zu Konzernen arbeiten bereits mit uns im Rahmen ihrer KI-Vorhaben (Post- und Pre-Training von Modellen, Data Labeling anhand von Bildern, RLHF etc.) zusammen.

Wenn Sie ebenfalls Bedarfe in diesen Bereichen haben, würden wir uns freuen, wenn wir euch hier supporten könnten.

Ich freue mich auf den weiteren Austausch.

Viele Grüße
[Ihr Name]
PathWize","<p>Hallo Herr Dr. Oehler,</p>
<p>wir stehen eng mit dem KI Bundesverband im Austausch und haben dort die Info erhalten, dass wir uns mal bei euch melden sollen, da unser Experten-Netzwerk ggf. spannend für euch sein könnte.</p>
<p>Wir bei <a href=""https://www.gopathwize.com"">PathWize</a> sind einer der führenden Anbieter für Data Labeling und Annotation im europäischen Raum. Mit einem Netzwerk von über 250.000 Experten können wir die richtigen Köpfe in unterschiedlichen Bereichen für sämtliche Data-Labeling-Bedarfe stellen.</p>
<p>Unternehmen wie z.B. Mistral AI und mittelständische Firmen bis hin zu Konzernen arbeiten bereits mit uns im Rahmen ihrer KI-Vorhaben (Post- und Pre-Training von Modellen, Data Labeling anhand von Bildern, RLHF etc.) zusammen.</p>
<p>Wenn Sie ebenfalls Bedarfe in diesen Bereichen haben, würden wir uns freuen, wenn wir euch hier supporten könnten.</p>
<p>Ich freue mich auf den weiteren Austausch.</p>
<p>Viele Grüße<br>[Ihr Name]<br>PathWize</p>","contact@retorio.com"
"438","RevoAI GmbH","https://www.revoai.de/","Ja","","","keine Mail gefunden","Intro KI Bundesverband - Data Labeling und Annotation für Ihre KI Vorhaben","Guten Tag,","Guten Tag,

wir stehen eng mit dem KI Bundesverband im Austausch und haben dort die Info erhalten, dass wir uns mal bei euch melden sollen, da unser Experten-Netzwerk ggf. spannend für euch sein könnte.

Wir bei PathWize sind einer der führenden Anbieter für Data Labeling und Annotation im europäischen Raum. Mit einem Netzwerk von über 250.000 Experten können wir die richtigen Köpfe in unterschiedlichen Bereichen für sämtliche Data-Labeling-Bedarfe stellen.

Unternehmen wie z.B. Mistral AI und mittelständische Firmen bis hin zu Konzernen arbeiten bereits mit uns im Rahmen ihrer KI-Vorhaben (Post- und Pre-Training von Modellen, Data Labeling anhand von Bildern, RLHF etc.) zusammen.

Wenn Sie ebenfalls Bedarfe in diesen Bereichen haben, würden wir uns freuen, wenn wir euch hier supporten könnten.

Ich freue mich auf den weiteren Austausch.

Viele Grüße
[Ihr Name]
PathWize","<p>Guten Tag,</p>
<p>wir stehen eng mit dem KI Bundesverband im Austausch und haben dort die Info erhalten, dass wir uns mal bei euch melden sollen, da unser Experten-Netzwerk ggf. spannend für euch sein könnte.</p>
<p>Wir bei <a href=""https://www.gopathwize.com"">PathWize</a> sind einer der führenden Anbieter für Data Labeling und Annotation im europäischen Raum. Mit einem Netzwerk von über 250.000 Experten können wir die richtigen Köpfe in unterschiedlichen Bereichen für sämtliche Data-Labeling-Bedarfe stellen.</p>
<p>Unternehmen wie z.B. Mistral AI und mittelständische Firmen bis hin zu Konzernen arbeiten bereits mit uns im Rahmen ihrer KI-Vorhaben (Post- und Pre-Training von Modellen, Data Labeling anhand von Bildern, RLHF etc.) zusammen.</p>
<p>Wenn Sie ebenfalls Bedarfe in diesen Bereichen haben, würden wir uns freuen, wenn wir euch hier supporten könnten.</p>
<p>Ich freue mich auf den weiteren Austausch.</p>
<p>Viele Grüße<br>[Ihr Name]<br>PathWize</p>",""
"439","Rhesis AI GmbH","https://www.rhesisi.ai/","Ja","Dr. Nicolai Bohn (Managing Director)","hello@rhesis.ai","funktional","Intro KI Bundesverband - z.Hd. Nicolai Bohn - Data Labeling und Annotation für Ihre KI Vorhaben","Hallo Herr Dr. Bohn,","Hallo Herr Dr. Bohn,

wir stehen eng mit dem KI Bundesverband im Austausch und haben dort die Info erhalten, dass wir uns mal bei euch melden sollen, da unser Experten-Netzwerk ggf. spannend für euch sein könnte.

Wir bei PathWize sind einer der führenden Anbieter für Data Labeling und Annotation im europäischen Raum. Mit einem Netzwerk von über 250.000 Experten können wir die richtigen Köpfe in unterschiedlichen Bereichen für sämtliche Data-Labeling-Bedarfe stellen.

Unternehmen wie z.B. Mistral AI und mittelständische Firmen bis hin zu Konzernen arbeiten bereits mit uns im Rahmen ihrer KI-Vorhaben (Post- und Pre-Training von Modellen, Data Labeling anhand von Bildern, RLHF etc.) zusammen.

Wenn Sie ebenfalls Bedarfe in diesen Bereichen haben, würden wir uns freuen, wenn wir euch hier supporten könnten.

Ich freue mich auf den weiteren Austausch.

Viele Grüße
[Ihr Name]
PathWize","<p>Hallo Herr Dr. Bohn,</p>
<p>wir stehen eng mit dem KI Bundesverband im Austausch und haben dort die Info erhalten, dass wir uns mal bei euch melden sollen, da unser Experten-Netzwerk ggf. spannend für euch sein könnte.</p>
<p>Wir bei <a href=""https://www.gopathwize.com"">PathWize</a> sind einer der führenden Anbieter für Data Labeling und Annotation im europäischen Raum. Mit einem Netzwerk von über 250.000 Experten können wir die richtigen Köpfe in unterschiedlichen Bereichen für sämtliche Data-Labeling-Bedarfe stellen.</p>
<p>Unternehmen wie z.B. Mistral AI und mittelständische Firmen bis hin zu Konzernen arbeiten bereits mit uns im Rahmen ihrer KI-Vorhaben (Post- und Pre-Training von Modellen, Data Labeling anhand von Bildern, RLHF etc.) zusammen.</p>
<p>Wenn Sie ebenfalls Bedarfe in diesen Bereichen haben, würden wir uns freuen, wenn wir euch hier supporten könnten.</p>
<p>Ich freue mich auf den weiteren Austausch.</p>
<p>Viele Grüße<br>[Ihr Name]<br>PathWize</p>","hello@rhesis.ai"
"440","rlvnt GmbH","https://rlvnt.de/","Vielleicht","Matthias Biebl, Katharina Biebl","hallo@rlvnt.de","funktional","Intro KI Bundesverband - z.Hd. Matthias Biebl - Data Labeling und Annotation für Ihre KI Vorhaben","Hallo Herr Biebl,","Hallo Herr Biebl,

wir stehen eng mit dem KI Bundesverband im Austausch und haben dort die Info erhalten, dass wir uns mal bei euch melden sollen, da unser Experten-Netzwerk ggf. spannend für euch sein könnte.

Wir bei PathWize sind einer der führenden Anbieter für Data Labeling und Annotation im europäischen Raum. Mit einem Netzwerk von über 250.000 Experten können wir die richtigen Köpfe in unterschiedlichen Bereichen für sämtliche Data-Labeling-Bedarfe stellen.

Unternehmen wie z.B. Mistral AI und mittelständische Firmen bis hin zu Konzernen arbeiten bereits mit uns im Rahmen ihrer KI-Vorhaben (Post- und Pre-Training von Modellen, Data Labeling anhand von Bildern, RLHF etc.) zusammen.

Wenn Sie ebenfalls Bedarfe in diesen Bereichen haben, würden wir uns freuen, wenn wir euch hier supporten könnten.

Ich freue mich auf den weiteren Austausch.

Viele Grüße
[Ihr Name]
PathWize","<p>Hallo Herr Biebl,</p>
<p>wir stehen eng mit dem KI Bundesverband im Austausch und haben dort die Info erhalten, dass wir uns mal bei euch melden sollen, da unser Experten-Netzwerk ggf. spannend für euch sein könnte.</p>
<p>Wir bei <a href=""https://www.gopathwize.com"">PathWize</a> sind einer der führenden Anbieter für Data Labeling und Annotation im europäischen Raum. Mit einem Netzwerk von über 250.000 Experten können wir die richtigen Köpfe in unterschiedlichen Bereichen für sämtliche Data-Labeling-Bedarfe stellen.</p>
<p>Unternehmen wie z.B. Mistral AI und mittelständische Firmen bis hin zu Konzernen arbeiten bereits mit uns im Rahmen ihrer KI-Vorhaben (Post- und Pre-Training von Modellen, Data Labeling anhand von Bildern, RLHF etc.) zusammen.</p>
<p>Wenn Sie ebenfalls Bedarfe in diesen Bereichen haben, würden wir uns freuen, wenn wir euch hier supporten könnten.</p>
<p>Ich freue mich auf den weiteren Austausch.</p>
<p>Viele Grüße<br>[Ihr Name]<br>PathWize</p>","hallo@rlvnt.de"
"441","RN Edge Solutions GmbH (Quantum Voice)","https://quantumvoice.de/","Ja","Robert Steko, Noah Karrer","info@quantumvoice.de","funktional","Intro KI Bundesverband - z.Hd. Robert Steko - Data Labeling und Annotation für Ihre KI Vorhaben","Hallo Herr Steko,","Hallo Herr Steko,

wir stehen eng mit dem KI Bundesverband im Austausch und haben dort die Info erhalten, dass wir uns mal bei euch melden sollen, da unser Experten-Netzwerk ggf. spannend für euch sein könnte.

Wir bei PathWize sind einer der führenden Anbieter für Data Labeling und Annotation im europäischen Raum. Mit einem Netzwerk von über 250.000 Experten können wir die richtigen Köpfe in unterschiedlichen Bereichen für sämtliche Data-Labeling-Bedarfe stellen.

Unternehmen wie z.B. Mistral AI und mittelständische Firmen bis hin zu Konzernen arbeiten bereits mit uns im Rahmen ihrer KI-Vorhaben (Post- und Pre-Training von Modellen, Data Labeling anhand von Bildern, RLHF etc.) zusammen.

Wenn Sie ebenfalls Bedarfe in diesen Bereichen haben, würden wir uns freuen, wenn wir euch hier supporten könnten.

Ich freue mich auf den weiteren Austausch.

Viele Grüße
[Ihr Name]
PathWize","<p>Hallo Herr Steko,</p>
<p>wir stehen eng mit dem KI Bundesverband im Austausch und haben dort die Info erhalten, dass wir uns mal bei euch melden sollen, da unser Experten-Netzwerk ggf. spannend für euch sein könnte.</p>
<p>Wir bei <a href=""https://www.gopathwize.com"">PathWize</a> sind einer der führenden Anbieter für Data Labeling und Annotation im europäischen Raum. Mit einem Netzwerk von über 250.000 Experten können wir die richtigen Köpfe in unterschiedlichen Bereichen für sämtliche Data-Labeling-Bedarfe stellen.</p>
<p>Unternehmen wie z.B. Mistral AI und mittelständische Firmen bis hin zu Konzernen arbeiten bereits mit uns im Rahmen ihrer KI-Vorhaben (Post- und Pre-Training von Modellen, Data Labeling anhand von Bildern, RLHF etc.) zusammen.</p>
<p>Wenn Sie ebenfalls Bedarfe in diesen Bereichen haben, würden wir uns freuen, wenn wir euch hier supporten könnten.</p>
<p>Ich freue mich auf den weiteren Austausch.</p>
<p>Viele Grüße<br>[Ihr Name]<br>PathWize</p>","info@quantumvoice.de"
"442","kineo.ai","https://kineo.ai/","Ja","","contact@enaovision.com","funktional","Intro KI Bundesverband - Data Labeling und Annotation für Ihre KI Vorhaben","Guten Tag,","Guten Tag,

wir stehen eng mit dem KI Bundesverband im Austausch und haben dort die Info erhalten, dass wir uns mal bei euch melden sollen, da unser Experten-Netzwerk ggf. spannend für euch sein könnte.

Wir bei PathWize sind einer der führenden Anbieter für Data Labeling und Annotation im europäischen Raum. Mit einem Netzwerk von über 250.000 Experten können wir die richtigen Köpfe in unterschiedlichen Bereichen für sämtliche Data-Labeling-Bedarfe stellen.

Unternehmen wie z.B. Mistral AI und mittelständische Firmen bis hin zu Konzernen arbeiten bereits mit uns im Rahmen ihrer KI-Vorhaben (Post- und Pre-Training von Modellen, Data Labeling anhand von Bildern, RLHF etc.) zusammen.

Wenn Sie ebenfalls Bedarfe in diesen Bereichen haben, würden wir uns freuen, wenn wir euch hier supporten könnten.

Ich freue mich auf den weiteren Austausch.

Viele Grüße
[Ihr Name]
PathWize","<p>Guten Tag,</p>
<p>wir stehen eng mit dem KI Bundesverband im Austausch und haben dort die Info erhalten, dass wir uns mal bei euch melden sollen, da unser Experten-Netzwerk ggf. spannend für euch sein könnte.</p>
<p>Wir bei <a href=""https://www.gopathwize.com"">PathWize</a> sind einer der führenden Anbieter für Data Labeling und Annotation im europäischen Raum. Mit einem Netzwerk von über 250.000 Experten können wir die richtigen Köpfe in unterschiedlichen Bereichen für sämtliche Data-Labeling-Bedarfe stellen.</p>
<p>Unternehmen wie z.B. Mistral AI und mittelständische Firmen bis hin zu Konzernen arbeiten bereits mit uns im Rahmen ihrer KI-Vorhaben (Post- und Pre-Training von Modellen, Data Labeling anhand von Bildern, RLHF etc.) zusammen.</p>
<p>Wenn Sie ebenfalls Bedarfe in diesen Bereichen haben, würden wir uns freuen, wenn wir euch hier supporten könnten.</p>
<p>Ich freue mich auf den weiteren Austausch.</p>
<p>Viele Grüße<br>[Ihr Name]<br>PathWize</p>","contact@enaovision.com"
"443","robominds GmbH","https://www.robominds.de/","Ja","Tobias Rietzler, Andreas Däubler","info@robominds.de","funktional","Intro KI Bundesverband - z.Hd. Tobias Rietzler - Data Labeling und Annotation für Ihre KI Vorhaben","Hallo Herr Rietzler,","Hallo Herr Rietzler,

wir stehen eng mit dem KI Bundesverband im Austausch und haben dort die Info erhalten, dass wir uns mal bei euch melden sollen, da unser Experten-Netzwerk ggf. spannend für euch sein könnte.

Wir bei PathWize sind einer der führenden Anbieter für Data Labeling und Annotation im europäischen Raum. Mit einem Netzwerk von über 250.000 Experten können wir die richtigen Köpfe in unterschiedlichen Bereichen für sämtliche Data-Labeling-Bedarfe stellen.

Unternehmen wie z.B. Mistral AI und mittelständische Firmen bis hin zu Konzernen arbeiten bereits mit uns im Rahmen ihrer KI-Vorhaben (Post- und Pre-Training von Modellen, Data Labeling anhand von Bildern, RLHF etc.) zusammen.

Wenn Sie ebenfalls Bedarfe in diesen Bereichen haben, würden wir uns freuen, wenn wir euch hier supporten könnten.

Ich freue mich auf den weiteren Austausch.

Viele Grüße
[Ihr Name]
PathWize","<p>Hallo Herr Rietzler,</p>
<p>wir stehen eng mit dem KI Bundesverband im Austausch und haben dort die Info erhalten, dass wir uns mal bei euch melden sollen, da unser Experten-Netzwerk ggf. spannend für euch sein könnte.</p>
<p>Wir bei <a href=""https://www.gopathwize.com"">PathWize</a> sind einer der führenden Anbieter für Data Labeling und Annotation im europäischen Raum. Mit einem Netzwerk von über 250.000 Experten können wir die richtigen Köpfe in unterschiedlichen Bereichen für sämtliche Data-Labeling-Bedarfe stellen.</p>
<p>Unternehmen wie z.B. Mistral AI und mittelständische Firmen bis hin zu Konzernen arbeiten bereits mit uns im Rahmen ihrer KI-Vorhaben (Post- und Pre-Training von Modellen, Data Labeling anhand von Bildern, RLHF etc.) zusammen.</p>
<p>Wenn Sie ebenfalls Bedarfe in diesen Bereichen haben, würden wir uns freuen, wenn wir euch hier supporten könnten.</p>
<p>Ich freue mich auf den weiteren Austausch.</p>
<p>Viele Grüße<br>[Ihr Name]<br>PathWize</p>","info@robominds.de"
"446","RS AlphaSense GmbH","https://www.rubinstein-schmiedel.com/","Vielleicht","","","keine Mail gefunden","Intro KI Bundesverband - Data Labeling und Annotation für Ihre KI Vorhaben","Guten Tag,","Guten Tag,

wir stehen eng mit dem KI Bundesverband im Austausch und haben dort die Info erhalten, dass wir uns mal bei euch melden sollen, da unser Experten-Netzwerk ggf. spannend für euch sein könnte.

Wir bei PathWize sind einer der führenden Anbieter für Data Labeling und Annotation im europäischen Raum. Mit einem Netzwerk von über 250.000 Experten können wir die richtigen Köpfe in unterschiedlichen Bereichen für sämtliche Data-Labeling-Bedarfe stellen.

Unternehmen wie z.B. Mistral AI und mittelständische Firmen bis hin zu Konzernen arbeiten bereits mit uns im Rahmen ihrer KI-Vorhaben (Post- und Pre-Training von Modellen, Data Labeling anhand von Bildern, RLHF etc.) zusammen.

Wenn Sie ebenfalls Bedarfe in diesen Bereichen haben, würden wir uns freuen, wenn wir euch hier supporten könnten.

Ich freue mich auf den weiteren Austausch.

Viele Grüße
[Ihr Name]
PathWize","<p>Guten Tag,</p>
<p>wir stehen eng mit dem KI Bundesverband im Austausch und haben dort die Info erhalten, dass wir uns mal bei euch melden sollen, da unser Experten-Netzwerk ggf. spannend für euch sein könnte.</p>
<p>Wir bei <a href=""https://www.gopathwize.com"">PathWize</a> sind einer der führenden Anbieter für Data Labeling und Annotation im europäischen Raum. Mit einem Netzwerk von über 250.000 Experten können wir die richtigen Köpfe in unterschiedlichen Bereichen für sämtliche Data-Labeling-Bedarfe stellen.</p>
<p>Unternehmen wie z.B. Mistral AI und mittelständische Firmen bis hin zu Konzernen arbeiten bereits mit uns im Rahmen ihrer KI-Vorhaben (Post- und Pre-Training von Modellen, Data Labeling anhand von Bildern, RLHF etc.) zusammen.</p>
<p>Wenn Sie ebenfalls Bedarfe in diesen Bereichen haben, würden wir uns freuen, wenn wir euch hier supporten könnten.</p>
<p>Ich freue mich auf den weiteren Austausch.</p>
<p>Viele Grüße<br>[Ihr Name]<br>PathWize</p>",""
"447","RUBINLAKE GmbH","https://rubinlake.com/","Vielleicht","Maxim Babarinow","contact@rubinlake.com","funktional","Intro KI Bundesverband - z.Hd. Maxim Babarinow - Data Labeling und Annotation für Ihre KI Vorhaben","Hallo Herr Babarinow,","Hallo Herr Babarinow,

wir stehen eng mit dem KI Bundesverband im Austausch und haben dort die Info erhalten, dass wir uns mal bei euch melden sollen, da unser Experten-Netzwerk ggf. spannend für euch sein könnte.

Wir bei PathWize sind einer der führenden Anbieter für Data Labeling und Annotation im europäischen Raum. Mit einem Netzwerk von über 250.000 Experten können wir die richtigen Köpfe in unterschiedlichen Bereichen für sämtliche Data-Labeling-Bedarfe stellen.

Unternehmen wie z.B. Mistral AI und mittelständische Firmen bis hin zu Konzernen arbeiten bereits mit uns im Rahmen ihrer KI-Vorhaben (Post- und Pre-Training von Modellen, Data Labeling anhand von Bildern, RLHF etc.) zusammen.

Wenn Sie ebenfalls Bedarfe in diesen Bereichen haben, würden wir uns freuen, wenn wir euch hier supporten könnten.

Ich freue mich auf den weiteren Austausch.

Viele Grüße
[Ihr Name]
PathWize","<p>Hallo Herr Babarinow,</p>
<p>wir stehen eng mit dem KI Bundesverband im Austausch und haben dort die Info erhalten, dass wir uns mal bei euch melden sollen, da unser Experten-Netzwerk ggf. spannend für euch sein könnte.</p>
<p>Wir bei <a href=""https://www.gopathwize.com"">PathWize</a> sind einer der führenden Anbieter für Data Labeling und Annotation im europäischen Raum. Mit einem Netzwerk von über 250.000 Experten können wir die richtigen Köpfe in unterschiedlichen Bereichen für sämtliche Data-Labeling-Bedarfe stellen.</p>
<p>Unternehmen wie z.B. Mistral AI und mittelständische Firmen bis hin zu Konzernen arbeiten bereits mit uns im Rahmen ihrer KI-Vorhaben (Post- und Pre-Training von Modellen, Data Labeling anhand von Bildern, RLHF etc.) zusammen.</p>
<p>Wenn Sie ebenfalls Bedarfe in diesen Bereichen haben, würden wir uns freuen, wenn wir euch hier supporten könnten.</p>
<p>Ich freue mich auf den weiteren Austausch.</p>
<p>Viele Grüße<br>[Ihr Name]<br>PathWize</p>","contact@rubinlake.com; support@rubinlake.com; talents@rubinlake.com"
"448","SABO Mobile IT GmbH","https://www.saboit.de/","Ja","Josef Mladen Sabo, Thomas Sykora","info@saboit.de","funktional","Intro KI Bundesverband - z.Hd. Josef Sabo - Data Labeling und Annotation für Ihre KI Vorhaben","Hallo Herr Sabo,","Hallo Herr Sabo,

wir stehen eng mit dem KI Bundesverband im Austausch und haben dort die Info erhalten, dass wir uns mal bei euch melden sollen, da unser Experten-Netzwerk ggf. spannend für euch sein könnte.

Wir bei PathWize sind einer der führenden Anbieter für Data Labeling und Annotation im europäischen Raum. Mit einem Netzwerk von über 250.000 Experten können wir die richtigen Köpfe in unterschiedlichen Bereichen für sämtliche Data-Labeling-Bedarfe stellen.

Unternehmen wie z.B. Mistral AI und mittelständische Firmen bis hin zu Konzernen arbeiten bereits mit uns im Rahmen ihrer KI-Vorhaben (Post- und Pre-Training von Modellen, Data Labeling anhand von Bildern, RLHF etc.) zusammen.

Wenn Sie ebenfalls Bedarfe in diesen Bereichen haben, würden wir uns freuen, wenn wir euch hier supporten könnten.

Ich freue mich auf den weiteren Austausch.

Viele Grüße
[Ihr Name]
PathWize","<p>Hallo Herr Sabo,</p>
<p>wir stehen eng mit dem KI Bundesverband im Austausch und haben dort die Info erhalten, dass wir uns mal bei euch melden sollen, da unser Experten-Netzwerk ggf. spannend für euch sein könnte.</p>
<p>Wir bei <a href=""https://www.gopathwize.com"">PathWize</a> sind einer der führenden Anbieter für Data Labeling und Annotation im europäischen Raum. Mit einem Netzwerk von über 250.000 Experten können wir die richtigen Köpfe in unterschiedlichen Bereichen für sämtliche Data-Labeling-Bedarfe stellen.</p>
<p>Unternehmen wie z.B. Mistral AI und mittelständische Firmen bis hin zu Konzernen arbeiten bereits mit uns im Rahmen ihrer KI-Vorhaben (Post- und Pre-Training von Modellen, Data Labeling anhand von Bildern, RLHF etc.) zusammen.</p>
<p>Wenn Sie ebenfalls Bedarfe in diesen Bereichen haben, würden wir uns freuen, wenn wir euch hier supporten könnten.</p>
<p>Ich freue mich auf den weiteren Austausch.</p>
<p>Viele Grüße<br>[Ihr Name]<br>PathWize</p>","info@saboit.de"
"449","Safira GmbH","https://safira.ai/","Vielleicht","Andreas Anding","go@safira.ai","funktional (Mitarbeiter-Mail)","Intro KI Bundesverband - z.Hd. Andreas Anding - Data Labeling und Annotation für Ihre KI Vorhaben","Hallo Herr Anding,","Hallo Herr Anding,

wir stehen eng mit dem KI Bundesverband im Austausch und haben dort die Info erhalten, dass wir uns mal bei euch melden sollen, da unser Experten-Netzwerk ggf. spannend für euch sein könnte.

Wir bei PathWize sind einer der führenden Anbieter für Data Labeling und Annotation im europäischen Raum. Mit einem Netzwerk von über 250.000 Experten können wir die richtigen Köpfe in unterschiedlichen Bereichen für sämtliche Data-Labeling-Bedarfe stellen.

Unternehmen wie z.B. Mistral AI und mittelständische Firmen bis hin zu Konzernen arbeiten bereits mit uns im Rahmen ihrer KI-Vorhaben (Post- und Pre-Training von Modellen, Data Labeling anhand von Bildern, RLHF etc.) zusammen.

Wenn Sie ebenfalls Bedarfe in diesen Bereichen haben, würden wir uns freuen, wenn wir euch hier supporten könnten.

Ich freue mich auf den weiteren Austausch.

Viele Grüße
[Ihr Name]
PathWize","<p>Hallo Herr Anding,</p>
<p>wir stehen eng mit dem KI Bundesverband im Austausch und haben dort die Info erhalten, dass wir uns mal bei euch melden sollen, da unser Experten-Netzwerk ggf. spannend für euch sein könnte.</p>
<p>Wir bei <a href=""https://www.gopathwize.com"">PathWize</a> sind einer der führenden Anbieter für Data Labeling und Annotation im europäischen Raum. Mit einem Netzwerk von über 250.000 Experten können wir die richtigen Köpfe in unterschiedlichen Bereichen für sämtliche Data-Labeling-Bedarfe stellen.</p>
<p>Unternehmen wie z.B. Mistral AI und mittelständische Firmen bis hin zu Konzernen arbeiten bereits mit uns im Rahmen ihrer KI-Vorhaben (Post- und Pre-Training von Modellen, Data Labeling anhand von Bildern, RLHF etc.) zusammen.</p>
<p>Wenn Sie ebenfalls Bedarfe in diesen Bereichen haben, würden wir uns freuen, wenn wir euch hier supporten könnten.</p>
<p>Ich freue mich auf den weiteren Austausch.</p>
<p>Viele Grüße<br>[Ihr Name]<br>PathWize</p>","go@safira.ai"
"451","saypien UG","https://www.saypien.io/","Vielleicht","Leon Sperber, Kolja Eckart","support@saypien.io","funktional (Mitarbeiter-Mail)","Intro KI Bundesverband - z.Hd. Leon Sperber - Data Labeling und Annotation für Ihre KI Vorhaben","Hallo Herr Sperber,","Hallo Herr Sperber,

wir stehen eng mit dem KI Bundesverband im Austausch und haben dort die Info erhalten, dass wir uns mal bei euch melden sollen, da unser Experten-Netzwerk ggf. spannend für euch sein könnte.

Wir bei PathWize sind einer der führenden Anbieter für Data Labeling und Annotation im europäischen Raum. Mit einem Netzwerk von über 250.000 Experten können wir die richtigen Köpfe in unterschiedlichen Bereichen für sämtliche Data-Labeling-Bedarfe stellen.

Unternehmen wie z.B. Mistral AI und mittelständische Firmen bis hin zu Konzernen arbeiten bereits mit uns im Rahmen ihrer KI-Vorhaben (Post- und Pre-Training von Modellen, Data Labeling anhand von Bildern, RLHF etc.) zusammen.

Wenn Sie ebenfalls Bedarfe in diesen Bereichen haben, würden wir uns freuen, wenn wir euch hier supporten könnten.

Ich freue mich auf den weiteren Austausch.

Viele Grüße
[Ihr Name]
PathWize","<p>Hallo Herr Sperber,</p>
<p>wir stehen eng mit dem KI Bundesverband im Austausch und haben dort die Info erhalten, dass wir uns mal bei euch melden sollen, da unser Experten-Netzwerk ggf. spannend für euch sein könnte.</p>
<p>Wir bei <a href=""https://www.gopathwize.com"">PathWize</a> sind einer der führenden Anbieter für Data Labeling und Annotation im europäischen Raum. Mit einem Netzwerk von über 250.000 Experten können wir die richtigen Köpfe in unterschiedlichen Bereichen für sämtliche Data-Labeling-Bedarfe stellen.</p>
<p>Unternehmen wie z.B. Mistral AI und mittelständische Firmen bis hin zu Konzernen arbeiten bereits mit uns im Rahmen ihrer KI-Vorhaben (Post- und Pre-Training von Modellen, Data Labeling anhand von Bildern, RLHF etc.) zusammen.</p>
<p>Wenn Sie ebenfalls Bedarfe in diesen Bereichen haben, würden wir uns freuen, wenn wir euch hier supporten könnten.</p>
<p>Ich freue mich auf den weiteren Austausch.</p>
<p>Viele Grüße<br>[Ihr Name]<br>PathWize</p>","support@saypien.io"
"452","Scala Value GmbH","https://www.scala-value.com/","Vielleicht","Victor Wiedermann","vw@scala-value.com","direkt (belegt)","Intro KI Bundesverband - Data Labeling und Annotation für Ihre KI Vorhaben","Hallo Herr Wiedermann,","Hallo Herr Wiedermann,

wir stehen eng mit dem KI Bundesverband im Austausch und haben dort die Info erhalten, dass wir uns mal bei euch melden sollen, da unser Experten-Netzwerk ggf. spannend für euch sein könnte.

Wir bei PathWize sind einer der führenden Anbieter für Data Labeling und Annotation im europäischen Raum. Mit einem Netzwerk von über 250.000 Experten können wir die richtigen Köpfe in unterschiedlichen Bereichen für sämtliche Data-Labeling-Bedarfe stellen.

Unternehmen wie z.B. Mistral AI und mittelständische Firmen bis hin zu Konzernen arbeiten bereits mit uns im Rahmen ihrer KI-Vorhaben (Post- und Pre-Training von Modellen, Data Labeling anhand von Bildern, RLHF etc.) zusammen.

Wenn Sie ebenfalls Bedarfe in diesen Bereichen haben, würden wir uns freuen, wenn wir euch hier supporten könnten.

Ich freue mich auf den weiteren Austausch.

Viele Grüße
[Ihr Name]
PathWize","<p>Hallo Herr Wiedermann,</p>
<p>wir stehen eng mit dem KI Bundesverband im Austausch und haben dort die Info erhalten, dass wir uns mal bei euch melden sollen, da unser Experten-Netzwerk ggf. spannend für euch sein könnte.</p>
<p>Wir bei <a href=""https://www.gopathwize.com"">PathWize</a> sind einer der führenden Anbieter für Data Labeling und Annotation im europäischen Raum. Mit einem Netzwerk von über 250.000 Experten können wir die richtigen Köpfe in unterschiedlichen Bereichen für sämtliche Data-Labeling-Bedarfe stellen.</p>
<p>Unternehmen wie z.B. Mistral AI und mittelständische Firmen bis hin zu Konzernen arbeiten bereits mit uns im Rahmen ihrer KI-Vorhaben (Post- und Pre-Training von Modellen, Data Labeling anhand von Bildern, RLHF etc.) zusammen.</p>
<p>Wenn Sie ebenfalls Bedarfe in diesen Bereichen haben, würden wir uns freuen, wenn wir euch hier supporten könnten.</p>
<p>Ich freue mich auf den weiteren Austausch.</p>
<p>Viele Grüße<br>[Ihr Name]<br>PathWize</p>","info@scala-value.com; vw@scala-value.com"
"453","Scavenger AI GmbH","https://www.scavenger-ai.com/","Vielleicht","Felix Beissel, Maximilian Hahnenkamp","","keine Mail gefunden","Intro KI Bundesverband - z.Hd. Felix Beissel - Data Labeling und Annotation für Ihre KI Vorhaben","Hallo Herr Beissel,","Hallo Herr Beissel,

wir stehen eng mit dem KI Bundesverband im Austausch und haben dort die Info erhalten, dass wir uns mal bei euch melden sollen, da unser Experten-Netzwerk ggf. spannend für euch sein könnte.

Wir bei PathWize sind einer der führenden Anbieter für Data Labeling und Annotation im europäischen Raum. Mit einem Netzwerk von über 250.000 Experten können wir die richtigen Köpfe in unterschiedlichen Bereichen für sämtliche Data-Labeling-Bedarfe stellen.

Unternehmen wie z.B. Mistral AI und mittelständische Firmen bis hin zu Konzernen arbeiten bereits mit uns im Rahmen ihrer KI-Vorhaben (Post- und Pre-Training von Modellen, Data Labeling anhand von Bildern, RLHF etc.) zusammen.

Wenn Sie ebenfalls Bedarfe in diesen Bereichen haben, würden wir uns freuen, wenn wir euch hier supporten könnten.

Ich freue mich auf den weiteren Austausch.

Viele Grüße
[Ihr Name]
PathWize","<p>Hallo Herr Beissel,</p>
<p>wir stehen eng mit dem KI Bundesverband im Austausch und haben dort die Info erhalten, dass wir uns mal bei euch melden sollen, da unser Experten-Netzwerk ggf. spannend für euch sein könnte.</p>
<p>Wir bei <a href=""https://www.gopathwize.com"">PathWize</a> sind einer der führenden Anbieter für Data Labeling und Annotation im europäischen Raum. Mit einem Netzwerk von über 250.000 Experten können wir die richtigen Köpfe in unterschiedlichen Bereichen für sämtliche Data-Labeling-Bedarfe stellen.</p>
<p>Unternehmen wie z.B. Mistral AI und mittelständische Firmen bis hin zu Konzernen arbeiten bereits mit uns im Rahmen ihrer KI-Vorhaben (Post- und Pre-Training von Modellen, Data Labeling anhand von Bildern, RLHF etc.) zusammen.</p>
<p>Wenn Sie ebenfalls Bedarfe in diesen Bereichen haben, würden wir uns freuen, wenn wir euch hier supporten könnten.</p>
<p>Ich freue mich auf den weiteren Austausch.</p>
<p>Viele Grüße<br>[Ihr Name]<br>PathWize</p>",""
"454","Schönhofer Sales and Engineering GmbH","https://www.schoenhofer.de/","Ja","Frank Schrudde","info@schoenhofer.de","funktional","Intro KI Bundesverband - z.Hd. Frank Schrudde - Data Labeling und Annotation für Ihre KI Vorhaben","Hallo Herr Schrudde,","Hallo Herr Schrudde,

wir stehen eng mit dem KI Bundesverband im Austausch und haben dort die Info erhalten, dass wir uns mal bei euch melden sollen, da unser Experten-Netzwerk ggf. spannend für euch sein könnte.

Wir bei PathWize sind einer der führenden Anbieter für Data Labeling und Annotation im europäischen Raum. Mit einem Netzwerk von über 250.000 Experten können wir die richtigen Köpfe in unterschiedlichen Bereichen für sämtliche Data-Labeling-Bedarfe stellen.

Unternehmen wie z.B. Mistral AI und mittelständische Firmen bis hin zu Konzernen arbeiten bereits mit uns im Rahmen ihrer KI-Vorhaben (Post- und Pre-Training von Modellen, Data Labeling anhand von Bildern, RLHF etc.) zusammen.

Wenn Sie ebenfalls Bedarfe in diesen Bereichen haben, würden wir uns freuen, wenn wir euch hier supporten könnten.

Ich freue mich auf den weiteren Austausch.

Viele Grüße
[Ihr Name]
PathWize","<p>Hallo Herr Schrudde,</p>
<p>wir stehen eng mit dem KI Bundesverband im Austausch und haben dort die Info erhalten, dass wir uns mal bei euch melden sollen, da unser Experten-Netzwerk ggf. spannend für euch sein könnte.</p>
<p>Wir bei <a href=""https://www.gopathwize.com"">PathWize</a> sind einer der führenden Anbieter für Data Labeling und Annotation im europäischen Raum. Mit einem Netzwerk von über 250.000 Experten können wir die richtigen Köpfe in unterschiedlichen Bereichen für sämtliche Data-Labeling-Bedarfe stellen.</p>
<p>Unternehmen wie z.B. Mistral AI und mittelständische Firmen bis hin zu Konzernen arbeiten bereits mit uns im Rahmen ihrer KI-Vorhaben (Post- und Pre-Training von Modellen, Data Labeling anhand von Bildern, RLHF etc.) zusammen.</p>
<p>Wenn Sie ebenfalls Bedarfe in diesen Bereichen haben, würden wir uns freuen, wenn wir euch hier supporten könnten.</p>
<p>Ich freue mich auf den weiteren Austausch.</p>
<p>Viele Grüße<br>[Ihr Name]<br>PathWize</p>","info@schoenhofer.de; datenschutz@schoenhofer.de"
"455","scieneers GmbH","https://www.scieneers.de/","Ja","Patrick Thoma","info@scieneers.de","funktional","Intro KI Bundesverband - z.Hd. Patrick Thoma - Data Labeling und Annotation für Ihre KI Vorhaben","Hallo Herr Thoma,","Hallo Herr Thoma,

wir stehen eng mit dem KI Bundesverband im Austausch und haben dort die Info erhalten, dass wir uns mal bei euch melden sollen, da unser Experten-Netzwerk ggf. spannend für euch sein könnte.

Wir bei PathWize sind einer der führenden Anbieter für Data Labeling und Annotation im europäischen Raum. Mit einem Netzwerk von über 250.000 Experten können wir die richtigen Köpfe in unterschiedlichen Bereichen für sämtliche Data-Labeling-Bedarfe stellen.

Unternehmen wie z.B. Mistral AI und mittelständische Firmen bis hin zu Konzernen arbeiten bereits mit uns im Rahmen ihrer KI-Vorhaben (Post- und Pre-Training von Modellen, Data Labeling anhand von Bildern, RLHF etc.) zusammen.

Wenn Sie ebenfalls Bedarfe in diesen Bereichen haben, würden wir uns freuen, wenn wir euch hier supporten könnten.

Ich freue mich auf den weiteren Austausch.

Viele Grüße
[Ihr Name]
PathWize","<p>Hallo Herr Thoma,</p>
<p>wir stehen eng mit dem KI Bundesverband im Austausch und haben dort die Info erhalten, dass wir uns mal bei euch melden sollen, da unser Experten-Netzwerk ggf. spannend für euch sein könnte.</p>
<p>Wir bei <a href=""https://www.gopathwize.com"">PathWize</a> sind einer der führenden Anbieter für Data Labeling und Annotation im europäischen Raum. Mit einem Netzwerk von über 250.000 Experten können wir die richtigen Köpfe in unterschiedlichen Bereichen für sämtliche Data-Labeling-Bedarfe stellen.</p>
<p>Unternehmen wie z.B. Mistral AI und mittelständische Firmen bis hin zu Konzernen arbeiten bereits mit uns im Rahmen ihrer KI-Vorhaben (Post- und Pre-Training von Modellen, Data Labeling anhand von Bildern, RLHF etc.) zusammen.</p>
<p>Wenn Sie ebenfalls Bedarfe in diesen Bereichen haben, würden wir uns freuen, wenn wir euch hier supporten könnten.</p>
<p>Ich freue mich auf den weiteren Austausch.</p>
<p>Viele Grüße<br>[Ihr Name]<br>PathWize</p>","info@scieneers.de"
"456","Scriptbakery AI","https://www.scriptbakery.de/","Ja","Jonas N. Al-Nemri","hallo@scriptbakery.de","funktional","Intro KI Bundesverband - z.Hd. Jonas Al-Nemri - Data Labeling und Annotation für Ihre KI Vorhaben","Hallo Herr Al-Nemri,","Hallo Herr Al-Nemri,

wir stehen eng mit dem KI Bundesverband im Austausch und haben dort die Info erhalten, dass wir uns mal bei euch melden sollen, da unser Experten-Netzwerk ggf. spannend für euch sein könnte.

Wir bei PathWize sind einer der führenden Anbieter für Data Labeling und Annotation im europäischen Raum. Mit einem Netzwerk von über 250.000 Experten können wir die richtigen Köpfe in unterschiedlichen Bereichen für sämtliche Data-Labeling-Bedarfe stellen.

Unternehmen wie z.B. Mistral AI und mittelständische Firmen bis hin zu Konzernen arbeiten bereits mit uns im Rahmen ihrer KI-Vorhaben (Post- und Pre-Training von Modellen, Data Labeling anhand von Bildern, RLHF etc.) zusammen.

Wenn Sie ebenfalls Bedarfe in diesen Bereichen haben, würden wir uns freuen, wenn wir euch hier supporten könnten.

Ich freue mich auf den weiteren Austausch.

Viele Grüße
[Ihr Name]
PathWize","<p>Hallo Herr Al-Nemri,</p>
<p>wir stehen eng mit dem KI Bundesverband im Austausch und haben dort die Info erhalten, dass wir uns mal bei euch melden sollen, da unser Experten-Netzwerk ggf. spannend für euch sein könnte.</p>
<p>Wir bei <a href=""https://www.gopathwize.com"">PathWize</a> sind einer der führenden Anbieter für Data Labeling und Annotation im europäischen Raum. Mit einem Netzwerk von über 250.000 Experten können wir die richtigen Köpfe in unterschiedlichen Bereichen für sämtliche Data-Labeling-Bedarfe stellen.</p>
<p>Unternehmen wie z.B. Mistral AI und mittelständische Firmen bis hin zu Konzernen arbeiten bereits mit uns im Rahmen ihrer KI-Vorhaben (Post- und Pre-Training von Modellen, Data Labeling anhand von Bildern, RLHF etc.) zusammen.</p>
<p>Wenn Sie ebenfalls Bedarfe in diesen Bereichen haben, würden wir uns freuen, wenn wir euch hier supporten könnten.</p>
<p>Ich freue mich auf den weiteren Austausch.</p>
<p>Viele Grüße<br>[Ihr Name]<br>PathWize</p>","hallo@scriptbakery.de"
"457","ScriptOne Solutions UG","https://scriptone-solutions.de/","Vielleicht","Hrishikesh Lele","sales@scriptone-solutions.de","funktional","Intro KI Bundesverband - z.Hd. Hrishikesh Lele - Data Labeling und Annotation für Ihre KI Vorhaben","Hallo Herr Lele,","Hallo Herr Lele,

wir stehen eng mit dem KI Bundesverband im Austausch und haben dort die Info erhalten, dass wir uns mal bei euch melden sollen, da unser Experten-Netzwerk ggf. spannend für euch sein könnte.

Wir bei PathWize sind einer der führenden Anbieter für Data Labeling und Annotation im europäischen Raum. Mit einem Netzwerk von über 250.000 Experten können wir die richtigen Köpfe in unterschiedlichen Bereichen für sämtliche Data-Labeling-Bedarfe stellen.

Unternehmen wie z.B. Mistral AI und mittelständische Firmen bis hin zu Konzernen arbeiten bereits mit uns im Rahmen ihrer KI-Vorhaben (Post- und Pre-Training von Modellen, Data Labeling anhand von Bildern, RLHF etc.) zusammen.

Wenn Sie ebenfalls Bedarfe in diesen Bereichen haben, würden wir uns freuen, wenn wir euch hier supporten könnten.

Ich freue mich auf den weiteren Austausch.

Viele Grüße
[Ihr Name]
PathWize","<p>Hallo Herr Lele,</p>
<p>wir stehen eng mit dem KI Bundesverband im Austausch und haben dort die Info erhalten, dass wir uns mal bei euch melden sollen, da unser Experten-Netzwerk ggf. spannend für euch sein könnte.</p>
<p>Wir bei <a href=""https://www.gopathwize.com"">PathWize</a> sind einer der führenden Anbieter für Data Labeling und Annotation im europäischen Raum. Mit einem Netzwerk von über 250.000 Experten können wir die richtigen Köpfe in unterschiedlichen Bereichen für sämtliche Data-Labeling-Bedarfe stellen.</p>
<p>Unternehmen wie z.B. Mistral AI und mittelständische Firmen bis hin zu Konzernen arbeiten bereits mit uns im Rahmen ihrer KI-Vorhaben (Post- und Pre-Training von Modellen, Data Labeling anhand von Bildern, RLHF etc.) zusammen.</p>
<p>Wenn Sie ebenfalls Bedarfe in diesen Bereichen haben, würden wir uns freuen, wenn wir euch hier supporten könnten.</p>
<p>Ich freue mich auf den weiteren Austausch.</p>
<p>Viele Grüße<br>[Ihr Name]<br>PathWize</p>","sales@scriptone-solutions.de"
"458","Seedbox Ventures GmbH","https://seedbox-ventures.com/","Ja","","","keine Mail gefunden","Intro KI Bundesverband - Data Labeling und Annotation für Ihre KI Vorhaben","Guten Tag,","Guten Tag,

wir stehen eng mit dem KI Bundesverband im Austausch und haben dort die Info erhalten, dass wir uns mal bei euch melden sollen, da unser Experten-Netzwerk ggf. spannend für euch sein könnte.

Wir bei PathWize sind einer der führenden Anbieter für Data Labeling und Annotation im europäischen Raum. Mit einem Netzwerk von über 250.000 Experten können wir die richtigen Köpfe in unterschiedlichen Bereichen für sämtliche Data-Labeling-Bedarfe stellen.

Unternehmen wie z.B. Mistral AI und mittelständische Firmen bis hin zu Konzernen arbeiten bereits mit uns im Rahmen ihrer KI-Vorhaben (Post- und Pre-Training von Modellen, Data Labeling anhand von Bildern, RLHF etc.) zusammen.

Wenn Sie ebenfalls Bedarfe in diesen Bereichen haben, würden wir uns freuen, wenn wir euch hier supporten könnten.

Ich freue mich auf den weiteren Austausch.

Viele Grüße
[Ihr Name]
PathWize","<p>Guten Tag,</p>
<p>wir stehen eng mit dem KI Bundesverband im Austausch und haben dort die Info erhalten, dass wir uns mal bei euch melden sollen, da unser Experten-Netzwerk ggf. spannend für euch sein könnte.</p>
<p>Wir bei <a href=""https://www.gopathwize.com"">PathWize</a> sind einer der führenden Anbieter für Data Labeling und Annotation im europäischen Raum. Mit einem Netzwerk von über 250.000 Experten können wir die richtigen Köpfe in unterschiedlichen Bereichen für sämtliche Data-Labeling-Bedarfe stellen.</p>
<p>Unternehmen wie z.B. Mistral AI und mittelständische Firmen bis hin zu Konzernen arbeiten bereits mit uns im Rahmen ihrer KI-Vorhaben (Post- und Pre-Training von Modellen, Data Labeling anhand von Bildern, RLHF etc.) zusammen.</p>
<p>Wenn Sie ebenfalls Bedarfe in diesen Bereichen haben, würden wir uns freuen, wenn wir euch hier supporten könnten.</p>
<p>Ich freue mich auf den weiteren Austausch.</p>
<p>Viele Grüße<br>[Ihr Name]<br>PathWize</p>",""
"459","Sensape GmbH","https://www.sensape.com/","Ja","Artur Lohrer, Matthias Freysoldt","hello@sensape.com","funktional","Intro KI Bundesverband - z.Hd. Artur Lohrer - Data Labeling und Annotation für Ihre KI Vorhaben","Hallo Herr Lohrer,","Hallo Herr Lohrer,

wir stehen eng mit dem KI Bundesverband im Austausch und haben dort die Info erhalten, dass wir uns mal bei euch melden sollen, da unser Experten-Netzwerk ggf. spannend für euch sein könnte.

Wir bei PathWize sind einer der führenden Anbieter für Data Labeling und Annotation im europäischen Raum. Mit einem Netzwerk von über 250.000 Experten können wir die richtigen Köpfe in unterschiedlichen Bereichen für sämtliche Data-Labeling-Bedarfe stellen.

Unternehmen wie z.B. Mistral AI und mittelständische Firmen bis hin zu Konzernen arbeiten bereits mit uns im Rahmen ihrer KI-Vorhaben (Post- und Pre-Training von Modellen, Data Labeling anhand von Bildern, RLHF etc.) zusammen.

Wenn Sie ebenfalls Bedarfe in diesen Bereichen haben, würden wir uns freuen, wenn wir euch hier supporten könnten.

Ich freue mich auf den weiteren Austausch.

Viele Grüße
[Ihr Name]
PathWize","<p>Hallo Herr Lohrer,</p>
<p>wir stehen eng mit dem KI Bundesverband im Austausch und haben dort die Info erhalten, dass wir uns mal bei euch melden sollen, da unser Experten-Netzwerk ggf. spannend für euch sein könnte.</p>
<p>Wir bei <a href=""https://www.gopathwize.com"">PathWize</a> sind einer der führenden Anbieter für Data Labeling und Annotation im europäischen Raum. Mit einem Netzwerk von über 250.000 Experten können wir die richtigen Köpfe in unterschiedlichen Bereichen für sämtliche Data-Labeling-Bedarfe stellen.</p>
<p>Unternehmen wie z.B. Mistral AI und mittelständische Firmen bis hin zu Konzernen arbeiten bereits mit uns im Rahmen ihrer KI-Vorhaben (Post- und Pre-Training von Modellen, Data Labeling anhand von Bildern, RLHF etc.) zusammen.</p>
<p>Wenn Sie ebenfalls Bedarfe in diesen Bereichen haben, würden wir uns freuen, wenn wir euch hier supporten könnten.</p>
<p>Ich freue mich auf den weiteren Austausch.</p>
<p>Viele Grüße<br>[Ihr Name]<br>PathWize</p>","hallo@sensape.com; hello@sensape.com; support@sensape.com"
"460","senswork GmbH","https://senswork.com/","Ja","Rainer Obergrussberger","r.obergrussberger@senswork.com","direkt (belegt)","Intro KI Bundesverband - Data Labeling und Annotation für Ihre KI Vorhaben","Hallo Herr Obergrussberger,","Hallo Herr Obergrussberger,

wir stehen eng mit dem KI Bundesverband im Austausch und haben dort die Info erhalten, dass wir uns mal bei euch melden sollen, da unser Experten-Netzwerk ggf. spannend für euch sein könnte.

Wir bei PathWize sind einer der führenden Anbieter für Data Labeling und Annotation im europäischen Raum. Mit einem Netzwerk von über 250.000 Experten können wir die richtigen Köpfe in unterschiedlichen Bereichen für sämtliche Data-Labeling-Bedarfe stellen.

Unternehmen wie z.B. Mistral AI und mittelständische Firmen bis hin zu Konzernen arbeiten bereits mit uns im Rahmen ihrer KI-Vorhaben (Post- und Pre-Training von Modellen, Data Labeling anhand von Bildern, RLHF etc.) zusammen.

Wenn Sie ebenfalls Bedarfe in diesen Bereichen haben, würden wir uns freuen, wenn wir euch hier supporten könnten.

Ich freue mich auf den weiteren Austausch.

Viele Grüße
[Ihr Name]
PathWize","<p>Hallo Herr Obergrussberger,</p>
<p>wir stehen eng mit dem KI Bundesverband im Austausch und haben dort die Info erhalten, dass wir uns mal bei euch melden sollen, da unser Experten-Netzwerk ggf. spannend für euch sein könnte.</p>
<p>Wir bei <a href=""https://www.gopathwize.com"">PathWize</a> sind einer der führenden Anbieter für Data Labeling und Annotation im europäischen Raum. Mit einem Netzwerk von über 250.000 Experten können wir die richtigen Köpfe in unterschiedlichen Bereichen für sämtliche Data-Labeling-Bedarfe stellen.</p>
<p>Unternehmen wie z.B. Mistral AI und mittelständische Firmen bis hin zu Konzernen arbeiten bereits mit uns im Rahmen ihrer KI-Vorhaben (Post- und Pre-Training von Modellen, Data Labeling anhand von Bildern, RLHF etc.) zusammen.</p>
<p>Wenn Sie ebenfalls Bedarfe in diesen Bereichen haben, würden wir uns freuen, wenn wir euch hier supporten könnten.</p>
<p>Ich freue mich auf den weiteren Austausch.</p>
<p>Viele Grüße<br>[Ihr Name]<br>PathWize</p>","info@senswork.com; andreas.koenig@senswork.com; markus.schatzl@senswork.com; r.obergrussberger@senswork.com; roman.rieger@senswork.com; marketing@senswork.com; karriere@senswork.com; anfragen@senswork.com; support@senswork.com"
"462","Signatrix GmbH","https://signatrix.com/","Ja","Philipp Müller, Daniel Höpfner","info@signatrix.com","funktional","Intro KI Bundesverband - z.Hd. Philipp Müller - Data Labeling und Annotation für Ihre KI Vorhaben","Hallo Herr Müller,","Hallo Herr Müller,

wir stehen eng mit dem KI Bundesverband im Austausch und haben dort die Info erhalten, dass wir uns mal bei euch melden sollen, da unser Experten-Netzwerk ggf. spannend für euch sein könnte.

Wir bei PathWize sind einer der führenden Anbieter für Data Labeling und Annotation im europäischen Raum. Mit einem Netzwerk von über 250.000 Experten können wir die richtigen Köpfe in unterschiedlichen Bereichen für sämtliche Data-Labeling-Bedarfe stellen.

Unternehmen wie z.B. Mistral AI und mittelständische Firmen bis hin zu Konzernen arbeiten bereits mit uns im Rahmen ihrer KI-Vorhaben (Post- und Pre-Training von Modellen, Data Labeling anhand von Bildern, RLHF etc.) zusammen.

Wenn Sie ebenfalls Bedarfe in diesen Bereichen haben, würden wir uns freuen, wenn wir euch hier supporten könnten.

Ich freue mich auf den weiteren Austausch.

Viele Grüße
[Ihr Name]
PathWize","<p>Hallo Herr Müller,</p>
<p>wir stehen eng mit dem KI Bundesverband im Austausch und haben dort die Info erhalten, dass wir uns mal bei euch melden sollen, da unser Experten-Netzwerk ggf. spannend für euch sein könnte.</p>
<p>Wir bei <a href=""https://www.gopathwize.com"">PathWize</a> sind einer der führenden Anbieter für Data Labeling und Annotation im europäischen Raum. Mit einem Netzwerk von über 250.000 Experten können wir die richtigen Köpfe in unterschiedlichen Bereichen für sämtliche Data-Labeling-Bedarfe stellen.</p>
<p>Unternehmen wie z.B. Mistral AI und mittelständische Firmen bis hin zu Konzernen arbeiten bereits mit uns im Rahmen ihrer KI-Vorhaben (Post- und Pre-Training von Modellen, Data Labeling anhand von Bildern, RLHF etc.) zusammen.</p>
<p>Wenn Sie ebenfalls Bedarfe in diesen Bereichen haben, würden wir uns freuen, wenn wir euch hier supporten könnten.</p>
<p>Ich freue mich auf den weiteren Austausch.</p>
<p>Viele Grüße<br>[Ihr Name]<br>PathWize</p>","info@signatrix.com"
"463","Sikom Software GmbH","https://www.sikom.de/","Vielleicht","Frank Heintz, Jürgen H. Hoffmeister, Natascha Hoffmeister","info@sikom.de","funktional","Intro KI Bundesverband - z.Hd. Frank Heintz - Data Labeling und Annotation für Ihre KI Vorhaben","Hallo Herr Heintz,","Hallo Herr Heintz,

wir stehen eng mit dem KI Bundesverband im Austausch und haben dort die Info erhalten, dass wir uns mal bei euch melden sollen, da unser Experten-Netzwerk ggf. spannend für euch sein könnte.

Wir bei PathWize sind einer der führenden Anbieter für Data Labeling und Annotation im europäischen Raum. Mit einem Netzwerk von über 250.000 Experten können wir die richtigen Köpfe in unterschiedlichen Bereichen für sämtliche Data-Labeling-Bedarfe stellen.

Unternehmen wie z.B. Mistral AI und mittelständische Firmen bis hin zu Konzernen arbeiten bereits mit uns im Rahmen ihrer KI-Vorhaben (Post- und Pre-Training von Modellen, Data Labeling anhand von Bildern, RLHF etc.) zusammen.

Wenn Sie ebenfalls Bedarfe in diesen Bereichen haben, würden wir uns freuen, wenn wir euch hier supporten könnten.

Ich freue mich auf den weiteren Austausch.

Viele Grüße
[Ihr Name]
PathWize","<p>Hallo Herr Heintz,</p>
<p>wir stehen eng mit dem KI Bundesverband im Austausch und haben dort die Info erhalten, dass wir uns mal bei euch melden sollen, da unser Experten-Netzwerk ggf. spannend für euch sein könnte.</p>
<p>Wir bei <a href=""https://www.gopathwize.com"">PathWize</a> sind einer der führenden Anbieter für Data Labeling und Annotation im europäischen Raum. Mit einem Netzwerk von über 250.000 Experten können wir die richtigen Köpfe in unterschiedlichen Bereichen für sämtliche Data-Labeling-Bedarfe stellen.</p>
<p>Unternehmen wie z.B. Mistral AI und mittelständische Firmen bis hin zu Konzernen arbeiten bereits mit uns im Rahmen ihrer KI-Vorhaben (Post- und Pre-Training von Modellen, Data Labeling anhand von Bildern, RLHF etc.) zusammen.</p>
<p>Wenn Sie ebenfalls Bedarfe in diesen Bereichen haben, würden wir uns freuen, wenn wir euch hier supporten könnten.</p>
<p>Ich freue mich auf den weiteren Austausch.</p>
<p>Viele Grüße<br>[Ihr Name]<br>PathWize</p>","info@sikom.de"
"464","SKOPOS ELEMENTS","https://www.skopos-elements.de/","Vielleicht","Olaf Hofmann, Thomas Starsetzki, Dr. Christopher Harms, Sebastian Schmidt","hallo@skopos-elements.de","funktional","Intro KI Bundesverband - z.Hd. Olaf Hofmann - Data Labeling und Annotation für Ihre KI Vorhaben","Hallo Herr Hofmann,","Hallo Herr Hofmann,

wir stehen eng mit dem KI Bundesverband im Austausch und haben dort die Info erhalten, dass wir uns mal bei euch melden sollen, da unser Experten-Netzwerk ggf. spannend für euch sein könnte.

Wir bei PathWize sind einer der führenden Anbieter für Data Labeling und Annotation im europäischen Raum. Mit einem Netzwerk von über 250.000 Experten können wir die richtigen Köpfe in unterschiedlichen Bereichen für sämtliche Data-Labeling-Bedarfe stellen.

Unternehmen wie z.B. Mistral AI und mittelständische Firmen bis hin zu Konzernen arbeiten bereits mit uns im Rahmen ihrer KI-Vorhaben (Post- und Pre-Training von Modellen, Data Labeling anhand von Bildern, RLHF etc.) zusammen.

Wenn Sie ebenfalls Bedarfe in diesen Bereichen haben, würden wir uns freuen, wenn wir euch hier supporten könnten.

Ich freue mich auf den weiteren Austausch.

Viele Grüße
[Ihr Name]
PathWize","<p>Hallo Herr Hofmann,</p>
<p>wir stehen eng mit dem KI Bundesverband im Austausch und haben dort die Info erhalten, dass wir uns mal bei euch melden sollen, da unser Experten-Netzwerk ggf. spannend für euch sein könnte.</p>
<p>Wir bei <a href=""https://www.gopathwize.com"">PathWize</a> sind einer der führenden Anbieter für Data Labeling und Annotation im europäischen Raum. Mit einem Netzwerk von über 250.000 Experten können wir die richtigen Köpfe in unterschiedlichen Bereichen für sämtliche Data-Labeling-Bedarfe stellen.</p>
<p>Unternehmen wie z.B. Mistral AI und mittelständische Firmen bis hin zu Konzernen arbeiten bereits mit uns im Rahmen ihrer KI-Vorhaben (Post- und Pre-Training von Modellen, Data Labeling anhand von Bildern, RLHF etc.) zusammen.</p>
<p>Wenn Sie ebenfalls Bedarfe in diesen Bereichen haben, würden wir uns freuen, wenn wir euch hier supporten könnten.</p>
<p>Ich freue mich auf den weiteren Austausch.</p>
<p>Viele Grüße<br>[Ihr Name]<br>PathWize</p>","hallo@skopos-elements.de"
"465","SMA Development GmbH","https://sma-dev.de/","Vielleicht","Michael Mörs","info@sma-dev.de","funktional","Intro KI Bundesverband - z.Hd. Michael Mörs - Data Labeling und Annotation für Ihre KI Vorhaben","Hallo Herr Mörs,","Hallo Herr Mörs,

wir stehen eng mit dem KI Bundesverband im Austausch und haben dort die Info erhalten, dass wir uns mal bei euch melden sollen, da unser Experten-Netzwerk ggf. spannend für euch sein könnte.

Wir bei PathWize sind einer der führenden Anbieter für Data Labeling und Annotation im europäischen Raum. Mit einem Netzwerk von über 250.000 Experten können wir die richtigen Köpfe in unterschiedlichen Bereichen für sämtliche Data-Labeling-Bedarfe stellen.

Unternehmen wie z.B. Mistral AI und mittelständische Firmen bis hin zu Konzernen arbeiten bereits mit uns im Rahmen ihrer KI-Vorhaben (Post- und Pre-Training von Modellen, Data Labeling anhand von Bildern, RLHF etc.) zusammen.

Wenn Sie ebenfalls Bedarfe in diesen Bereichen haben, würden wir uns freuen, wenn wir euch hier supporten könnten.

Ich freue mich auf den weiteren Austausch.

Viele Grüße
[Ihr Name]
PathWize","<p>Hallo Herr Mörs,</p>
<p>wir stehen eng mit dem KI Bundesverband im Austausch und haben dort die Info erhalten, dass wir uns mal bei euch melden sollen, da unser Experten-Netzwerk ggf. spannend für euch sein könnte.</p>
<p>Wir bei <a href=""https://www.gopathwize.com"">PathWize</a> sind einer der führenden Anbieter für Data Labeling und Annotation im europäischen Raum. Mit einem Netzwerk von über 250.000 Experten können wir die richtigen Köpfe in unterschiedlichen Bereichen für sämtliche Data-Labeling-Bedarfe stellen.</p>
<p>Unternehmen wie z.B. Mistral AI und mittelständische Firmen bis hin zu Konzernen arbeiten bereits mit uns im Rahmen ihrer KI-Vorhaben (Post- und Pre-Training von Modellen, Data Labeling anhand von Bildern, RLHF etc.) zusammen.</p>
<p>Wenn Sie ebenfalls Bedarfe in diesen Bereichen haben, würden wir uns freuen, wenn wir euch hier supporten könnten.</p>
<p>Ich freue mich auf den weiteren Austausch.</p>
<p>Viele Grüße<br>[Ihr Name]<br>PathWize</p>","info@sma-dev.de"
"466","SNAIC GmbH","https://www.snaic.ai/","Ja","Carsten Robitzki","info@snaic.ai","funktional","Intro KI Bundesverband - z.Hd. Carsten Robitzki - Data Labeling und Annotation für Ihre KI Vorhaben","Hallo Herr Robitzki,","Hallo Herr Robitzki,

wir stehen eng mit dem KI Bundesverband im Austausch und haben dort die Info erhalten, dass wir uns mal bei euch melden sollen, da unser Experten-Netzwerk ggf. spannend für euch sein könnte.

Wir bei PathWize sind einer der führenden Anbieter für Data Labeling und Annotation im europäischen Raum. Mit einem Netzwerk von über 250.000 Experten können wir die richtigen Köpfe in unterschiedlichen Bereichen für sämtliche Data-Labeling-Bedarfe stellen.

Unternehmen wie z.B. Mistral AI und mittelständische Firmen bis hin zu Konzernen arbeiten bereits mit uns im Rahmen ihrer KI-Vorhaben (Post- und Pre-Training von Modellen, Data Labeling anhand von Bildern, RLHF etc.) zusammen.

Wenn Sie ebenfalls Bedarfe in diesen Bereichen haben, würden wir uns freuen, wenn wir euch hier supporten könnten.

Ich freue mich auf den weiteren Austausch.

Viele Grüße
[Ihr Name]
PathWize","<p>Hallo Herr Robitzki,</p>
<p>wir stehen eng mit dem KI Bundesverband im Austausch und haben dort die Info erhalten, dass wir uns mal bei euch melden sollen, da unser Experten-Netzwerk ggf. spannend für euch sein könnte.</p>
<p>Wir bei <a href=""https://www.gopathwize.com"">PathWize</a> sind einer der führenden Anbieter für Data Labeling und Annotation im europäischen Raum. Mit einem Netzwerk von über 250.000 Experten können wir die richtigen Köpfe in unterschiedlichen Bereichen für sämtliche Data-Labeling-Bedarfe stellen.</p>
<p>Unternehmen wie z.B. Mistral AI und mittelständische Firmen bis hin zu Konzernen arbeiten bereits mit uns im Rahmen ihrer KI-Vorhaben (Post- und Pre-Training von Modellen, Data Labeling anhand von Bildern, RLHF etc.) zusammen.</p>
<p>Wenn Sie ebenfalls Bedarfe in diesen Bereichen haben, würden wir uns freuen, wenn wir euch hier supporten könnten.</p>
<p>Ich freue mich auf den weiteren Austausch.</p>
<p>Viele Grüße<br>[Ihr Name]<br>PathWize</p>","info@snaic.ai"
"467","SnipClip die digitale Fabrik GmbH","https://snipclip.com/","Vielleicht","Cordula Lochmann","info@snipclip.com","funktional","Intro KI Bundesverband - z.Hd. Cordula Lochmann - Data Labeling und Annotation für Ihre KI Vorhaben","Hallo Frau Lochmann,","Hallo Frau Lochmann,

wir stehen eng mit dem KI Bundesverband im Austausch und haben dort die Info erhalten, dass wir uns mal bei euch melden sollen, da unser Experten-Netzwerk ggf. spannend für euch sein könnte.

Wir bei PathWize sind einer der führenden Anbieter für Data Labeling und Annotation im europäischen Raum. Mit einem Netzwerk von über 250.000 Experten können wir die richtigen Köpfe in unterschiedlichen Bereichen für sämtliche Data-Labeling-Bedarfe stellen.

Unternehmen wie z.B. Mistral AI und mittelständische Firmen bis hin zu Konzernen arbeiten bereits mit uns im Rahmen ihrer KI-Vorhaben (Post- und Pre-Training von Modellen, Data Labeling anhand von Bildern, RLHF etc.) zusammen.

Wenn Sie ebenfalls Bedarfe in diesen Bereichen haben, würden wir uns freuen, wenn wir euch hier supporten könnten.

Ich freue mich auf den weiteren Austausch.

Viele Grüße
[Ihr Name]
PathWize","<p>Hallo Frau Lochmann,</p>
<p>wir stehen eng mit dem KI Bundesverband im Austausch und haben dort die Info erhalten, dass wir uns mal bei euch melden sollen, da unser Experten-Netzwerk ggf. spannend für euch sein könnte.</p>
<p>Wir bei <a href=""https://www.gopathwize.com"">PathWize</a> sind einer der führenden Anbieter für Data Labeling und Annotation im europäischen Raum. Mit einem Netzwerk von über 250.000 Experten können wir die richtigen Köpfe in unterschiedlichen Bereichen für sämtliche Data-Labeling-Bedarfe stellen.</p>
<p>Unternehmen wie z.B. Mistral AI und mittelständische Firmen bis hin zu Konzernen arbeiten bereits mit uns im Rahmen ihrer KI-Vorhaben (Post- und Pre-Training von Modellen, Data Labeling anhand von Bildern, RLHF etc.) zusammen.</p>
<p>Wenn Sie ebenfalls Bedarfe in diesen Bereichen haben, würden wir uns freuen, wenn wir euch hier supporten könnten.</p>
<p>Ich freue mich auf den weiteren Austausch.</p>
<p>Viele Grüße<br>[Ihr Name]<br>PathWize</p>","info@snipclip.com"
"469","Sodefa GmbH & Co. KG","https://sodefa.de/","Vielleicht","Johannes Schuldt","hello@sodefa.de","funktional","Intro KI Bundesverband - z.Hd. Johannes Schuldt - Data Labeling und Annotation für Ihre KI Vorhaben","Hallo Herr Schuldt,","Hallo Herr Schuldt,

wir stehen eng mit dem KI Bundesverband im Austausch und haben dort die Info erhalten, dass wir uns mal bei euch melden sollen, da unser Experten-Netzwerk ggf. spannend für euch sein könnte.

Wir bei PathWize sind einer der führenden Anbieter für Data Labeling und Annotation im europäischen Raum. Mit einem Netzwerk von über 250.000 Experten können wir die richtigen Köpfe in unterschiedlichen Bereichen für sämtliche Data-Labeling-Bedarfe stellen.

Unternehmen wie z.B. Mistral AI und mittelständische Firmen bis hin zu Konzernen arbeiten bereits mit uns im Rahmen ihrer KI-Vorhaben (Post- und Pre-Training von Modellen, Data Labeling anhand von Bildern, RLHF etc.) zusammen.

Wenn Sie ebenfalls Bedarfe in diesen Bereichen haben, würden wir uns freuen, wenn wir euch hier supporten könnten.

Ich freue mich auf den weiteren Austausch.

Viele Grüße
[Ihr Name]
PathWize","<p>Hallo Herr Schuldt,</p>
<p>wir stehen eng mit dem KI Bundesverband im Austausch und haben dort die Info erhalten, dass wir uns mal bei euch melden sollen, da unser Experten-Netzwerk ggf. spannend für euch sein könnte.</p>
<p>Wir bei <a href=""https://www.gopathwize.com"">PathWize</a> sind einer der führenden Anbieter für Data Labeling und Annotation im europäischen Raum. Mit einem Netzwerk von über 250.000 Experten können wir die richtigen Köpfe in unterschiedlichen Bereichen für sämtliche Data-Labeling-Bedarfe stellen.</p>
<p>Unternehmen wie z.B. Mistral AI und mittelständische Firmen bis hin zu Konzernen arbeiten bereits mit uns im Rahmen ihrer KI-Vorhaben (Post- und Pre-Training von Modellen, Data Labeling anhand von Bildern, RLHF etc.) zusammen.</p>
<p>Wenn Sie ebenfalls Bedarfe in diesen Bereichen haben, würden wir uns freuen, wenn wir euch hier supporten könnten.</p>
<p>Ich freue mich auf den weiteren Austausch.</p>
<p>Viele Grüße<br>[Ihr Name]<br>PathWize</p>","hello@sodefa.de; datenschutz@sodefa.de"
"470","SolaVieve Technologies GmbH","https://solavieve.com/de/homepage-de/","Vielleicht","Joshua Luckow, Nicole Huber","info@solavieve.com","funktional","Intro KI Bundesverband - z.Hd. Joshua Luckow - Data Labeling und Annotation für Ihre KI Vorhaben","Hallo Herr Luckow,","Hallo Herr Luckow,

wir stehen eng mit dem KI Bundesverband im Austausch und haben dort die Info erhalten, dass wir uns mal bei euch melden sollen, da unser Experten-Netzwerk ggf. spannend für euch sein könnte.

Wir bei PathWize sind einer der führenden Anbieter für Data Labeling und Annotation im europäischen Raum. Mit einem Netzwerk von über 250.000 Experten können wir die richtigen Köpfe in unterschiedlichen Bereichen für sämtliche Data-Labeling-Bedarfe stellen.

Unternehmen wie z.B. Mistral AI und mittelständische Firmen bis hin zu Konzernen arbeiten bereits mit uns im Rahmen ihrer KI-Vorhaben (Post- und Pre-Training von Modellen, Data Labeling anhand von Bildern, RLHF etc.) zusammen.

Wenn Sie ebenfalls Bedarfe in diesen Bereichen haben, würden wir uns freuen, wenn wir euch hier supporten könnten.

Ich freue mich auf den weiteren Austausch.

Viele Grüße
[Ihr Name]
PathWize","<p>Hallo Herr Luckow,</p>
<p>wir stehen eng mit dem KI Bundesverband im Austausch und haben dort die Info erhalten, dass wir uns mal bei euch melden sollen, da unser Experten-Netzwerk ggf. spannend für euch sein könnte.</p>
<p>Wir bei <a href=""https://www.gopathwize.com"">PathWize</a> sind einer der führenden Anbieter für Data Labeling und Annotation im europäischen Raum. Mit einem Netzwerk von über 250.000 Experten können wir die richtigen Köpfe in unterschiedlichen Bereichen für sämtliche Data-Labeling-Bedarfe stellen.</p>
<p>Unternehmen wie z.B. Mistral AI und mittelständische Firmen bis hin zu Konzernen arbeiten bereits mit uns im Rahmen ihrer KI-Vorhaben (Post- und Pre-Training von Modellen, Data Labeling anhand von Bildern, RLHF etc.) zusammen.</p>
<p>Wenn Sie ebenfalls Bedarfe in diesen Bereichen haben, würden wir uns freuen, wenn wir euch hier supporten könnten.</p>
<p>Ich freue mich auf den weiteren Austausch.</p>
<p>Viele Grüße<br>[Ihr Name]<br>PathWize</p>","info@solavieve.com"
"472","Sozial KI UG","https://www.sozial-ki.de/","Vielleicht","Philipp Engelsberg, Theodor Schoewitz, Niclas Hoehl","info@sozial-ki.de","funktional","Intro KI Bundesverband - z.Hd. Philipp Engelsberg - Data Labeling und Annotation für Ihre KI Vorhaben","Hallo Herr Engelsberg,","Hallo Herr Engelsberg,

wir stehen eng mit dem KI Bundesverband im Austausch und haben dort die Info erhalten, dass wir uns mal bei euch melden sollen, da unser Experten-Netzwerk ggf. spannend für euch sein könnte.

Wir bei PathWize sind einer der führenden Anbieter für Data Labeling und Annotation im europäischen Raum. Mit einem Netzwerk von über 250.000 Experten können wir die richtigen Köpfe in unterschiedlichen Bereichen für sämtliche Data-Labeling-Bedarfe stellen.

Unternehmen wie z.B. Mistral AI und mittelständische Firmen bis hin zu Konzernen arbeiten bereits mit uns im Rahmen ihrer KI-Vorhaben (Post- und Pre-Training von Modellen, Data Labeling anhand von Bildern, RLHF etc.) zusammen.

Wenn Sie ebenfalls Bedarfe in diesen Bereichen haben, würden wir uns freuen, wenn wir euch hier supporten könnten.

Ich freue mich auf den weiteren Austausch.

Viele Grüße
[Ihr Name]
PathWize","<p>Hallo Herr Engelsberg,</p>
<p>wir stehen eng mit dem KI Bundesverband im Austausch und haben dort die Info erhalten, dass wir uns mal bei euch melden sollen, da unser Experten-Netzwerk ggf. spannend für euch sein könnte.</p>
<p>Wir bei <a href=""https://www.gopathwize.com"">PathWize</a> sind einer der führenden Anbieter für Data Labeling und Annotation im europäischen Raum. Mit einem Netzwerk von über 250.000 Experten können wir die richtigen Köpfe in unterschiedlichen Bereichen für sämtliche Data-Labeling-Bedarfe stellen.</p>
<p>Unternehmen wie z.B. Mistral AI und mittelständische Firmen bis hin zu Konzernen arbeiten bereits mit uns im Rahmen ihrer KI-Vorhaben (Post- und Pre-Training von Modellen, Data Labeling anhand von Bildern, RLHF etc.) zusammen.</p>
<p>Wenn Sie ebenfalls Bedarfe in diesen Bereichen haben, würden wir uns freuen, wenn wir euch hier supporten könnten.</p>
<p>Ich freue mich auf den weiteren Austausch.</p>
<p>Viele Grüße<br>[Ihr Name]<br>PathWize</p>","info@sozial-ki.de"
"473","Speed4Trade GmbH","https://www.intellifant.com/","Vielleicht","Sandro Kunz, Stefan Sommer","sandro.kunz@speed4trade.com","direkt (belegt)","Intro KI Bundesverband - Data Labeling und Annotation für Ihre KI Vorhaben","Hallo Herr Kunz,","Hallo Herr Kunz,

wir stehen eng mit dem KI Bundesverband im Austausch und haben dort die Info erhalten, dass wir uns mal bei euch melden sollen, da unser Experten-Netzwerk ggf. spannend für euch sein könnte.

Wir bei PathWize sind einer der führenden Anbieter für Data Labeling und Annotation im europäischen Raum. Mit einem Netzwerk von über 250.000 Experten können wir die richtigen Köpfe in unterschiedlichen Bereichen für sämtliche Data-Labeling-Bedarfe stellen.

Unternehmen wie z.B. Mistral AI und mittelständische Firmen bis hin zu Konzernen arbeiten bereits mit uns im Rahmen ihrer KI-Vorhaben (Post- und Pre-Training von Modellen, Data Labeling anhand von Bildern, RLHF etc.) zusammen.

Wenn Sie ebenfalls Bedarfe in diesen Bereichen haben, würden wir uns freuen, wenn wir euch hier supporten könnten.

Ich freue mich auf den weiteren Austausch.

Viele Grüße
[Ihr Name]
PathWize","<p>Hallo Herr Kunz,</p>
<p>wir stehen eng mit dem KI Bundesverband im Austausch und haben dort die Info erhalten, dass wir uns mal bei euch melden sollen, da unser Experten-Netzwerk ggf. spannend für euch sein könnte.</p>
<p>Wir bei <a href=""https://www.gopathwize.com"">PathWize</a> sind einer der führenden Anbieter für Data Labeling und Annotation im europäischen Raum. Mit einem Netzwerk von über 250.000 Experten können wir die richtigen Köpfe in unterschiedlichen Bereichen für sämtliche Data-Labeling-Bedarfe stellen.</p>
<p>Unternehmen wie z.B. Mistral AI und mittelständische Firmen bis hin zu Konzernen arbeiten bereits mit uns im Rahmen ihrer KI-Vorhaben (Post- und Pre-Training von Modellen, Data Labeling anhand von Bildern, RLHF etc.) zusammen.</p>
<p>Wenn Sie ebenfalls Bedarfe in diesen Bereichen haben, würden wir uns freuen, wenn wir euch hier supporten könnten.</p>
<p>Ich freue mich auf den weiteren Austausch.</p>
<p>Viele Grüße<br>[Ihr Name]<br>PathWize</p>","info@speed4trade.com; contact@speed4trade.com; sandro.kunz@speed4trade.com; stefan.sommer@speed4trade.com; beschwerdestelle-agg@speed4trade.com"
"476","Spleenlab GmbH","https://www.spleenlab.ai/","Ja","Dr. Stefan Milz, Tobias Ruediger","contact@spleenlab.ai","funktional","Intro KI Bundesverband - z.Hd. Stefan Milz - Data Labeling und Annotation für Ihre KI Vorhaben","Hallo Herr Dr. Milz,","Hallo Herr Dr. Milz,

wir stehen eng mit dem KI Bundesverband im Austausch und haben dort die Info erhalten, dass wir uns mal bei euch melden sollen, da unser Experten-Netzwerk ggf. spannend für euch sein könnte.

Wir bei PathWize sind einer der führenden Anbieter für Data Labeling und Annotation im europäischen Raum. Mit einem Netzwerk von über 250.000 Experten können wir die richtigen Köpfe in unterschiedlichen Bereichen für sämtliche Data-Labeling-Bedarfe stellen.

Unternehmen wie z.B. Mistral AI und mittelständische Firmen bis hin zu Konzernen arbeiten bereits mit uns im Rahmen ihrer KI-Vorhaben (Post- und Pre-Training von Modellen, Data Labeling anhand von Bildern, RLHF etc.) zusammen.

Wenn Sie ebenfalls Bedarfe in diesen Bereichen haben, würden wir uns freuen, wenn wir euch hier supporten könnten.

Ich freue mich auf den weiteren Austausch.

Viele Grüße
[Ihr Name]
PathWize","<p>Hallo Herr Dr. Milz,</p>
<p>wir stehen eng mit dem KI Bundesverband im Austausch und haben dort die Info erhalten, dass wir uns mal bei euch melden sollen, da unser Experten-Netzwerk ggf. spannend für euch sein könnte.</p>
<p>Wir bei <a href=""https://www.gopathwize.com"">PathWize</a> sind einer der führenden Anbieter für Data Labeling und Annotation im europäischen Raum. Mit einem Netzwerk von über 250.000 Experten können wir die richtigen Köpfe in unterschiedlichen Bereichen für sämtliche Data-Labeling-Bedarfe stellen.</p>
<p>Unternehmen wie z.B. Mistral AI und mittelständische Firmen bis hin zu Konzernen arbeiten bereits mit uns im Rahmen ihrer KI-Vorhaben (Post- und Pre-Training von Modellen, Data Labeling anhand von Bildern, RLHF etc.) zusammen.</p>
<p>Wenn Sie ebenfalls Bedarfe in diesen Bereichen haben, würden wir uns freuen, wenn wir euch hier supporten könnten.</p>
<p>Ich freue mich auf den weiteren Austausch.</p>
<p>Viele Grüße<br>[Ihr Name]<br>PathWize</p>","contact@spleenlab.ai"
"477","Splitbot GmbH","https://splitbot.de/","Ja","Tadeusz Nikitin, Friedrich Wehrmann","hello@splitbot.ai","funktional","Intro KI Bundesverband - z.Hd. Tadeusz Nikitin - Data Labeling und Annotation für Ihre KI Vorhaben","Hallo Herr Nikitin,","Hallo Herr Nikitin,

wir stehen eng mit dem KI Bundesverband im Austausch und haben dort die Info erhalten, dass wir uns mal bei euch melden sollen, da unser Experten-Netzwerk ggf. spannend für euch sein könnte.

Wir bei PathWize sind einer der führenden Anbieter für Data Labeling und Annotation im europäischen Raum. Mit einem Netzwerk von über 250.000 Experten können wir die richtigen Köpfe in unterschiedlichen Bereichen für sämtliche Data-Labeling-Bedarfe stellen.

Unternehmen wie z.B. Mistral AI und mittelständische Firmen bis hin zu Konzernen arbeiten bereits mit uns im Rahmen ihrer KI-Vorhaben (Post- und Pre-Training von Modellen, Data Labeling anhand von Bildern, RLHF etc.) zusammen.

Wenn Sie ebenfalls Bedarfe in diesen Bereichen haben, würden wir uns freuen, wenn wir euch hier supporten könnten.

Ich freue mich auf den weiteren Austausch.

Viele Grüße
[Ihr Name]
PathWize","<p>Hallo Herr Nikitin,</p>
<p>wir stehen eng mit dem KI Bundesverband im Austausch und haben dort die Info erhalten, dass wir uns mal bei euch melden sollen, da unser Experten-Netzwerk ggf. spannend für euch sein könnte.</p>
<p>Wir bei <a href=""https://www.gopathwize.com"">PathWize</a> sind einer der führenden Anbieter für Data Labeling und Annotation im europäischen Raum. Mit einem Netzwerk von über 250.000 Experten können wir die richtigen Köpfe in unterschiedlichen Bereichen für sämtliche Data-Labeling-Bedarfe stellen.</p>
<p>Unternehmen wie z.B. Mistral AI und mittelständische Firmen bis hin zu Konzernen arbeiten bereits mit uns im Rahmen ihrer KI-Vorhaben (Post- und Pre-Training von Modellen, Data Labeling anhand von Bildern, RLHF etc.) zusammen.</p>
<p>Wenn Sie ebenfalls Bedarfe in diesen Bereichen haben, würden wir uns freuen, wenn wir euch hier supporten könnten.</p>
<p>Ich freue mich auf den weiteren Austausch.</p>
<p>Viele Grüße<br>[Ihr Name]<br>PathWize</p>","hello@splitbot.ai"
"478","SquareNeo Solutions GmbH","https://www.squareneo.de/","Vielleicht","Dr. Michael Klein, Sebastian Kaupp","info@squareneo.de","funktional","Intro KI Bundesverband - z.Hd. Michael Klein - Data Labeling und Annotation für Ihre KI Vorhaben","Hallo Herr Dr. Klein,","Hallo Herr Dr. Klein,

wir stehen eng mit dem KI Bundesverband im Austausch und haben dort die Info erhalten, dass wir uns mal bei euch melden sollen, da unser Experten-Netzwerk ggf. spannend für euch sein könnte.

Wir bei PathWize sind einer der führenden Anbieter für Data Labeling und Annotation im europäischen Raum. Mit einem Netzwerk von über 250.000 Experten können wir die richtigen Köpfe in unterschiedlichen Bereichen für sämtliche Data-Labeling-Bedarfe stellen.

Unternehmen wie z.B. Mistral AI und mittelständische Firmen bis hin zu Konzernen arbeiten bereits mit uns im Rahmen ihrer KI-Vorhaben (Post- und Pre-Training von Modellen, Data Labeling anhand von Bildern, RLHF etc.) zusammen.

Wenn Sie ebenfalls Bedarfe in diesen Bereichen haben, würden wir uns freuen, wenn wir euch hier supporten könnten.

Ich freue mich auf den weiteren Austausch.

Viele Grüße
[Ihr Name]
PathWize","<p>Hallo Herr Dr. Klein,</p>
<p>wir stehen eng mit dem KI Bundesverband im Austausch und haben dort die Info erhalten, dass wir uns mal bei euch melden sollen, da unser Experten-Netzwerk ggf. spannend für euch sein könnte.</p>
<p>Wir bei <a href=""https://www.gopathwize.com"">PathWize</a> sind einer der führenden Anbieter für Data Labeling und Annotation im europäischen Raum. Mit einem Netzwerk von über 250.000 Experten können wir die richtigen Köpfe in unterschiedlichen Bereichen für sämtliche Data-Labeling-Bedarfe stellen.</p>
<p>Unternehmen wie z.B. Mistral AI und mittelständische Firmen bis hin zu Konzernen arbeiten bereits mit uns im Rahmen ihrer KI-Vorhaben (Post- und Pre-Training von Modellen, Data Labeling anhand von Bildern, RLHF etc.) zusammen.</p>
<p>Wenn Sie ebenfalls Bedarfe in diesen Bereichen haben, würden wir uns freuen, wenn wir euch hier supporten könnten.</p>
<p>Ich freue mich auf den weiteren Austausch.</p>
<p>Viele Grüße<br>[Ihr Name]<br>PathWize</p>","info@squareneo.de"
"480","STAT-UP Statistical Consulting & Data Science GmbH","https://www.stat-up.com/","Vielleicht","Dr. Katharina Schueller","info@stat-up.com","funktional","Intro KI Bundesverband - z.Hd. Katharina Schueller - Data Labeling und Annotation für Ihre KI Vorhaben","Hallo Frau Dr. Schueller,","Hallo Frau Dr. Schueller,

wir stehen eng mit dem KI Bundesverband im Austausch und haben dort die Info erhalten, dass wir uns mal bei euch melden sollen, da unser Experten-Netzwerk ggf. spannend für euch sein könnte.

Wir bei PathWize sind einer der führenden Anbieter für Data Labeling und Annotation im europäischen Raum. Mit einem Netzwerk von über 250.000 Experten können wir die richtigen Köpfe in unterschiedlichen Bereichen für sämtliche Data-Labeling-Bedarfe stellen.

Unternehmen wie z.B. Mistral AI und mittelständische Firmen bis hin zu Konzernen arbeiten bereits mit uns im Rahmen ihrer KI-Vorhaben (Post- und Pre-Training von Modellen, Data Labeling anhand von Bildern, RLHF etc.) zusammen.

Wenn Sie ebenfalls Bedarfe in diesen Bereichen haben, würden wir uns freuen, wenn wir euch hier supporten könnten.

Ich freue mich auf den weiteren Austausch.

Viele Grüße
[Ihr Name]
PathWize","<p>Hallo Frau Dr. Schueller,</p>
<p>wir stehen eng mit dem KI Bundesverband im Austausch und haben dort die Info erhalten, dass wir uns mal bei euch melden sollen, da unser Experten-Netzwerk ggf. spannend für euch sein könnte.</p>
<p>Wir bei <a href=""https://www.gopathwize.com"">PathWize</a> sind einer der führenden Anbieter für Data Labeling und Annotation im europäischen Raum. Mit einem Netzwerk von über 250.000 Experten können wir die richtigen Köpfe in unterschiedlichen Bereichen für sämtliche Data-Labeling-Bedarfe stellen.</p>
<p>Unternehmen wie z.B. Mistral AI und mittelständische Firmen bis hin zu Konzernen arbeiten bereits mit uns im Rahmen ihrer KI-Vorhaben (Post- und Pre-Training von Modellen, Data Labeling anhand von Bildern, RLHF etc.) zusammen.</p>
<p>Wenn Sie ebenfalls Bedarfe in diesen Bereichen haben, würden wir uns freuen, wenn wir euch hier supporten könnten.</p>
<p>Ich freue mich auf den weiteren Austausch.</p>
<p>Viele Grüße<br>[Ihr Name]<br>PathWize</p>","info@stat-up.com"
"481","statworx","https://www.statworx.com/de/","Vielleicht","Sebastian Heinz, Julius Heinz, Fabian Mueller","info@statworx.com","funktional","Intro KI Bundesverband - z.Hd. Sebastian Heinz - Data Labeling und Annotation für Ihre KI Vorhaben","Hallo Herr Heinz,","Hallo Herr Heinz,

wir stehen eng mit dem KI Bundesverband im Austausch und haben dort die Info erhalten, dass wir uns mal bei euch melden sollen, da unser Experten-Netzwerk ggf. spannend für euch sein könnte.

Wir bei PathWize sind einer der führenden Anbieter für Data Labeling und Annotation im europäischen Raum. Mit einem Netzwerk von über 250.000 Experten können wir die richtigen Köpfe in unterschiedlichen Bereichen für sämtliche Data-Labeling-Bedarfe stellen.

Unternehmen wie z.B. Mistral AI und mittelständische Firmen bis hin zu Konzernen arbeiten bereits mit uns im Rahmen ihrer KI-Vorhaben (Post- und Pre-Training von Modellen, Data Labeling anhand von Bildern, RLHF etc.) zusammen.

Wenn Sie ebenfalls Bedarfe in diesen Bereichen haben, würden wir uns freuen, wenn wir euch hier supporten könnten.

Ich freue mich auf den weiteren Austausch.

Viele Grüße
[Ihr Name]
PathWize","<p>Hallo Herr Heinz,</p>
<p>wir stehen eng mit dem KI Bundesverband im Austausch und haben dort die Info erhalten, dass wir uns mal bei euch melden sollen, da unser Experten-Netzwerk ggf. spannend für euch sein könnte.</p>
<p>Wir bei <a href=""https://www.gopathwize.com"">PathWize</a> sind einer der führenden Anbieter für Data Labeling und Annotation im europäischen Raum. Mit einem Netzwerk von über 250.000 Experten können wir die richtigen Köpfe in unterschiedlichen Bereichen für sämtliche Data-Labeling-Bedarfe stellen.</p>
<p>Unternehmen wie z.B. Mistral AI und mittelständische Firmen bis hin zu Konzernen arbeiten bereits mit uns im Rahmen ihrer KI-Vorhaben (Post- und Pre-Training von Modellen, Data Labeling anhand von Bildern, RLHF etc.) zusammen.</p>
<p>Wenn Sie ebenfalls Bedarfe in diesen Bereichen haben, würden wir uns freuen, wenn wir euch hier supporten könnten.</p>
<p>Ich freue mich auf den weiteren Austausch.</p>
<p>Viele Grüße<br>[Ihr Name]<br>PathWize</p>","info@statworx.com"
"482","Steen Digital GmbH","https://www.steen-digital.de/","Vielleicht","Philip Steen","hello@steen-digital.de","funktional","Intro KI Bundesverband - z.Hd. Philip Steen - Data Labeling und Annotation für Ihre KI Vorhaben","Hallo Herr Steen,","Hallo Herr Steen,

wir stehen eng mit dem KI Bundesverband im Austausch und haben dort die Info erhalten, dass wir uns mal bei euch melden sollen, da unser Experten-Netzwerk ggf. spannend für euch sein könnte.

Wir bei PathWize sind einer der führenden Anbieter für Data Labeling und Annotation im europäischen Raum. Mit einem Netzwerk von über 250.000 Experten können wir die richtigen Köpfe in unterschiedlichen Bereichen für sämtliche Data-Labeling-Bedarfe stellen.

Unternehmen wie z.B. Mistral AI und mittelständische Firmen bis hin zu Konzernen arbeiten bereits mit uns im Rahmen ihrer KI-Vorhaben (Post- und Pre-Training von Modellen, Data Labeling anhand von Bildern, RLHF etc.) zusammen.

Wenn Sie ebenfalls Bedarfe in diesen Bereichen haben, würden wir uns freuen, wenn wir euch hier supporten könnten.

Ich freue mich auf den weiteren Austausch.

Viele Grüße
[Ihr Name]
PathWize","<p>Hallo Herr Steen,</p>
<p>wir stehen eng mit dem KI Bundesverband im Austausch und haben dort die Info erhalten, dass wir uns mal bei euch melden sollen, da unser Experten-Netzwerk ggf. spannend für euch sein könnte.</p>
<p>Wir bei <a href=""https://www.gopathwize.com"">PathWize</a> sind einer der führenden Anbieter für Data Labeling und Annotation im europäischen Raum. Mit einem Netzwerk von über 250.000 Experten können wir die richtigen Köpfe in unterschiedlichen Bereichen für sämtliche Data-Labeling-Bedarfe stellen.</p>
<p>Unternehmen wie z.B. Mistral AI und mittelständische Firmen bis hin zu Konzernen arbeiten bereits mit uns im Rahmen ihrer KI-Vorhaben (Post- und Pre-Training von Modellen, Data Labeling anhand von Bildern, RLHF etc.) zusammen.</p>
<p>Wenn Sie ebenfalls Bedarfe in diesen Bereichen haben, würden wir uns freuen, wenn wir euch hier supporten könnten.</p>
<p>Ich freue mich auf den weiteren Austausch.</p>
<p>Viele Grüße<br>[Ihr Name]<br>PathWize</p>","hello@steen-digital.de; accounts@steen-digital.de"
"483","Stephan Schott (Schott AI)","https://schottai.com/","Vielleicht","","","keine Mail gefunden","Intro KI Bundesverband - Data Labeling und Annotation für Ihre KI Vorhaben","Guten Tag,","Guten Tag,

wir stehen eng mit dem KI Bundesverband im Austausch und haben dort die Info erhalten, dass wir uns mal bei euch melden sollen, da unser Experten-Netzwerk ggf. spannend für euch sein könnte.

Wir bei PathWize sind einer der führenden Anbieter für Data Labeling und Annotation im europäischen Raum. Mit einem Netzwerk von über 250.000 Experten können wir die richtigen Köpfe in unterschiedlichen Bereichen für sämtliche Data-Labeling-Bedarfe stellen.

Unternehmen wie z.B. Mistral AI und mittelständische Firmen bis hin zu Konzernen arbeiten bereits mit uns im Rahmen ihrer KI-Vorhaben (Post- und Pre-Training von Modellen, Data Labeling anhand von Bildern, RLHF etc.) zusammen.

Wenn Sie ebenfalls Bedarfe in diesen Bereichen haben, würden wir uns freuen, wenn wir euch hier supporten könnten.

Ich freue mich auf den weiteren Austausch.

Viele Grüße
[Ihr Name]
PathWize","<p>Guten Tag,</p>
<p>wir stehen eng mit dem KI Bundesverband im Austausch und haben dort die Info erhalten, dass wir uns mal bei euch melden sollen, da unser Experten-Netzwerk ggf. spannend für euch sein könnte.</p>
<p>Wir bei <a href=""https://www.gopathwize.com"">PathWize</a> sind einer der führenden Anbieter für Data Labeling und Annotation im europäischen Raum. Mit einem Netzwerk von über 250.000 Experten können wir die richtigen Köpfe in unterschiedlichen Bereichen für sämtliche Data-Labeling-Bedarfe stellen.</p>
<p>Unternehmen wie z.B. Mistral AI und mittelständische Firmen bis hin zu Konzernen arbeiten bereits mit uns im Rahmen ihrer KI-Vorhaben (Post- und Pre-Training von Modellen, Data Labeling anhand von Bildern, RLHF etc.) zusammen.</p>
<p>Wenn Sie ebenfalls Bedarfe in diesen Bereichen haben, würden wir uns freuen, wenn wir euch hier supporten könnten.</p>
<p>Ich freue mich auf den weiteren Austausch.</p>
<p>Viele Grüße<br>[Ihr Name]<br>PathWize</p>",""
"484","Sub Capitals GmbH","https://www.subcapitals.com/","Ja","Christoph Dichtl","hello@subcapitals.com","funktional","Intro KI Bundesverband - z.Hd. Christoph Dichtl - Data Labeling und Annotation für Ihre KI Vorhaben","Hallo Herr Dichtl,","Hallo Herr Dichtl,

wir stehen eng mit dem KI Bundesverband im Austausch und haben dort die Info erhalten, dass wir uns mal bei euch melden sollen, da unser Experten-Netzwerk ggf. spannend für euch sein könnte.

Wir bei PathWize sind einer der führenden Anbieter für Data Labeling und Annotation im europäischen Raum. Mit einem Netzwerk von über 250.000 Experten können wir die richtigen Köpfe in unterschiedlichen Bereichen für sämtliche Data-Labeling-Bedarfe stellen.

Unternehmen wie z.B. Mistral AI und mittelständische Firmen bis hin zu Konzernen arbeiten bereits mit uns im Rahmen ihrer KI-Vorhaben (Post- und Pre-Training von Modellen, Data Labeling anhand von Bildern, RLHF etc.) zusammen.

Wenn Sie ebenfalls Bedarfe in diesen Bereichen haben, würden wir uns freuen, wenn wir euch hier supporten könnten.

Ich freue mich auf den weiteren Austausch.

Viele Grüße
[Ihr Name]
PathWize","<p>Hallo Herr Dichtl,</p>
<p>wir stehen eng mit dem KI Bundesverband im Austausch und haben dort die Info erhalten, dass wir uns mal bei euch melden sollen, da unser Experten-Netzwerk ggf. spannend für euch sein könnte.</p>
<p>Wir bei <a href=""https://www.gopathwize.com"">PathWize</a> sind einer der führenden Anbieter für Data Labeling und Annotation im europäischen Raum. Mit einem Netzwerk von über 250.000 Experten können wir die richtigen Köpfe in unterschiedlichen Bereichen für sämtliche Data-Labeling-Bedarfe stellen.</p>
<p>Unternehmen wie z.B. Mistral AI und mittelständische Firmen bis hin zu Konzernen arbeiten bereits mit uns im Rahmen ihrer KI-Vorhaben (Post- und Pre-Training von Modellen, Data Labeling anhand von Bildern, RLHF etc.) zusammen.</p>
<p>Wenn Sie ebenfalls Bedarfe in diesen Bereichen haben, würden wir uns freuen, wenn wir euch hier supporten könnten.</p>
<p>Ich freue mich auf den weiteren Austausch.</p>
<p>Viele Grüße<br>[Ihr Name]<br>PathWize</p>","hello@subcapitals.com"
"486","Sulzer GmbH","https://www.sulzer.de/","Vielleicht","Dr. Michael Kraus","","keine Mail gefunden","Intro KI Bundesverband - z.Hd. Michael Kraus - Data Labeling und Annotation für Ihre KI Vorhaben","Hallo Herr Dr. Kraus,","Hallo Herr Dr. Kraus,

wir stehen eng mit dem KI Bundesverband im Austausch und haben dort die Info erhalten, dass wir uns mal bei euch melden sollen, da unser Experten-Netzwerk ggf. spannend für euch sein könnte.

Wir bei PathWize sind einer der führenden Anbieter für Data Labeling und Annotation im europäischen Raum. Mit einem Netzwerk von über 250.000 Experten können wir die richtigen Köpfe in unterschiedlichen Bereichen für sämtliche Data-Labeling-Bedarfe stellen.

Unternehmen wie z.B. Mistral AI und mittelständische Firmen bis hin zu Konzernen arbeiten bereits mit uns im Rahmen ihrer KI-Vorhaben (Post- und Pre-Training von Modellen, Data Labeling anhand von Bildern, RLHF etc.) zusammen.

Wenn Sie ebenfalls Bedarfe in diesen Bereichen haben, würden wir uns freuen, wenn wir euch hier supporten könnten.

Ich freue mich auf den weiteren Austausch.

Viele Grüße
[Ihr Name]
PathWize","<p>Hallo Herr Dr. Kraus,</p>
<p>wir stehen eng mit dem KI Bundesverband im Austausch und haben dort die Info erhalten, dass wir uns mal bei euch melden sollen, da unser Experten-Netzwerk ggf. spannend für euch sein könnte.</p>
<p>Wir bei <a href=""https://www.gopathwize.com"">PathWize</a> sind einer der führenden Anbieter für Data Labeling und Annotation im europäischen Raum. Mit einem Netzwerk von über 250.000 Experten können wir die richtigen Köpfe in unterschiedlichen Bereichen für sämtliche Data-Labeling-Bedarfe stellen.</p>
<p>Unternehmen wie z.B. Mistral AI und mittelständische Firmen bis hin zu Konzernen arbeiten bereits mit uns im Rahmen ihrer KI-Vorhaben (Post- und Pre-Training von Modellen, Data Labeling anhand von Bildern, RLHF etc.) zusammen.</p>
<p>Wenn Sie ebenfalls Bedarfe in diesen Bereichen haben, würden wir uns freuen, wenn wir euch hier supporten könnten.</p>
<p>Ich freue mich auf den weiteren Austausch.</p>
<p>Viele Grüße<br>[Ihr Name]<br>PathWize</p>",""
"487","SupraTix GmbH","https://supratix.com/","Vielleicht","Dipl.-Ing. Tobias Goecke","info@supratix.com","funktional","Intro KI Bundesverband - z.Hd. Tobias Goecke - Data Labeling und Annotation für Ihre KI Vorhaben","Hallo Herr Dipl.-Ing. Goecke,","Hallo Herr Dipl.-Ing. Goecke,

wir stehen eng mit dem KI Bundesverband im Austausch und haben dort die Info erhalten, dass wir uns mal bei euch melden sollen, da unser Experten-Netzwerk ggf. spannend für euch sein könnte.

Wir bei PathWize sind einer der führenden Anbieter für Data Labeling und Annotation im europäischen Raum. Mit einem Netzwerk von über 250.000 Experten können wir die richtigen Köpfe in unterschiedlichen Bereichen für sämtliche Data-Labeling-Bedarfe stellen.

Unternehmen wie z.B. Mistral AI und mittelständische Firmen bis hin zu Konzernen arbeiten bereits mit uns im Rahmen ihrer KI-Vorhaben (Post- und Pre-Training von Modellen, Data Labeling anhand von Bildern, RLHF etc.) zusammen.

Wenn Sie ebenfalls Bedarfe in diesen Bereichen haben, würden wir uns freuen, wenn wir euch hier supporten könnten.

Ich freue mich auf den weiteren Austausch.

Viele Grüße
[Ihr Name]
PathWize","<p>Hallo Herr Dipl.-Ing. Goecke,</p>
<p>wir stehen eng mit dem KI Bundesverband im Austausch und haben dort die Info erhalten, dass wir uns mal bei euch melden sollen, da unser Experten-Netzwerk ggf. spannend für euch sein könnte.</p>
<p>Wir bei <a href=""https://www.gopathwize.com"">PathWize</a> sind einer der führenden Anbieter für Data Labeling und Annotation im europäischen Raum. Mit einem Netzwerk von über 250.000 Experten können wir die richtigen Köpfe in unterschiedlichen Bereichen für sämtliche Data-Labeling-Bedarfe stellen.</p>
<p>Unternehmen wie z.B. Mistral AI und mittelständische Firmen bis hin zu Konzernen arbeiten bereits mit uns im Rahmen ihrer KI-Vorhaben (Post- und Pre-Training von Modellen, Data Labeling anhand von Bildern, RLHF etc.) zusammen.</p>
<p>Wenn Sie ebenfalls Bedarfe in diesen Bereichen haben, würden wir uns freuen, wenn wir euch hier supporten könnten.</p>
<p>Ich freue mich auf den weiteren Austausch.</p>
<p>Viele Grüße<br>[Ihr Name]<br>PathWize</p>","info@supratix.com"
"489","SUSI&James GmbH","https://susiandjames.com/","Ja","Marcel Martini","sales@susiandjames.com","funktional","Intro KI Bundesverband - z.Hd. Marcel Martini - Data Labeling und Annotation für Ihre KI Vorhaben","Hallo Herr Martini,","Hallo Herr Martini,

wir stehen eng mit dem KI Bundesverband im Austausch und haben dort die Info erhalten, dass wir uns mal bei euch melden sollen, da unser Experten-Netzwerk ggf. spannend für euch sein könnte.

Wir bei PathWize sind einer der führenden Anbieter für Data Labeling und Annotation im europäischen Raum. Mit einem Netzwerk von über 250.000 Experten können wir die richtigen Köpfe in unterschiedlichen Bereichen für sämtliche Data-Labeling-Bedarfe stellen.

Unternehmen wie z.B. Mistral AI und mittelständische Firmen bis hin zu Konzernen arbeiten bereits mit uns im Rahmen ihrer KI-Vorhaben (Post- und Pre-Training von Modellen, Data Labeling anhand von Bildern, RLHF etc.) zusammen.

Wenn Sie ebenfalls Bedarfe in diesen Bereichen haben, würden wir uns freuen, wenn wir euch hier supporten könnten.

Ich freue mich auf den weiteren Austausch.

Viele Grüße
[Ihr Name]
PathWize","<p>Hallo Herr Martini,</p>
<p>wir stehen eng mit dem KI Bundesverband im Austausch und haben dort die Info erhalten, dass wir uns mal bei euch melden sollen, da unser Experten-Netzwerk ggf. spannend für euch sein könnte.</p>
<p>Wir bei <a href=""https://www.gopathwize.com"">PathWize</a> sind einer der führenden Anbieter für Data Labeling und Annotation im europäischen Raum. Mit einem Netzwerk von über 250.000 Experten können wir die richtigen Köpfe in unterschiedlichen Bereichen für sämtliche Data-Labeling-Bedarfe stellen.</p>
<p>Unternehmen wie z.B. Mistral AI und mittelständische Firmen bis hin zu Konzernen arbeiten bereits mit uns im Rahmen ihrer KI-Vorhaben (Post- und Pre-Training von Modellen, Data Labeling anhand von Bildern, RLHF etc.) zusammen.</p>
<p>Wenn Sie ebenfalls Bedarfe in diesen Bereichen haben, würden wir uns freuen, wenn wir euch hier supporten könnten.</p>
<p>Ich freue mich auf den weiteren Austausch.</p>
<p>Viele Grüße<br>[Ihr Name]<br>PathWize</p>","sales@susiandjames.com"
"490","SygentiQ GmbH","https://sygentiq.com/","Vielleicht","","","keine Mail gefunden","Intro KI Bundesverband - Data Labeling und Annotation für Ihre KI Vorhaben","Guten Tag,","Guten Tag,

wir stehen eng mit dem KI Bundesverband im Austausch und haben dort die Info erhalten, dass wir uns mal bei euch melden sollen, da unser Experten-Netzwerk ggf. spannend für euch sein könnte.

Wir bei PathWize sind einer der führenden Anbieter für Data Labeling und Annotation im europäischen Raum. Mit einem Netzwerk von über 250.000 Experten können wir die richtigen Köpfe in unterschiedlichen Bereichen für sämtliche Data-Labeling-Bedarfe stellen.

Unternehmen wie z.B. Mistral AI und mittelständische Firmen bis hin zu Konzernen arbeiten bereits mit uns im Rahmen ihrer KI-Vorhaben (Post- und Pre-Training von Modellen, Data Labeling anhand von Bildern, RLHF etc.) zusammen.

Wenn Sie ebenfalls Bedarfe in diesen Bereichen haben, würden wir uns freuen, wenn wir euch hier supporten könnten.

Ich freue mich auf den weiteren Austausch.

Viele Grüße
[Ihr Name]
PathWize","<p>Guten Tag,</p>
<p>wir stehen eng mit dem KI Bundesverband im Austausch und haben dort die Info erhalten, dass wir uns mal bei euch melden sollen, da unser Experten-Netzwerk ggf. spannend für euch sein könnte.</p>
<p>Wir bei <a href=""https://www.gopathwize.com"">PathWize</a> sind einer der führenden Anbieter für Data Labeling und Annotation im europäischen Raum. Mit einem Netzwerk von über 250.000 Experten können wir die richtigen Köpfe in unterschiedlichen Bereichen für sämtliche Data-Labeling-Bedarfe stellen.</p>
<p>Unternehmen wie z.B. Mistral AI und mittelständische Firmen bis hin zu Konzernen arbeiten bereits mit uns im Rahmen ihrer KI-Vorhaben (Post- und Pre-Training von Modellen, Data Labeling anhand von Bildern, RLHF etc.) zusammen.</p>
<p>Wenn Sie ebenfalls Bedarfe in diesen Bereichen haben, würden wir uns freuen, wenn wir euch hier supporten könnten.</p>
<p>Ich freue mich auf den weiteren Austausch.</p>
<p>Viele Grüße<br>[Ihr Name]<br>PathWize</p>",""
"491","Symanto Research GmbH & Co. KG","https://www.symanto.com/","Ja","Khaleeq Aziz","info@symanto.com","funktional","Intro KI Bundesverband - z.Hd. Khaleeq Aziz - Data Labeling und Annotation für Ihre KI Vorhaben","Hallo Herr Aziz,","Hallo Herr Aziz,

wir stehen eng mit dem KI Bundesverband im Austausch und haben dort die Info erhalten, dass wir uns mal bei euch melden sollen, da unser Experten-Netzwerk ggf. spannend für euch sein könnte.

Wir bei PathWize sind einer der führenden Anbieter für Data Labeling und Annotation im europäischen Raum. Mit einem Netzwerk von über 250.000 Experten können wir die richtigen Köpfe in unterschiedlichen Bereichen für sämtliche Data-Labeling-Bedarfe stellen.

Unternehmen wie z.B. Mistral AI und mittelständische Firmen bis hin zu Konzernen arbeiten bereits mit uns im Rahmen ihrer KI-Vorhaben (Post- und Pre-Training von Modellen, Data Labeling anhand von Bildern, RLHF etc.) zusammen.

Wenn Sie ebenfalls Bedarfe in diesen Bereichen haben, würden wir uns freuen, wenn wir euch hier supporten könnten.

Ich freue mich auf den weiteren Austausch.

Viele Grüße
[Ihr Name]
PathWize","<p>Hallo Herr Aziz,</p>
<p>wir stehen eng mit dem KI Bundesverband im Austausch und haben dort die Info erhalten, dass wir uns mal bei euch melden sollen, da unser Experten-Netzwerk ggf. spannend für euch sein könnte.</p>
<p>Wir bei <a href=""https://www.gopathwize.com"">PathWize</a> sind einer der führenden Anbieter für Data Labeling und Annotation im europäischen Raum. Mit einem Netzwerk von über 250.000 Experten können wir die richtigen Köpfe in unterschiedlichen Bereichen für sämtliche Data-Labeling-Bedarfe stellen.</p>
<p>Unternehmen wie z.B. Mistral AI und mittelständische Firmen bis hin zu Konzernen arbeiten bereits mit uns im Rahmen ihrer KI-Vorhaben (Post- und Pre-Training von Modellen, Data Labeling anhand von Bildern, RLHF etc.) zusammen.</p>
<p>Wenn Sie ebenfalls Bedarfe in diesen Bereichen haben, würden wir uns freuen, wenn wir euch hier supporten könnten.</p>
<p>Ich freue mich auf den weiteren Austausch.</p>
<p>Viele Grüße<br>[Ihr Name]<br>PathWize</p>","info@symanto.com; compliance@symanto.com"
"492","Symbiosika GmbH","https://symbiosika.de/","Ja","Bjoern Enders","info@symbiosika.de","funktional","Intro KI Bundesverband - z.Hd. Bjoern Enders - Data Labeling und Annotation für Ihre KI Vorhaben","Hallo Herr Enders,","Hallo Herr Enders,

wir stehen eng mit dem KI Bundesverband im Austausch und haben dort die Info erhalten, dass wir uns mal bei euch melden sollen, da unser Experten-Netzwerk ggf. spannend für euch sein könnte.

Wir bei PathWize sind einer der führenden Anbieter für Data Labeling und Annotation im europäischen Raum. Mit einem Netzwerk von über 250.000 Experten können wir die richtigen Köpfe in unterschiedlichen Bereichen für sämtliche Data-Labeling-Bedarfe stellen.

Unternehmen wie z.B. Mistral AI und mittelständische Firmen bis hin zu Konzernen arbeiten bereits mit uns im Rahmen ihrer KI-Vorhaben (Post- und Pre-Training von Modellen, Data Labeling anhand von Bildern, RLHF etc.) zusammen.

Wenn Sie ebenfalls Bedarfe in diesen Bereichen haben, würden wir uns freuen, wenn wir euch hier supporten könnten.

Ich freue mich auf den weiteren Austausch.

Viele Grüße
[Ihr Name]
PathWize","<p>Hallo Herr Enders,</p>
<p>wir stehen eng mit dem KI Bundesverband im Austausch und haben dort die Info erhalten, dass wir uns mal bei euch melden sollen, da unser Experten-Netzwerk ggf. spannend für euch sein könnte.</p>
<p>Wir bei <a href=""https://www.gopathwize.com"">PathWize</a> sind einer der führenden Anbieter für Data Labeling und Annotation im europäischen Raum. Mit einem Netzwerk von über 250.000 Experten können wir die richtigen Köpfe in unterschiedlichen Bereichen für sämtliche Data-Labeling-Bedarfe stellen.</p>
<p>Unternehmen wie z.B. Mistral AI und mittelständische Firmen bis hin zu Konzernen arbeiten bereits mit uns im Rahmen ihrer KI-Vorhaben (Post- und Pre-Training von Modellen, Data Labeling anhand von Bildern, RLHF etc.) zusammen.</p>
<p>Wenn Sie ebenfalls Bedarfe in diesen Bereichen haben, würden wir uns freuen, wenn wir euch hier supporten könnten.</p>
<p>Ich freue mich auf den weiteren Austausch.</p>
<p>Viele Grüße<br>[Ihr Name]<br>PathWize</p>","info@symbiosika.de"
"493","SYNAOS","https://www.synaos.com/","Vielleicht","Dr. Wolfgang Hackenberg","info@synaos.com","funktional","Intro KI Bundesverband - z.Hd. Wolfgang Hackenberg - Data Labeling und Annotation für Ihre KI Vorhaben","Hallo Herr Dr. Hackenberg,","Hallo Herr Dr. Hackenberg,

wir stehen eng mit dem KI Bundesverband im Austausch und haben dort die Info erhalten, dass wir uns mal bei euch melden sollen, da unser Experten-Netzwerk ggf. spannend für euch sein könnte.

Wir bei PathWize sind einer der führenden Anbieter für Data Labeling und Annotation im europäischen Raum. Mit einem Netzwerk von über 250.000 Experten können wir die richtigen Köpfe in unterschiedlichen Bereichen für sämtliche Data-Labeling-Bedarfe stellen.

Unternehmen wie z.B. Mistral AI und mittelständische Firmen bis hin zu Konzernen arbeiten bereits mit uns im Rahmen ihrer KI-Vorhaben (Post- und Pre-Training von Modellen, Data Labeling anhand von Bildern, RLHF etc.) zusammen.

Wenn Sie ebenfalls Bedarfe in diesen Bereichen haben, würden wir uns freuen, wenn wir euch hier supporten könnten.

Ich freue mich auf den weiteren Austausch.

Viele Grüße
[Ihr Name]
PathWize","<p>Hallo Herr Dr. Hackenberg,</p>
<p>wir stehen eng mit dem KI Bundesverband im Austausch und haben dort die Info erhalten, dass wir uns mal bei euch melden sollen, da unser Experten-Netzwerk ggf. spannend für euch sein könnte.</p>
<p>Wir bei <a href=""https://www.gopathwize.com"">PathWize</a> sind einer der führenden Anbieter für Data Labeling und Annotation im europäischen Raum. Mit einem Netzwerk von über 250.000 Experten können wir die richtigen Köpfe in unterschiedlichen Bereichen für sämtliche Data-Labeling-Bedarfe stellen.</p>
<p>Unternehmen wie z.B. Mistral AI und mittelständische Firmen bis hin zu Konzernen arbeiten bereits mit uns im Rahmen ihrer KI-Vorhaben (Post- und Pre-Training von Modellen, Data Labeling anhand von Bildern, RLHF etc.) zusammen.</p>
<p>Wenn Sie ebenfalls Bedarfe in diesen Bereichen haben, würden wir uns freuen, wenn wir euch hier supporten könnten.</p>
<p>Ich freue mich auf den weiteren Austausch.</p>
<p>Viele Grüße<br>[Ihr Name]<br>PathWize</p>","info@synaos.com"
"494","synthavo GmbH","https://synthavo.eu/","Ja","Sebastian Stoecklmeier","info@synthavo.de","funktional","Intro KI Bundesverband - z.Hd. Sebastian Stoecklmeier - Data Labeling und Annotation für Ihre KI Vorhaben","Hallo Herr Stoecklmeier,","Hallo Herr Stoecklmeier,

wir stehen eng mit dem KI Bundesverband im Austausch und haben dort die Info erhalten, dass wir uns mal bei euch melden sollen, da unser Experten-Netzwerk ggf. spannend für euch sein könnte.

Wir bei PathWize sind einer der führenden Anbieter für Data Labeling und Annotation im europäischen Raum. Mit einem Netzwerk von über 250.000 Experten können wir die richtigen Köpfe in unterschiedlichen Bereichen für sämtliche Data-Labeling-Bedarfe stellen.

Unternehmen wie z.B. Mistral AI und mittelständische Firmen bis hin zu Konzernen arbeiten bereits mit uns im Rahmen ihrer KI-Vorhaben (Post- und Pre-Training von Modellen, Data Labeling anhand von Bildern, RLHF etc.) zusammen.

Wenn Sie ebenfalls Bedarfe in diesen Bereichen haben, würden wir uns freuen, wenn wir euch hier supporten könnten.

Ich freue mich auf den weiteren Austausch.

Viele Grüße
[Ihr Name]
PathWize","<p>Hallo Herr Stoecklmeier,</p>
<p>wir stehen eng mit dem KI Bundesverband im Austausch und haben dort die Info erhalten, dass wir uns mal bei euch melden sollen, da unser Experten-Netzwerk ggf. spannend für euch sein könnte.</p>
<p>Wir bei <a href=""https://www.gopathwize.com"">PathWize</a> sind einer der führenden Anbieter für Data Labeling und Annotation im europäischen Raum. Mit einem Netzwerk von über 250.000 Experten können wir die richtigen Köpfe in unterschiedlichen Bereichen für sämtliche Data-Labeling-Bedarfe stellen.</p>
<p>Unternehmen wie z.B. Mistral AI und mittelständische Firmen bis hin zu Konzernen arbeiten bereits mit uns im Rahmen ihrer KI-Vorhaben (Post- und Pre-Training von Modellen, Data Labeling anhand von Bildern, RLHF etc.) zusammen.</p>
<p>Wenn Sie ebenfalls Bedarfe in diesen Bereichen haben, würden wir uns freuen, wenn wir euch hier supporten könnten.</p>
<p>Ich freue mich auf den weiteren Austausch.</p>
<p>Viele Grüße<br>[Ihr Name]<br>PathWize</p>","info@synthavo.de"
"495","syntik GmbH","https://syntik.de/","Vielleicht","Mert Erdogan","info@syntik.de","funktional","Intro KI Bundesverband - z.Hd. Mert Erdogan - Data Labeling und Annotation für Ihre KI Vorhaben","Hallo Herr Erdogan,","Hallo Herr Erdogan,

wir stehen eng mit dem KI Bundesverband im Austausch und haben dort die Info erhalten, dass wir uns mal bei euch melden sollen, da unser Experten-Netzwerk ggf. spannend für euch sein könnte.

Wir bei PathWize sind einer der führenden Anbieter für Data Labeling und Annotation im europäischen Raum. Mit einem Netzwerk von über 250.000 Experten können wir die richtigen Köpfe in unterschiedlichen Bereichen für sämtliche Data-Labeling-Bedarfe stellen.

Unternehmen wie z.B. Mistral AI und mittelständische Firmen bis hin zu Konzernen arbeiten bereits mit uns im Rahmen ihrer KI-Vorhaben (Post- und Pre-Training von Modellen, Data Labeling anhand von Bildern, RLHF etc.) zusammen.

Wenn Sie ebenfalls Bedarfe in diesen Bereichen haben, würden wir uns freuen, wenn wir euch hier supporten könnten.

Ich freue mich auf den weiteren Austausch.

Viele Grüße
[Ihr Name]
PathWize","<p>Hallo Herr Erdogan,</p>
<p>wir stehen eng mit dem KI Bundesverband im Austausch und haben dort die Info erhalten, dass wir uns mal bei euch melden sollen, da unser Experten-Netzwerk ggf. spannend für euch sein könnte.</p>
<p>Wir bei <a href=""https://www.gopathwize.com"">PathWize</a> sind einer der führenden Anbieter für Data Labeling und Annotation im europäischen Raum. Mit einem Netzwerk von über 250.000 Experten können wir die richtigen Köpfe in unterschiedlichen Bereichen für sämtliche Data-Labeling-Bedarfe stellen.</p>
<p>Unternehmen wie z.B. Mistral AI und mittelständische Firmen bis hin zu Konzernen arbeiten bereits mit uns im Rahmen ihrer KI-Vorhaben (Post- und Pre-Training von Modellen, Data Labeling anhand von Bildern, RLHF etc.) zusammen.</p>
<p>Wenn Sie ebenfalls Bedarfe in diesen Bereichen haben, würden wir uns freuen, wenn wir euch hier supporten könnten.</p>
<p>Ich freue mich auf den weiteren Austausch.</p>
<p>Viele Grüße<br>[Ihr Name]<br>PathWize</p>","info@syntik.de"
"497","tagaia GmbH","https://tagaia.de/","Vielleicht","Jan Brusch, Danny Busch","kontakt@tagaia.de","funktional","Intro KI Bundesverband - z.Hd. Jan Brusch - Data Labeling und Annotation für Ihre KI Vorhaben","Hallo Herr Brusch,","Hallo Herr Brusch,

wir stehen eng mit dem KI Bundesverband im Austausch und haben dort die Info erhalten, dass wir uns mal bei euch melden sollen, da unser Experten-Netzwerk ggf. spannend für euch sein könnte.

Wir bei PathWize sind einer der führenden Anbieter für Data Labeling und Annotation im europäischen Raum. Mit einem Netzwerk von über 250.000 Experten können wir die richtigen Köpfe in unterschiedlichen Bereichen für sämtliche Data-Labeling-Bedarfe stellen.

Unternehmen wie z.B. Mistral AI und mittelständische Firmen bis hin zu Konzernen arbeiten bereits mit uns im Rahmen ihrer KI-Vorhaben (Post- und Pre-Training von Modellen, Data Labeling anhand von Bildern, RLHF etc.) zusammen.

Wenn Sie ebenfalls Bedarfe in diesen Bereichen haben, würden wir uns freuen, wenn wir euch hier supporten könnten.

Ich freue mich auf den weiteren Austausch.

Viele Grüße
[Ihr Name]
PathWize","<p>Hallo Herr Brusch,</p>
<p>wir stehen eng mit dem KI Bundesverband im Austausch und haben dort die Info erhalten, dass wir uns mal bei euch melden sollen, da unser Experten-Netzwerk ggf. spannend für euch sein könnte.</p>
<p>Wir bei <a href=""https://www.gopathwize.com"">PathWize</a> sind einer der führenden Anbieter für Data Labeling und Annotation im europäischen Raum. Mit einem Netzwerk von über 250.000 Experten können wir die richtigen Köpfe in unterschiedlichen Bereichen für sämtliche Data-Labeling-Bedarfe stellen.</p>
<p>Unternehmen wie z.B. Mistral AI und mittelständische Firmen bis hin zu Konzernen arbeiten bereits mit uns im Rahmen ihrer KI-Vorhaben (Post- und Pre-Training von Modellen, Data Labeling anhand von Bildern, RLHF etc.) zusammen.</p>
<p>Wenn Sie ebenfalls Bedarfe in diesen Bereichen haben, würden wir uns freuen, wenn wir euch hier supporten könnten.</p>
<p>Ich freue mich auf den weiteren Austausch.</p>
<p>Viele Grüße<br>[Ihr Name]<br>PathWize</p>","kontakt@tagaia.de; jobs@tagaia.de"
"498","taod Consulting GmbH","https://taod.de/","Vielleicht","Simon Biela, Matthias Steinforth, Benedikt Stienen","simon.biela@taod.de","direkt (belegt)","Intro KI Bundesverband - Data Labeling und Annotation für Ihre KI Vorhaben","Hallo Herr Biela,","Hallo Herr Biela,

wir stehen eng mit dem KI Bundesverband im Austausch und haben dort die Info erhalten, dass wir uns mal bei euch melden sollen, da unser Experten-Netzwerk ggf. spannend für euch sein könnte.

Wir bei PathWize sind einer der führenden Anbieter für Data Labeling und Annotation im europäischen Raum. Mit einem Netzwerk von über 250.000 Experten können wir die richtigen Köpfe in unterschiedlichen Bereichen für sämtliche Data-Labeling-Bedarfe stellen.

Unternehmen wie z.B. Mistral AI und mittelständische Firmen bis hin zu Konzernen arbeiten bereits mit uns im Rahmen ihrer KI-Vorhaben (Post- und Pre-Training von Modellen, Data Labeling anhand von Bildern, RLHF etc.) zusammen.

Wenn Sie ebenfalls Bedarfe in diesen Bereichen haben, würden wir uns freuen, wenn wir euch hier supporten könnten.

Ich freue mich auf den weiteren Austausch.

Viele Grüße
[Ihr Name]
PathWize","<p>Hallo Herr Biela,</p>
<p>wir stehen eng mit dem KI Bundesverband im Austausch und haben dort die Info erhalten, dass wir uns mal bei euch melden sollen, da unser Experten-Netzwerk ggf. spannend für euch sein könnte.</p>
<p>Wir bei <a href=""https://www.gopathwize.com"">PathWize</a> sind einer der führenden Anbieter für Data Labeling und Annotation im europäischen Raum. Mit einem Netzwerk von über 250.000 Experten können wir die richtigen Köpfe in unterschiedlichen Bereichen für sämtliche Data-Labeling-Bedarfe stellen.</p>
<p>Unternehmen wie z.B. Mistral AI und mittelständische Firmen bis hin zu Konzernen arbeiten bereits mit uns im Rahmen ihrer KI-Vorhaben (Post- und Pre-Training von Modellen, Data Labeling anhand von Bildern, RLHF etc.) zusammen.</p>
<p>Wenn Sie ebenfalls Bedarfe in diesen Bereichen haben, würden wir uns freuen, wenn wir euch hier supporten könnten.</p>
<p>Ich freue mich auf den weiteren Austausch.</p>
<p>Viele Grüße<br>[Ihr Name]<br>PathWize</p>","info@taod.de; simon.biela@taod.de"
"500","TEDEXA GmbH","https://www.tedexa.de/","Vielleicht","Michael Darnieder (Geschaeftsfuehrender Gesellschafter)","info@tedexa.de","funktional","Intro KI Bundesverband - z.Hd. Michael Darnieder - Data Labeling und Annotation für Ihre KI Vorhaben","Hallo Herr Darnieder,","Hallo Herr Darnieder,

wir stehen eng mit dem KI Bundesverband im Austausch und haben dort die Info erhalten, dass wir uns mal bei euch melden sollen, da unser Experten-Netzwerk ggf. spannend für euch sein könnte.

Wir bei PathWize sind einer der führenden Anbieter für Data Labeling und Annotation im europäischen Raum. Mit einem Netzwerk von über 250.000 Experten können wir die richtigen Köpfe in unterschiedlichen Bereichen für sämtliche Data-Labeling-Bedarfe stellen.

Unternehmen wie z.B. Mistral AI und mittelständische Firmen bis hin zu Konzernen arbeiten bereits mit uns im Rahmen ihrer KI-Vorhaben (Post- und Pre-Training von Modellen, Data Labeling anhand von Bildern, RLHF etc.) zusammen.

Wenn Sie ebenfalls Bedarfe in diesen Bereichen haben, würden wir uns freuen, wenn wir euch hier supporten könnten.

Ich freue mich auf den weiteren Austausch.

Viele Grüße
[Ihr Name]
PathWize","<p>Hallo Herr Darnieder,</p>
<p>wir stehen eng mit dem KI Bundesverband im Austausch und haben dort die Info erhalten, dass wir uns mal bei euch melden sollen, da unser Experten-Netzwerk ggf. spannend für euch sein könnte.</p>
<p>Wir bei <a href=""https://www.gopathwize.com"">PathWize</a> sind einer der führenden Anbieter für Data Labeling und Annotation im europäischen Raum. Mit einem Netzwerk von über 250.000 Experten können wir die richtigen Köpfe in unterschiedlichen Bereichen für sämtliche Data-Labeling-Bedarfe stellen.</p>
<p>Unternehmen wie z.B. Mistral AI und mittelständische Firmen bis hin zu Konzernen arbeiten bereits mit uns im Rahmen ihrer KI-Vorhaben (Post- und Pre-Training von Modellen, Data Labeling anhand von Bildern, RLHF etc.) zusammen.</p>
<p>Wenn Sie ebenfalls Bedarfe in diesen Bereichen haben, würden wir uns freuen, wenn wir euch hier supporten könnten.</p>
<p>Ich freue mich auf den weiteren Austausch.</p>
<p>Viele Grüße<br>[Ihr Name]<br>PathWize</p>","info@tedexa.de"
"501","TekkMinds AG","https://tekkminds.com/","Vielleicht","Florian Oehlschlegel, Thimo Koenig (Management Board)","info@tekkminds.com","funktional","Intro KI Bundesverband - z.Hd. Florian Oehlschlegel - Data Labeling und Annotation für Ihre KI Vorhaben","Hallo Herr Oehlschlegel,","Hallo Herr Oehlschlegel,

wir stehen eng mit dem KI Bundesverband im Austausch und haben dort die Info erhalten, dass wir uns mal bei euch melden sollen, da unser Experten-Netzwerk ggf. spannend für euch sein könnte.

Wir bei PathWize sind einer der führenden Anbieter für Data Labeling und Annotation im europäischen Raum. Mit einem Netzwerk von über 250.000 Experten können wir die richtigen Köpfe in unterschiedlichen Bereichen für sämtliche Data-Labeling-Bedarfe stellen.

Unternehmen wie z.B. Mistral AI und mittelständische Firmen bis hin zu Konzernen arbeiten bereits mit uns im Rahmen ihrer KI-Vorhaben (Post- und Pre-Training von Modellen, Data Labeling anhand von Bildern, RLHF etc.) zusammen.

Wenn Sie ebenfalls Bedarfe in diesen Bereichen haben, würden wir uns freuen, wenn wir euch hier supporten könnten.

Ich freue mich auf den weiteren Austausch.

Viele Grüße
[Ihr Name]
PathWize","<p>Hallo Herr Oehlschlegel,</p>
<p>wir stehen eng mit dem KI Bundesverband im Austausch und haben dort die Info erhalten, dass wir uns mal bei euch melden sollen, da unser Experten-Netzwerk ggf. spannend für euch sein könnte.</p>
<p>Wir bei <a href=""https://www.gopathwize.com"">PathWize</a> sind einer der führenden Anbieter für Data Labeling und Annotation im europäischen Raum. Mit einem Netzwerk von über 250.000 Experten können wir die richtigen Köpfe in unterschiedlichen Bereichen für sämtliche Data-Labeling-Bedarfe stellen.</p>
<p>Unternehmen wie z.B. Mistral AI und mittelständische Firmen bis hin zu Konzernen arbeiten bereits mit uns im Rahmen ihrer KI-Vorhaben (Post- und Pre-Training von Modellen, Data Labeling anhand von Bildern, RLHF etc.) zusammen.</p>
<p>Wenn Sie ebenfalls Bedarfe in diesen Bereichen haben, würden wir uns freuen, wenn wir euch hier supporten könnten.</p>
<p>Ich freue mich auf den weiteren Austausch.</p>
<p>Viele Grüße<br>[Ihr Name]<br>PathWize</p>","info@tekkminds.com; info@tekkminds.ch"
"502","TEQYARD GmbH","https://teqyard.de/","Vielleicht","Bjoern Steffen","info@teqyard.de","funktional","Intro KI Bundesverband - z.Hd. Bjoern Steffen - Data Labeling und Annotation für Ihre KI Vorhaben","Hallo Herr Steffen,","Hallo Herr Steffen,

wir stehen eng mit dem KI Bundesverband im Austausch und haben dort die Info erhalten, dass wir uns mal bei euch melden sollen, da unser Experten-Netzwerk ggf. spannend für euch sein könnte.

Wir bei PathWize sind einer der führenden Anbieter für Data Labeling und Annotation im europäischen Raum. Mit einem Netzwerk von über 250.000 Experten können wir die richtigen Köpfe in unterschiedlichen Bereichen für sämtliche Data-Labeling-Bedarfe stellen.

Unternehmen wie z.B. Mistral AI und mittelständische Firmen bis hin zu Konzernen arbeiten bereits mit uns im Rahmen ihrer KI-Vorhaben (Post- und Pre-Training von Modellen, Data Labeling anhand von Bildern, RLHF etc.) zusammen.

Wenn Sie ebenfalls Bedarfe in diesen Bereichen haben, würden wir uns freuen, wenn wir euch hier supporten könnten.

Ich freue mich auf den weiteren Austausch.

Viele Grüße
[Ihr Name]
PathWize","<p>Hallo Herr Steffen,</p>
<p>wir stehen eng mit dem KI Bundesverband im Austausch und haben dort die Info erhalten, dass wir uns mal bei euch melden sollen, da unser Experten-Netzwerk ggf. spannend für euch sein könnte.</p>
<p>Wir bei <a href=""https://www.gopathwize.com"">PathWize</a> sind einer der führenden Anbieter für Data Labeling und Annotation im europäischen Raum. Mit einem Netzwerk von über 250.000 Experten können wir die richtigen Köpfe in unterschiedlichen Bereichen für sämtliche Data-Labeling-Bedarfe stellen.</p>
<p>Unternehmen wie z.B. Mistral AI und mittelständische Firmen bis hin zu Konzernen arbeiten bereits mit uns im Rahmen ihrer KI-Vorhaben (Post- und Pre-Training von Modellen, Data Labeling anhand von Bildern, RLHF etc.) zusammen.</p>
<p>Wenn Sie ebenfalls Bedarfe in diesen Bereichen haben, würden wir uns freuen, wenn wir euch hier supporten könnten.</p>
<p>Ich freue mich auf den weiteren Austausch.</p>
<p>Viele Grüße<br>[Ihr Name]<br>PathWize</p>","info@teqyard.de"
"503","testbee GmbH (vorher: BeeInnovations GmbH)","https://beeinnovations.ai/","Vielleicht","","hello@testbee.io","funktional","Intro KI Bundesverband - Data Labeling und Annotation für Ihre KI Vorhaben","Guten Tag,","Guten Tag,

wir stehen eng mit dem KI Bundesverband im Austausch und haben dort die Info erhalten, dass wir uns mal bei euch melden sollen, da unser Experten-Netzwerk ggf. spannend für euch sein könnte.

Wir bei PathWize sind einer der führenden Anbieter für Data Labeling und Annotation im europäischen Raum. Mit einem Netzwerk von über 250.000 Experten können wir die richtigen Köpfe in unterschiedlichen Bereichen für sämtliche Data-Labeling-Bedarfe stellen.

Unternehmen wie z.B. Mistral AI und mittelständische Firmen bis hin zu Konzernen arbeiten bereits mit uns im Rahmen ihrer KI-Vorhaben (Post- und Pre-Training von Modellen, Data Labeling anhand von Bildern, RLHF etc.) zusammen.

Wenn Sie ebenfalls Bedarfe in diesen Bereichen haben, würden wir uns freuen, wenn wir euch hier supporten könnten.

Ich freue mich auf den weiteren Austausch.

Viele Grüße
[Ihr Name]
PathWize","<p>Guten Tag,</p>
<p>wir stehen eng mit dem KI Bundesverband im Austausch und haben dort die Info erhalten, dass wir uns mal bei euch melden sollen, da unser Experten-Netzwerk ggf. spannend für euch sein könnte.</p>
<p>Wir bei <a href=""https://www.gopathwize.com"">PathWize</a> sind einer der führenden Anbieter für Data Labeling und Annotation im europäischen Raum. Mit einem Netzwerk von über 250.000 Experten können wir die richtigen Köpfe in unterschiedlichen Bereichen für sämtliche Data-Labeling-Bedarfe stellen.</p>
<p>Unternehmen wie z.B. Mistral AI und mittelständische Firmen bis hin zu Konzernen arbeiten bereits mit uns im Rahmen ihrer KI-Vorhaben (Post- und Pre-Training von Modellen, Data Labeling anhand von Bildern, RLHF etc.) zusammen.</p>
<p>Wenn Sie ebenfalls Bedarfe in diesen Bereichen haben, würden wir uns freuen, wenn wir euch hier supporten könnten.</p>
<p>Ich freue mich auf den weiteren Austausch.</p>
<p>Viele Grüße<br>[Ihr Name]<br>PathWize</p>","hello@testbee.io"
"504","TextVerstehen GmbH","https://www.textverstehen.eu/","Ja","Dr. Sebastian Goeser (Verantwortlich, CEO/Founder)","info@textverstehen.eu","funktional","Intro KI Bundesverband - z.Hd. Sebastian Goeser - Data Labeling und Annotation für Ihre KI Vorhaben","Hallo Herr Dr. Goeser,","Hallo Herr Dr. Goeser,

wir stehen eng mit dem KI Bundesverband im Austausch und haben dort die Info erhalten, dass wir uns mal bei euch melden sollen, da unser Experten-Netzwerk ggf. spannend für euch sein könnte.

Wir bei PathWize sind einer der führenden Anbieter für Data Labeling und Annotation im europäischen Raum. Mit einem Netzwerk von über 250.000 Experten können wir die richtigen Köpfe in unterschiedlichen Bereichen für sämtliche Data-Labeling-Bedarfe stellen.

Unternehmen wie z.B. Mistral AI und mittelständische Firmen bis hin zu Konzernen arbeiten bereits mit uns im Rahmen ihrer KI-Vorhaben (Post- und Pre-Training von Modellen, Data Labeling anhand von Bildern, RLHF etc.) zusammen.

Wenn Sie ebenfalls Bedarfe in diesen Bereichen haben, würden wir uns freuen, wenn wir euch hier supporten könnten.

Ich freue mich auf den weiteren Austausch.

Viele Grüße
[Ihr Name]
PathWize","<p>Hallo Herr Dr. Goeser,</p>
<p>wir stehen eng mit dem KI Bundesverband im Austausch und haben dort die Info erhalten, dass wir uns mal bei euch melden sollen, da unser Experten-Netzwerk ggf. spannend für euch sein könnte.</p>
<p>Wir bei <a href=""https://www.gopathwize.com"">PathWize</a> sind einer der führenden Anbieter für Data Labeling und Annotation im europäischen Raum. Mit einem Netzwerk von über 250.000 Experten können wir die richtigen Köpfe in unterschiedlichen Bereichen für sämtliche Data-Labeling-Bedarfe stellen.</p>
<p>Unternehmen wie z.B. Mistral AI und mittelständische Firmen bis hin zu Konzernen arbeiten bereits mit uns im Rahmen ihrer KI-Vorhaben (Post- und Pre-Training von Modellen, Data Labeling anhand von Bildern, RLHF etc.) zusammen.</p>
<p>Wenn Sie ebenfalls Bedarfe in diesen Bereichen haben, würden wir uns freuen, wenn wir euch hier supporten könnten.</p>
<p>Ich freue mich auf den weiteren Austausch.</p>
<p>Viele Grüße<br>[Ihr Name]<br>PathWize</p>","info@textverstehen.eu"
"506","the peak lab.","https://www.thepeaklab.ai/","Ja","Sascha Derschewsky, Jens Laekamp","hello@thepeaklab.com","funktional","Intro KI Bundesverband - z.Hd. Sascha Derschewsky - Data Labeling und Annotation für Ihre KI Vorhaben","Hallo Herr Derschewsky,","Hallo Herr Derschewsky,

wir stehen eng mit dem KI Bundesverband im Austausch und haben dort die Info erhalten, dass wir uns mal bei euch melden sollen, da unser Experten-Netzwerk ggf. spannend für euch sein könnte.

Wir bei PathWize sind einer der führenden Anbieter für Data Labeling und Annotation im europäischen Raum. Mit einem Netzwerk von über 250.000 Experten können wir die richtigen Köpfe in unterschiedlichen Bereichen für sämtliche Data-Labeling-Bedarfe stellen.

Unternehmen wie z.B. Mistral AI und mittelständische Firmen bis hin zu Konzernen arbeiten bereits mit uns im Rahmen ihrer KI-Vorhaben (Post- und Pre-Training von Modellen, Data Labeling anhand von Bildern, RLHF etc.) zusammen.

Wenn Sie ebenfalls Bedarfe in diesen Bereichen haben, würden wir uns freuen, wenn wir euch hier supporten könnten.

Ich freue mich auf den weiteren Austausch.

Viele Grüße
[Ihr Name]
PathWize","<p>Hallo Herr Derschewsky,</p>
<p>wir stehen eng mit dem KI Bundesverband im Austausch und haben dort die Info erhalten, dass wir uns mal bei euch melden sollen, da unser Experten-Netzwerk ggf. spannend für euch sein könnte.</p>
<p>Wir bei <a href=""https://www.gopathwize.com"">PathWize</a> sind einer der führenden Anbieter für Data Labeling und Annotation im europäischen Raum. Mit einem Netzwerk von über 250.000 Experten können wir die richtigen Köpfe in unterschiedlichen Bereichen für sämtliche Data-Labeling-Bedarfe stellen.</p>
<p>Unternehmen wie z.B. Mistral AI und mittelständische Firmen bis hin zu Konzernen arbeiten bereits mit uns im Rahmen ihrer KI-Vorhaben (Post- und Pre-Training von Modellen, Data Labeling anhand von Bildern, RLHF etc.) zusammen.</p>
<p>Wenn Sie ebenfalls Bedarfe in diesen Bereichen haben, würden wir uns freuen, wenn wir euch hier supporten könnten.</p>
<p>Ich freue mich auf den weiteren Austausch.</p>
<p>Viele Grüße<br>[Ihr Name]<br>PathWize</p>","hello@thepeaklab.com"
"507","ThinkOwl","https://www.thinkowl.de/","Ja","Rolf Esau","service@thinkowl.de","funktional (Mitarbeiter-Mail)","Intro KI Bundesverband - z.Hd. Rolf Esau - Data Labeling und Annotation für Ihre KI Vorhaben","Hallo Herr Esau,","Hallo Herr Esau,

wir stehen eng mit dem KI Bundesverband im Austausch und haben dort die Info erhalten, dass wir uns mal bei euch melden sollen, da unser Experten-Netzwerk ggf. spannend für euch sein könnte.

Wir bei PathWize sind einer der führenden Anbieter für Data Labeling und Annotation im europäischen Raum. Mit einem Netzwerk von über 250.000 Experten können wir die richtigen Köpfe in unterschiedlichen Bereichen für sämtliche Data-Labeling-Bedarfe stellen.

Unternehmen wie z.B. Mistral AI und mittelständische Firmen bis hin zu Konzernen arbeiten bereits mit uns im Rahmen ihrer KI-Vorhaben (Post- und Pre-Training von Modellen, Data Labeling anhand von Bildern, RLHF etc.) zusammen.

Wenn Sie ebenfalls Bedarfe in diesen Bereichen haben, würden wir uns freuen, wenn wir euch hier supporten könnten.

Ich freue mich auf den weiteren Austausch.

Viele Grüße
[Ihr Name]
PathWize","<p>Hallo Herr Esau,</p>
<p>wir stehen eng mit dem KI Bundesverband im Austausch und haben dort die Info erhalten, dass wir uns mal bei euch melden sollen, da unser Experten-Netzwerk ggf. spannend für euch sein könnte.</p>
<p>Wir bei <a href=""https://www.gopathwize.com"">PathWize</a> sind einer der führenden Anbieter für Data Labeling und Annotation im europäischen Raum. Mit einem Netzwerk von über 250.000 Experten können wir die richtigen Köpfe in unterschiedlichen Bereichen für sämtliche Data-Labeling-Bedarfe stellen.</p>
<p>Unternehmen wie z.B. Mistral AI und mittelständische Firmen bis hin zu Konzernen arbeiten bereits mit uns im Rahmen ihrer KI-Vorhaben (Post- und Pre-Training von Modellen, Data Labeling anhand von Bildern, RLHF etc.) zusammen.</p>
<p>Wenn Sie ebenfalls Bedarfe in diesen Bereichen haben, würden wir uns freuen, wenn wir euch hier supporten könnten.</p>
<p>Ich freue mich auf den weiteren Austausch.</p>
<p>Viele Grüße<br>[Ihr Name]<br>PathWize</p>","service@thinkowl.de"
"508","Tiplu GmbH","https://www.tiplu.de/","Ja","Dr. Lukas Aschenberg, Dr. Moritz Augustin","l.aschenberg@tiplu.de","direkt (rekonstruiert)","Intro KI Bundesverband - Data Labeling und Annotation für Ihre KI Vorhaben","Hallo Herr Dr. Aschenberg,","Hallo Herr Dr. Aschenberg,

wir stehen eng mit dem KI Bundesverband im Austausch und haben dort die Info erhalten, dass wir uns mal bei euch melden sollen, da unser Experten-Netzwerk ggf. spannend für euch sein könnte.

Wir bei PathWize sind einer der führenden Anbieter für Data Labeling und Annotation im europäischen Raum. Mit einem Netzwerk von über 250.000 Experten können wir die richtigen Köpfe in unterschiedlichen Bereichen für sämtliche Data-Labeling-Bedarfe stellen.

Unternehmen wie z.B. Mistral AI und mittelständische Firmen bis hin zu Konzernen arbeiten bereits mit uns im Rahmen ihrer KI-Vorhaben (Post- und Pre-Training von Modellen, Data Labeling anhand von Bildern, RLHF etc.) zusammen.

Wenn Sie ebenfalls Bedarfe in diesen Bereichen haben, würden wir uns freuen, wenn wir euch hier supporten könnten.

Ich freue mich auf den weiteren Austausch.

Viele Grüße
[Ihr Name]
PathWize","<p>Hallo Herr Dr. Aschenberg,</p>
<p>wir stehen eng mit dem KI Bundesverband im Austausch und haben dort die Info erhalten, dass wir uns mal bei euch melden sollen, da unser Experten-Netzwerk ggf. spannend für euch sein könnte.</p>
<p>Wir bei <a href=""https://www.gopathwize.com"">PathWize</a> sind einer der führenden Anbieter für Data Labeling und Annotation im europäischen Raum. Mit einem Netzwerk von über 250.000 Experten können wir die richtigen Köpfe in unterschiedlichen Bereichen für sämtliche Data-Labeling-Bedarfe stellen.</p>
<p>Unternehmen wie z.B. Mistral AI und mittelständische Firmen bis hin zu Konzernen arbeiten bereits mit uns im Rahmen ihrer KI-Vorhaben (Post- und Pre-Training von Modellen, Data Labeling anhand von Bildern, RLHF etc.) zusammen.</p>
<p>Wenn Sie ebenfalls Bedarfe in diesen Bereichen haben, würden wir uns freuen, wenn wir euch hier supporten könnten.</p>
<p>Ich freue mich auf den weiteren Austausch.</p>
<p>Viele Grüße<br>[Ihr Name]<br>PathWize</p>","info@tiplu.de; marketing@tiplu.de; presse@tiplu.de; sales@tiplu.de; jobs@tiplu.de; k.hospach@tiplu.de"
"509","TIQ Solutions GmbH","https://www.tiq-solutions.de/","Vielleicht","Andreas Richter, Joerg Forthmann","info@tiq-solutions.de","funktional","Intro KI Bundesverband - z.Hd. Andreas Richter - Data Labeling und Annotation für Ihre KI Vorhaben","Hallo Herr Richter,","Hallo Herr Richter,

wir stehen eng mit dem KI Bundesverband im Austausch und haben dort die Info erhalten, dass wir uns mal bei euch melden sollen, da unser Experten-Netzwerk ggf. spannend für euch sein könnte.

Wir bei PathWize sind einer der führenden Anbieter für Data Labeling und Annotation im europäischen Raum. Mit einem Netzwerk von über 250.000 Experten können wir die richtigen Köpfe in unterschiedlichen Bereichen für sämtliche Data-Labeling-Bedarfe stellen.

Unternehmen wie z.B. Mistral AI und mittelständische Firmen bis hin zu Konzernen arbeiten bereits mit uns im Rahmen ihrer KI-Vorhaben (Post- und Pre-Training von Modellen, Data Labeling anhand von Bildern, RLHF etc.) zusammen.

Wenn Sie ebenfalls Bedarfe in diesen Bereichen haben, würden wir uns freuen, wenn wir euch hier supporten könnten.

Ich freue mich auf den weiteren Austausch.

Viele Grüße
[Ihr Name]
PathWize","<p>Hallo Herr Richter,</p>
<p>wir stehen eng mit dem KI Bundesverband im Austausch und haben dort die Info erhalten, dass wir uns mal bei euch melden sollen, da unser Experten-Netzwerk ggf. spannend für euch sein könnte.</p>
<p>Wir bei <a href=""https://www.gopathwize.com"">PathWize</a> sind einer der führenden Anbieter für Data Labeling und Annotation im europäischen Raum. Mit einem Netzwerk von über 250.000 Experten können wir die richtigen Köpfe in unterschiedlichen Bereichen für sämtliche Data-Labeling-Bedarfe stellen.</p>
<p>Unternehmen wie z.B. Mistral AI und mittelständische Firmen bis hin zu Konzernen arbeiten bereits mit uns im Rahmen ihrer KI-Vorhaben (Post- und Pre-Training von Modellen, Data Labeling anhand von Bildern, RLHF etc.) zusammen.</p>
<p>Wenn Sie ebenfalls Bedarfe in diesen Bereichen haben, würden wir uns freuen, wenn wir euch hier supporten könnten.</p>
<p>Ich freue mich auf den weiteren Austausch.</p>
<p>Viele Grüße<br>[Ihr Name]<br>PathWize</p>","info@tiq-solutions.de"
"510","tisix.io GmbH","https://www.tisix.io/","Vielleicht","Dr.-Ing. Simonas Cerniauskas, Dr.-Ing. Timo Kannengiesser","info@tisix.io","funktional","Intro KI Bundesverband - z.Hd. Simonas Cerniauskas - Data Labeling und Annotation für Ihre KI Vorhaben","Hallo Herr Dr.-Ing. Cerniauskas,","Hallo Herr Dr.-Ing. Cerniauskas,

wir stehen eng mit dem KI Bundesverband im Austausch und haben dort die Info erhalten, dass wir uns mal bei euch melden sollen, da unser Experten-Netzwerk ggf. spannend für euch sein könnte.

Wir bei PathWize sind einer der führenden Anbieter für Data Labeling und Annotation im europäischen Raum. Mit einem Netzwerk von über 250.000 Experten können wir die richtigen Köpfe in unterschiedlichen Bereichen für sämtliche Data-Labeling-Bedarfe stellen.

Unternehmen wie z.B. Mistral AI und mittelständische Firmen bis hin zu Konzernen arbeiten bereits mit uns im Rahmen ihrer KI-Vorhaben (Post- und Pre-Training von Modellen, Data Labeling anhand von Bildern, RLHF etc.) zusammen.

Wenn Sie ebenfalls Bedarfe in diesen Bereichen haben, würden wir uns freuen, wenn wir euch hier supporten könnten.

Ich freue mich auf den weiteren Austausch.

Viele Grüße
[Ihr Name]
PathWize","<p>Hallo Herr Dr.-Ing. Cerniauskas,</p>
<p>wir stehen eng mit dem KI Bundesverband im Austausch und haben dort die Info erhalten, dass wir uns mal bei euch melden sollen, da unser Experten-Netzwerk ggf. spannend für euch sein könnte.</p>
<p>Wir bei <a href=""https://www.gopathwize.com"">PathWize</a> sind einer der führenden Anbieter für Data Labeling und Annotation im europäischen Raum. Mit einem Netzwerk von über 250.000 Experten können wir die richtigen Köpfe in unterschiedlichen Bereichen für sämtliche Data-Labeling-Bedarfe stellen.</p>
<p>Unternehmen wie z.B. Mistral AI und mittelständische Firmen bis hin zu Konzernen arbeiten bereits mit uns im Rahmen ihrer KI-Vorhaben (Post- und Pre-Training von Modellen, Data Labeling anhand von Bildern, RLHF etc.) zusammen.</p>
<p>Wenn Sie ebenfalls Bedarfe in diesen Bereichen haben, würden wir uns freuen, wenn wir euch hier supporten könnten.</p>
<p>Ich freue mich auf den weiteren Austausch.</p>
<p>Viele Grüße<br>[Ihr Name]<br>PathWize</p>","info@tisix.io"
"511","TNG Technology Consulting GmbH","https://www.tngtech.com/en.html","Ja","Dr. Robert Dahlke, Thomas Endres, Moritz Prinz","info@tngtech.com","funktional","Intro KI Bundesverband - z.Hd. Robert Dahlke - Data Labeling und Annotation für Ihre KI Vorhaben","Hallo Herr Dr. Dahlke,","Hallo Herr Dr. Dahlke,

wir stehen eng mit dem KI Bundesverband im Austausch und haben dort die Info erhalten, dass wir uns mal bei euch melden sollen, da unser Experten-Netzwerk ggf. spannend für euch sein könnte.

Wir bei PathWize sind einer der führenden Anbieter für Data Labeling und Annotation im europäischen Raum. Mit einem Netzwerk von über 250.000 Experten können wir die richtigen Köpfe in unterschiedlichen Bereichen für sämtliche Data-Labeling-Bedarfe stellen.

Unternehmen wie z.B. Mistral AI und mittelständische Firmen bis hin zu Konzernen arbeiten bereits mit uns im Rahmen ihrer KI-Vorhaben (Post- und Pre-Training von Modellen, Data Labeling anhand von Bildern, RLHF etc.) zusammen.

Wenn Sie ebenfalls Bedarfe in diesen Bereichen haben, würden wir uns freuen, wenn wir euch hier supporten könnten.

Ich freue mich auf den weiteren Austausch.

Viele Grüße
[Ihr Name]
PathWize","<p>Hallo Herr Dr. Dahlke,</p>
<p>wir stehen eng mit dem KI Bundesverband im Austausch und haben dort die Info erhalten, dass wir uns mal bei euch melden sollen, da unser Experten-Netzwerk ggf. spannend für euch sein könnte.</p>
<p>Wir bei <a href=""https://www.gopathwize.com"">PathWize</a> sind einer der führenden Anbieter für Data Labeling und Annotation im europäischen Raum. Mit einem Netzwerk von über 250.000 Experten können wir die richtigen Köpfe in unterschiedlichen Bereichen für sämtliche Data-Labeling-Bedarfe stellen.</p>
<p>Unternehmen wie z.B. Mistral AI und mittelständische Firmen bis hin zu Konzernen arbeiten bereits mit uns im Rahmen ihrer KI-Vorhaben (Post- und Pre-Training von Modellen, Data Labeling anhand von Bildern, RLHF etc.) zusammen.</p>
<p>Wenn Sie ebenfalls Bedarfe in diesen Bereichen haben, würden wir uns freuen, wenn wir euch hier supporten könnten.</p>
<p>Ich freue mich auf den weiteren Austausch.</p>
<p>Viele Grüße<br>[Ihr Name]<br>PathWize</p>","info@tngtech.com; ombudsperson-tng@scherer-recht.de"
"512","TOSEO (Toelle GmbH)","https://toseo.app/","Ja","Simon Toelle","info@toseo.de","funktional","Intro KI Bundesverband - z.Hd. Simon Toelle - Data Labeling und Annotation für Ihre KI Vorhaben","Hallo Herr Toelle,","Hallo Herr Toelle,

wir stehen eng mit dem KI Bundesverband im Austausch und haben dort die Info erhalten, dass wir uns mal bei euch melden sollen, da unser Experten-Netzwerk ggf. spannend für euch sein könnte.

Wir bei PathWize sind einer der führenden Anbieter für Data Labeling und Annotation im europäischen Raum. Mit einem Netzwerk von über 250.000 Experten können wir die richtigen Köpfe in unterschiedlichen Bereichen für sämtliche Data-Labeling-Bedarfe stellen.

Unternehmen wie z.B. Mistral AI und mittelständische Firmen bis hin zu Konzernen arbeiten bereits mit uns im Rahmen ihrer KI-Vorhaben (Post- und Pre-Training von Modellen, Data Labeling anhand von Bildern, RLHF etc.) zusammen.

Wenn Sie ebenfalls Bedarfe in diesen Bereichen haben, würden wir uns freuen, wenn wir euch hier supporten könnten.

Ich freue mich auf den weiteren Austausch.

Viele Grüße
[Ihr Name]
PathWize","<p>Hallo Herr Toelle,</p>
<p>wir stehen eng mit dem KI Bundesverband im Austausch und haben dort die Info erhalten, dass wir uns mal bei euch melden sollen, da unser Experten-Netzwerk ggf. spannend für euch sein könnte.</p>
<p>Wir bei <a href=""https://www.gopathwize.com"">PathWize</a> sind einer der führenden Anbieter für Data Labeling und Annotation im europäischen Raum. Mit einem Netzwerk von über 250.000 Experten können wir die richtigen Köpfe in unterschiedlichen Bereichen für sämtliche Data-Labeling-Bedarfe stellen.</p>
<p>Unternehmen wie z.B. Mistral AI und mittelständische Firmen bis hin zu Konzernen arbeiten bereits mit uns im Rahmen ihrer KI-Vorhaben (Post- und Pre-Training von Modellen, Data Labeling anhand von Bildern, RLHF etc.) zusammen.</p>
<p>Wenn Sie ebenfalls Bedarfe in diesen Bereichen haben, würden wir uns freuen, wenn wir euch hier supporten könnten.</p>
<p>Ich freue mich auf den weiteren Austausch.</p>
<p>Viele Grüße<br>[Ihr Name]<br>PathWize</p>","info@toseo.de"
"513","Tracebloc GmbH","https://www.tracebloc.io/","Ja","Lukas Wuttke","lukas.wuttke@tracebloc.io","direkt (belegt)","Intro KI Bundesverband - Data Labeling und Annotation für Ihre KI Vorhaben","Hallo Herr Wuttke,","Hallo Herr Wuttke,

wir stehen eng mit dem KI Bundesverband im Austausch und haben dort die Info erhalten, dass wir uns mal bei euch melden sollen, da unser Experten-Netzwerk ggf. spannend für euch sein könnte.

Wir bei PathWize sind einer der führenden Anbieter für Data Labeling und Annotation im europäischen Raum. Mit einem Netzwerk von über 250.000 Experten können wir die richtigen Köpfe in unterschiedlichen Bereichen für sämtliche Data-Labeling-Bedarfe stellen.

Unternehmen wie z.B. Mistral AI und mittelständische Firmen bis hin zu Konzernen arbeiten bereits mit uns im Rahmen ihrer KI-Vorhaben (Post- und Pre-Training von Modellen, Data Labeling anhand von Bildern, RLHF etc.) zusammen.

Wenn Sie ebenfalls Bedarfe in diesen Bereichen haben, würden wir uns freuen, wenn wir euch hier supporten könnten.

Ich freue mich auf den weiteren Austausch.

Viele Grüße
[Ihr Name]
PathWize","<p>Hallo Herr Wuttke,</p>
<p>wir stehen eng mit dem KI Bundesverband im Austausch und haben dort die Info erhalten, dass wir uns mal bei euch melden sollen, da unser Experten-Netzwerk ggf. spannend für euch sein könnte.</p>
<p>Wir bei <a href=""https://www.gopathwize.com"">PathWize</a> sind einer der führenden Anbieter für Data Labeling und Annotation im europäischen Raum. Mit einem Netzwerk von über 250.000 Experten können wir die richtigen Köpfe in unterschiedlichen Bereichen für sämtliche Data-Labeling-Bedarfe stellen.</p>
<p>Unternehmen wie z.B. Mistral AI und mittelständische Firmen bis hin zu Konzernen arbeiten bereits mit uns im Rahmen ihrer KI-Vorhaben (Post- und Pre-Training von Modellen, Data Labeling anhand von Bildern, RLHF etc.) zusammen.</p>
<p>Wenn Sie ebenfalls Bedarfe in diesen Bereichen haben, würden wir uns freuen, wenn wir euch hier supporten könnten.</p>
<p>Ich freue mich auf den weiteren Austausch.</p>
<p>Viele Grüße<br>[Ihr Name]<br>PathWize</p>","info@tracebloc.io; lukas.wuttke@tracebloc.io"
"515","Transline Deutschland","https://www.transline.de/","Vielleicht","Maximilian Lachnit","service@transline.de","funktional (Mitarbeiter-Mail)","Intro KI Bundesverband - z.Hd. Maximilian Lachnit - Data Labeling und Annotation für Ihre KI Vorhaben","Hallo Herr Lachnit,","Hallo Herr Lachnit,

wir stehen eng mit dem KI Bundesverband im Austausch und haben dort die Info erhalten, dass wir uns mal bei euch melden sollen, da unser Experten-Netzwerk ggf. spannend für euch sein könnte.

Wir bei PathWize sind einer der führenden Anbieter für Data Labeling und Annotation im europäischen Raum. Mit einem Netzwerk von über 250.000 Experten können wir die richtigen Köpfe in unterschiedlichen Bereichen für sämtliche Data-Labeling-Bedarfe stellen.

Unternehmen wie z.B. Mistral AI und mittelständische Firmen bis hin zu Konzernen arbeiten bereits mit uns im Rahmen ihrer KI-Vorhaben (Post- und Pre-Training von Modellen, Data Labeling anhand von Bildern, RLHF etc.) zusammen.

Wenn Sie ebenfalls Bedarfe in diesen Bereichen haben, würden wir uns freuen, wenn wir euch hier supporten könnten.

Ich freue mich auf den weiteren Austausch.

Viele Grüße
[Ihr Name]
PathWize","<p>Hallo Herr Lachnit,</p>
<p>wir stehen eng mit dem KI Bundesverband im Austausch und haben dort die Info erhalten, dass wir uns mal bei euch melden sollen, da unser Experten-Netzwerk ggf. spannend für euch sein könnte.</p>
<p>Wir bei <a href=""https://www.gopathwize.com"">PathWize</a> sind einer der führenden Anbieter für Data Labeling und Annotation im europäischen Raum. Mit einem Netzwerk von über 250.000 Experten können wir die richtigen Köpfe in unterschiedlichen Bereichen für sämtliche Data-Labeling-Bedarfe stellen.</p>
<p>Unternehmen wie z.B. Mistral AI und mittelständische Firmen bis hin zu Konzernen arbeiten bereits mit uns im Rahmen ihrer KI-Vorhaben (Post- und Pre-Training von Modellen, Data Labeling anhand von Bildern, RLHF etc.) zusammen.</p>
<p>Wenn Sie ebenfalls Bedarfe in diesen Bereichen haben, würden wir uns freuen, wenn wir euch hier supporten könnten.</p>
<p>Ich freue mich auf den weiteren Austausch.</p>
<p>Viele Grüße<br>[Ihr Name]<br>PathWize</p>","service@transline.de"
"518","treviai","https://www.treviai.com/","Vielleicht","","","keine Mail gefunden","Intro KI Bundesverband - Data Labeling und Annotation für Ihre KI Vorhaben","Guten Tag,","Guten Tag,

wir stehen eng mit dem KI Bundesverband im Austausch und haben dort die Info erhalten, dass wir uns mal bei euch melden sollen, da unser Experten-Netzwerk ggf. spannend für euch sein könnte.

Wir bei PathWize sind einer der führenden Anbieter für Data Labeling und Annotation im europäischen Raum. Mit einem Netzwerk von über 250.000 Experten können wir die richtigen Köpfe in unterschiedlichen Bereichen für sämtliche Data-Labeling-Bedarfe stellen.

Unternehmen wie z.B. Mistral AI und mittelständische Firmen bis hin zu Konzernen arbeiten bereits mit uns im Rahmen ihrer KI-Vorhaben (Post- und Pre-Training von Modellen, Data Labeling anhand von Bildern, RLHF etc.) zusammen.

Wenn Sie ebenfalls Bedarfe in diesen Bereichen haben, würden wir uns freuen, wenn wir euch hier supporten könnten.

Ich freue mich auf den weiteren Austausch.

Viele Grüße
[Ihr Name]
PathWize","<p>Guten Tag,</p>
<p>wir stehen eng mit dem KI Bundesverband im Austausch und haben dort die Info erhalten, dass wir uns mal bei euch melden sollen, da unser Experten-Netzwerk ggf. spannend für euch sein könnte.</p>
<p>Wir bei <a href=""https://www.gopathwize.com"">PathWize</a> sind einer der führenden Anbieter für Data Labeling und Annotation im europäischen Raum. Mit einem Netzwerk von über 250.000 Experten können wir die richtigen Köpfe in unterschiedlichen Bereichen für sämtliche Data-Labeling-Bedarfe stellen.</p>
<p>Unternehmen wie z.B. Mistral AI und mittelständische Firmen bis hin zu Konzernen arbeiten bereits mit uns im Rahmen ihrer KI-Vorhaben (Post- und Pre-Training von Modellen, Data Labeling anhand von Bildern, RLHF etc.) zusammen.</p>
<p>Wenn Sie ebenfalls Bedarfe in diesen Bereichen haben, würden wir uns freuen, wenn wir euch hier supporten könnten.</p>
<p>Ich freue mich auf den weiteren Austausch.</p>
<p>Viele Grüße<br>[Ihr Name]<br>PathWize</p>",""
"519","Trevisto AG","https://www.trevisto.de/","Vielleicht","Vorstand: Jens Horstmann","info@trevisto.de","funktional","Intro KI Bundesverband - z.Hd. Jens Horstmann - Data Labeling und Annotation für Ihre KI Vorhaben","Hallo Herr Horstmann,","Hallo Herr Horstmann,

wir stehen eng mit dem KI Bundesverband im Austausch und haben dort die Info erhalten, dass wir uns mal bei euch melden sollen, da unser Experten-Netzwerk ggf. spannend für euch sein könnte.

Wir bei PathWize sind einer der führenden Anbieter für Data Labeling und Annotation im europäischen Raum. Mit einem Netzwerk von über 250.000 Experten können wir die richtigen Köpfe in unterschiedlichen Bereichen für sämtliche Data-Labeling-Bedarfe stellen.

Unternehmen wie z.B. Mistral AI und mittelständische Firmen bis hin zu Konzernen arbeiten bereits mit uns im Rahmen ihrer KI-Vorhaben (Post- und Pre-Training von Modellen, Data Labeling anhand von Bildern, RLHF etc.) zusammen.

Wenn Sie ebenfalls Bedarfe in diesen Bereichen haben, würden wir uns freuen, wenn wir euch hier supporten könnten.

Ich freue mich auf den weiteren Austausch.

Viele Grüße
[Ihr Name]
PathWize","<p>Hallo Herr Horstmann,</p>
<p>wir stehen eng mit dem KI Bundesverband im Austausch und haben dort die Info erhalten, dass wir uns mal bei euch melden sollen, da unser Experten-Netzwerk ggf. spannend für euch sein könnte.</p>
<p>Wir bei <a href=""https://www.gopathwize.com"">PathWize</a> sind einer der führenden Anbieter für Data Labeling und Annotation im europäischen Raum. Mit einem Netzwerk von über 250.000 Experten können wir die richtigen Köpfe in unterschiedlichen Bereichen für sämtliche Data-Labeling-Bedarfe stellen.</p>
<p>Unternehmen wie z.B. Mistral AI und mittelständische Firmen bis hin zu Konzernen arbeiten bereits mit uns im Rahmen ihrer KI-Vorhaben (Post- und Pre-Training von Modellen, Data Labeling anhand von Bildern, RLHF etc.) zusammen.</p>
<p>Wenn Sie ebenfalls Bedarfe in diesen Bereichen haben, würden wir uns freuen, wenn wir euch hier supporten könnten.</p>
<p>Ich freue mich auf den weiteren Austausch.</p>
<p>Viele Grüße<br>[Ihr Name]<br>PathWize</p>","info@trevisto.de"
"520","Tucan.ai GmbH","https://www.tucan.ai/","Ja","Managing Directors: Florian Polak","info@tucan.ai","funktional","Intro KI Bundesverband - z.Hd. Florian Polak - Data Labeling und Annotation für Ihre KI Vorhaben","Hallo Herr Polak,","Hallo Herr Polak,

wir stehen eng mit dem KI Bundesverband im Austausch und haben dort die Info erhalten, dass wir uns mal bei euch melden sollen, da unser Experten-Netzwerk ggf. spannend für euch sein könnte.

Wir bei PathWize sind einer der führenden Anbieter für Data Labeling und Annotation im europäischen Raum. Mit einem Netzwerk von über 250.000 Experten können wir die richtigen Köpfe in unterschiedlichen Bereichen für sämtliche Data-Labeling-Bedarfe stellen.

Unternehmen wie z.B. Mistral AI und mittelständische Firmen bis hin zu Konzernen arbeiten bereits mit uns im Rahmen ihrer KI-Vorhaben (Post- und Pre-Training von Modellen, Data Labeling anhand von Bildern, RLHF etc.) zusammen.

Wenn Sie ebenfalls Bedarfe in diesen Bereichen haben, würden wir uns freuen, wenn wir euch hier supporten könnten.

Ich freue mich auf den weiteren Austausch.

Viele Grüße
[Ihr Name]
PathWize","<p>Hallo Herr Polak,</p>
<p>wir stehen eng mit dem KI Bundesverband im Austausch und haben dort die Info erhalten, dass wir uns mal bei euch melden sollen, da unser Experten-Netzwerk ggf. spannend für euch sein könnte.</p>
<p>Wir bei <a href=""https://www.gopathwize.com"">PathWize</a> sind einer der führenden Anbieter für Data Labeling und Annotation im europäischen Raum. Mit einem Netzwerk von über 250.000 Experten können wir die richtigen Köpfe in unterschiedlichen Bereichen für sämtliche Data-Labeling-Bedarfe stellen.</p>
<p>Unternehmen wie z.B. Mistral AI und mittelständische Firmen bis hin zu Konzernen arbeiten bereits mit uns im Rahmen ihrer KI-Vorhaben (Post- und Pre-Training von Modellen, Data Labeling anhand von Bildern, RLHF etc.) zusammen.</p>
<p>Wenn Sie ebenfalls Bedarfe in diesen Bereichen haben, würden wir uns freuen, wenn wir euch hier supporten könnten.</p>
<p>Ich freue mich auf den weiteren Austausch.</p>
<p>Viele Grüße<br>[Ihr Name]<br>PathWize</p>","info@tucan.ai; team@tucan.ai"
"521","Tudock GmbH","https://www.tudock.de/","Vielleicht","Geschaeftsfuehrer Michael Wolf, Daniel Nill","michael.wolf@tudock.de","direkt (belegt)","Intro KI Bundesverband - Data Labeling und Annotation für Ihre KI Vorhaben","Hallo Herr Wolf,","Hallo Herr Wolf,

wir stehen eng mit dem KI Bundesverband im Austausch und haben dort die Info erhalten, dass wir uns mal bei euch melden sollen, da unser Experten-Netzwerk ggf. spannend für euch sein könnte.

Wir bei PathWize sind einer der führenden Anbieter für Data Labeling und Annotation im europäischen Raum. Mit einem Netzwerk von über 250.000 Experten können wir die richtigen Köpfe in unterschiedlichen Bereichen für sämtliche Data-Labeling-Bedarfe stellen.

Unternehmen wie z.B. Mistral AI und mittelständische Firmen bis hin zu Konzernen arbeiten bereits mit uns im Rahmen ihrer KI-Vorhaben (Post- und Pre-Training von Modellen, Data Labeling anhand von Bildern, RLHF etc.) zusammen.

Wenn Sie ebenfalls Bedarfe in diesen Bereichen haben, würden wir uns freuen, wenn wir euch hier supporten könnten.

Ich freue mich auf den weiteren Austausch.

Viele Grüße
[Ihr Name]
PathWize","<p>Hallo Herr Wolf,</p>
<p>wir stehen eng mit dem KI Bundesverband im Austausch und haben dort die Info erhalten, dass wir uns mal bei euch melden sollen, da unser Experten-Netzwerk ggf. spannend für euch sein könnte.</p>
<p>Wir bei <a href=""https://www.gopathwize.com"">PathWize</a> sind einer der führenden Anbieter für Data Labeling und Annotation im europäischen Raum. Mit einem Netzwerk von über 250.000 Experten können wir die richtigen Köpfe in unterschiedlichen Bereichen für sämtliche Data-Labeling-Bedarfe stellen.</p>
<p>Unternehmen wie z.B. Mistral AI und mittelständische Firmen bis hin zu Konzernen arbeiten bereits mit uns im Rahmen ihrer KI-Vorhaben (Post- und Pre-Training von Modellen, Data Labeling anhand von Bildern, RLHF etc.) zusammen.</p>
<p>Wenn Sie ebenfalls Bedarfe in diesen Bereichen haben, würden wir uns freuen, wenn wir euch hier supporten könnten.</p>
<p>Ich freue mich auf den weiteren Austausch.</p>
<p>Viele Grüße<br>[Ihr Name]<br>PathWize</p>","info@tudock.de; michael.wolf@tudock.de; marco.koepcke@tudock.de; regine.voigt@tudock.de"
"522","two by ad-artists GmbH","https://www.we-are-two.ai/","Vielleicht","Geschaeftsfuehrer: Martin Benderoth","hello@we-are-two.ai","funktional","Intro KI Bundesverband - z.Hd. Martin Benderoth - Data Labeling und Annotation für Ihre KI Vorhaben","Hallo Herr Benderoth,","Hallo Herr Benderoth,

wir stehen eng mit dem KI Bundesverband im Austausch und haben dort die Info erhalten, dass wir uns mal bei euch melden sollen, da unser Experten-Netzwerk ggf. spannend für euch sein könnte.

Wir bei PathWize sind einer der führenden Anbieter für Data Labeling und Annotation im europäischen Raum. Mit einem Netzwerk von über 250.000 Experten können wir die richtigen Köpfe in unterschiedlichen Bereichen für sämtliche Data-Labeling-Bedarfe stellen.

Unternehmen wie z.B. Mistral AI und mittelständische Firmen bis hin zu Konzernen arbeiten bereits mit uns im Rahmen ihrer KI-Vorhaben (Post- und Pre-Training von Modellen, Data Labeling anhand von Bildern, RLHF etc.) zusammen.

Wenn Sie ebenfalls Bedarfe in diesen Bereichen haben, würden wir uns freuen, wenn wir euch hier supporten könnten.

Ich freue mich auf den weiteren Austausch.

Viele Grüße
[Ihr Name]
PathWize","<p>Hallo Herr Benderoth,</p>
<p>wir stehen eng mit dem KI Bundesverband im Austausch und haben dort die Info erhalten, dass wir uns mal bei euch melden sollen, da unser Experten-Netzwerk ggf. spannend für euch sein könnte.</p>
<p>Wir bei <a href=""https://www.gopathwize.com"">PathWize</a> sind einer der führenden Anbieter für Data Labeling und Annotation im europäischen Raum. Mit einem Netzwerk von über 250.000 Experten können wir die richtigen Köpfe in unterschiedlichen Bereichen für sämtliche Data-Labeling-Bedarfe stellen.</p>
<p>Unternehmen wie z.B. Mistral AI und mittelständische Firmen bis hin zu Konzernen arbeiten bereits mit uns im Rahmen ihrer KI-Vorhaben (Post- und Pre-Training von Modellen, Data Labeling anhand von Bildern, RLHF etc.) zusammen.</p>
<p>Wenn Sie ebenfalls Bedarfe in diesen Bereichen haben, würden wir uns freuen, wenn wir euch hier supporten könnten.</p>
<p>Ich freue mich auf den weiteren Austausch.</p>
<p>Viele Grüße<br>[Ihr Name]<br>PathWize</p>","hello@we-are-two.ai"
"523","UMYNO Solutions GmbH","https://www.umyno.com/","Vielleicht","Vertretungsberechtigter Geschaeftsfuehrer: Dr. Christian Klein","info@umyno.com","funktional","Intro KI Bundesverband - z.Hd. Christian Klein - Data Labeling und Annotation für Ihre KI Vorhaben","Hallo Herr Klein,","Hallo Herr Klein,

wir stehen eng mit dem KI Bundesverband im Austausch und haben dort die Info erhalten, dass wir uns mal bei euch melden sollen, da unser Experten-Netzwerk ggf. spannend für euch sein könnte.

Wir bei PathWize sind einer der führenden Anbieter für Data Labeling und Annotation im europäischen Raum. Mit einem Netzwerk von über 250.000 Experten können wir die richtigen Köpfe in unterschiedlichen Bereichen für sämtliche Data-Labeling-Bedarfe stellen.

Unternehmen wie z.B. Mistral AI und mittelständische Firmen bis hin zu Konzernen arbeiten bereits mit uns im Rahmen ihrer KI-Vorhaben (Post- und Pre-Training von Modellen, Data Labeling anhand von Bildern, RLHF etc.) zusammen.

Wenn Sie ebenfalls Bedarfe in diesen Bereichen haben, würden wir uns freuen, wenn wir euch hier supporten könnten.

Ich freue mich auf den weiteren Austausch.

Viele Grüße
[Ihr Name]
PathWize","<p>Hallo Herr Klein,</p>
<p>wir stehen eng mit dem KI Bundesverband im Austausch und haben dort die Info erhalten, dass wir uns mal bei euch melden sollen, da unser Experten-Netzwerk ggf. spannend für euch sein könnte.</p>
<p>Wir bei <a href=""https://www.gopathwize.com"">PathWize</a> sind einer der führenden Anbieter für Data Labeling und Annotation im europäischen Raum. Mit einem Netzwerk von über 250.000 Experten können wir die richtigen Köpfe in unterschiedlichen Bereichen für sämtliche Data-Labeling-Bedarfe stellen.</p>
<p>Unternehmen wie z.B. Mistral AI und mittelständische Firmen bis hin zu Konzernen arbeiten bereits mit uns im Rahmen ihrer KI-Vorhaben (Post- und Pre-Training von Modellen, Data Labeling anhand von Bildern, RLHF etc.) zusammen.</p>
<p>Wenn Sie ebenfalls Bedarfe in diesen Bereichen haben, würden wir uns freuen, wenn wir euch hier supporten könnten.</p>
<p>Ich freue mich auf den weiteren Austausch.</p>
<p>Viele Grüße<br>[Ihr Name]<br>PathWize</p>","info@umyno.com"
"524","Unatech GmbH","https://www.unatech.de/","Vielleicht","","contact@unatech.co","funktional","Intro KI Bundesverband - Data Labeling und Annotation für Ihre KI Vorhaben","Guten Tag,","Guten Tag,

wir stehen eng mit dem KI Bundesverband im Austausch und haben dort die Info erhalten, dass wir uns mal bei euch melden sollen, da unser Experten-Netzwerk ggf. spannend für euch sein könnte.

Wir bei PathWize sind einer der führenden Anbieter für Data Labeling und Annotation im europäischen Raum. Mit einem Netzwerk von über 250.000 Experten können wir die richtigen Köpfe in unterschiedlichen Bereichen für sämtliche Data-Labeling-Bedarfe stellen.

Unternehmen wie z.B. Mistral AI und mittelständische Firmen bis hin zu Konzernen arbeiten bereits mit uns im Rahmen ihrer KI-Vorhaben (Post- und Pre-Training von Modellen, Data Labeling anhand von Bildern, RLHF etc.) zusammen.

Wenn Sie ebenfalls Bedarfe in diesen Bereichen haben, würden wir uns freuen, wenn wir euch hier supporten könnten.

Ich freue mich auf den weiteren Austausch.

Viele Grüße
[Ihr Name]
PathWize","<p>Guten Tag,</p>
<p>wir stehen eng mit dem KI Bundesverband im Austausch und haben dort die Info erhalten, dass wir uns mal bei euch melden sollen, da unser Experten-Netzwerk ggf. spannend für euch sein könnte.</p>
<p>Wir bei <a href=""https://www.gopathwize.com"">PathWize</a> sind einer der führenden Anbieter für Data Labeling und Annotation im europäischen Raum. Mit einem Netzwerk von über 250.000 Experten können wir die richtigen Köpfe in unterschiedlichen Bereichen für sämtliche Data-Labeling-Bedarfe stellen.</p>
<p>Unternehmen wie z.B. Mistral AI und mittelständische Firmen bis hin zu Konzernen arbeiten bereits mit uns im Rahmen ihrer KI-Vorhaben (Post- und Pre-Training von Modellen, Data Labeling anhand von Bildern, RLHF etc.) zusammen.</p>
<p>Wenn Sie ebenfalls Bedarfe in diesen Bereichen haben, würden wir uns freuen, wenn wir euch hier supporten könnten.</p>
<p>Ich freue mich auf den weiteren Austausch.</p>
<p>Viele Grüße<br>[Ihr Name]<br>PathWize</p>","contact@unatech.co"
"526","[understand.ai]","https://understand.ai/","Ja","Managing Director (Geschaeftsfuehrer): Juergen Daunis","info@understand.ai","funktional","Intro KI Bundesverband - z.Hd. Juergen Daunis - Data Labeling und Annotation für Ihre KI Vorhaben","Hallo Herr Daunis,","Hallo Herr Daunis,

wir stehen eng mit dem KI Bundesverband im Austausch und haben dort die Info erhalten, dass wir uns mal bei euch melden sollen, da unser Experten-Netzwerk ggf. spannend für euch sein könnte.

Wir bei PathWize sind einer der führenden Anbieter für Data Labeling und Annotation im europäischen Raum. Mit einem Netzwerk von über 250.000 Experten können wir die richtigen Köpfe in unterschiedlichen Bereichen für sämtliche Data-Labeling-Bedarfe stellen.

Unternehmen wie z.B. Mistral AI und mittelständische Firmen bis hin zu Konzernen arbeiten bereits mit uns im Rahmen ihrer KI-Vorhaben (Post- und Pre-Training von Modellen, Data Labeling anhand von Bildern, RLHF etc.) zusammen.

Wenn Sie ebenfalls Bedarfe in diesen Bereichen haben, würden wir uns freuen, wenn wir euch hier supporten könnten.

Ich freue mich auf den weiteren Austausch.

Viele Grüße
[Ihr Name]
PathWize","<p>Hallo Herr Daunis,</p>
<p>wir stehen eng mit dem KI Bundesverband im Austausch und haben dort die Info erhalten, dass wir uns mal bei euch melden sollen, da unser Experten-Netzwerk ggf. spannend für euch sein könnte.</p>
<p>Wir bei <a href=""https://www.gopathwize.com"">PathWize</a> sind einer der führenden Anbieter für Data Labeling und Annotation im europäischen Raum. Mit einem Netzwerk von über 250.000 Experten können wir die richtigen Köpfe in unterschiedlichen Bereichen für sämtliche Data-Labeling-Bedarfe stellen.</p>
<p>Unternehmen wie z.B. Mistral AI und mittelständische Firmen bis hin zu Konzernen arbeiten bereits mit uns im Rahmen ihrer KI-Vorhaben (Post- und Pre-Training von Modellen, Data Labeling anhand von Bildern, RLHF etc.) zusammen.</p>
<p>Wenn Sie ebenfalls Bedarfe in diesen Bereichen haben, würden wir uns freuen, wenn wir euch hier supporten könnten.</p>
<p>Ich freue mich auf den weiteren Austausch.</p>
<p>Viele Grüße<br>[Ihr Name]<br>PathWize</p>","info@understand.ai"
"527","Unetiq GmbH","https://unetiq.com/","Ja","Vertreten durch die Geschaeftsfuehrer: Karens Grigorjancs","info@unetiq.com","funktional","Intro KI Bundesverband - z.Hd. die Grigorjancs - Data Labeling und Annotation für Ihre KI Vorhaben","Hallo die Grigorjancs,","Hallo die Grigorjancs,

wir stehen eng mit dem KI Bundesverband im Austausch und haben dort die Info erhalten, dass wir uns mal bei euch melden sollen, da unser Experten-Netzwerk ggf. spannend für euch sein könnte.

Wir bei PathWize sind einer der führenden Anbieter für Data Labeling und Annotation im europäischen Raum. Mit einem Netzwerk von über 250.000 Experten können wir die richtigen Köpfe in unterschiedlichen Bereichen für sämtliche Data-Labeling-Bedarfe stellen.

Unternehmen wie z.B. Mistral AI und mittelständische Firmen bis hin zu Konzernen arbeiten bereits mit uns im Rahmen ihrer KI-Vorhaben (Post- und Pre-Training von Modellen, Data Labeling anhand von Bildern, RLHF etc.) zusammen.

Wenn Sie ebenfalls Bedarfe in diesen Bereichen haben, würden wir uns freuen, wenn wir euch hier supporten könnten.

Ich freue mich auf den weiteren Austausch.

Viele Grüße
[Ihr Name]
PathWize","<p>Hallo die Grigorjancs,</p>
<p>wir stehen eng mit dem KI Bundesverband im Austausch und haben dort die Info erhalten, dass wir uns mal bei euch melden sollen, da unser Experten-Netzwerk ggf. spannend für euch sein könnte.</p>
<p>Wir bei <a href=""https://www.gopathwize.com"">PathWize</a> sind einer der führenden Anbieter für Data Labeling und Annotation im europäischen Raum. Mit einem Netzwerk von über 250.000 Experten können wir die richtigen Köpfe in unterschiedlichen Bereichen für sämtliche Data-Labeling-Bedarfe stellen.</p>
<p>Unternehmen wie z.B. Mistral AI und mittelständische Firmen bis hin zu Konzernen arbeiten bereits mit uns im Rahmen ihrer KI-Vorhaben (Post- und Pre-Training von Modellen, Data Labeling anhand von Bildern, RLHF etc.) zusammen.</p>
<p>Wenn Sie ebenfalls Bedarfe in diesen Bereichen haben, würden wir uns freuen, wenn wir euch hier supporten könnten.</p>
<p>Ich freue mich auf den weiteren Austausch.</p>
<p>Viele Grüße<br>[Ihr Name]<br>PathWize</p>","hello@unetiq.com; info@unetiq.com"
"528","Univere UG (haftungsbeschraenkt)","https://www.univere.de/","Vielleicht","Vertreten durch: Benedikt Goetemann und Lucas Lenz","b.goetemann@univere.de","direkt (belegt)","Intro KI Bundesverband - Data Labeling und Annotation für Ihre KI Vorhaben","Hallo Herr Goetemann,","Hallo Herr Goetemann,

wir stehen eng mit dem KI Bundesverband im Austausch und haben dort die Info erhalten, dass wir uns mal bei euch melden sollen, da unser Experten-Netzwerk ggf. spannend für euch sein könnte.

Wir bei PathWize sind einer der führenden Anbieter für Data Labeling und Annotation im europäischen Raum. Mit einem Netzwerk von über 250.000 Experten können wir die richtigen Köpfe in unterschiedlichen Bereichen für sämtliche Data-Labeling-Bedarfe stellen.

Unternehmen wie z.B. Mistral AI und mittelständische Firmen bis hin zu Konzernen arbeiten bereits mit uns im Rahmen ihrer KI-Vorhaben (Post- und Pre-Training von Modellen, Data Labeling anhand von Bildern, RLHF etc.) zusammen.

Wenn Sie ebenfalls Bedarfe in diesen Bereichen haben, würden wir uns freuen, wenn wir euch hier supporten könnten.

Ich freue mich auf den weiteren Austausch.

Viele Grüße
[Ihr Name]
PathWize","<p>Hallo Herr Goetemann,</p>
<p>wir stehen eng mit dem KI Bundesverband im Austausch und haben dort die Info erhalten, dass wir uns mal bei euch melden sollen, da unser Experten-Netzwerk ggf. spannend für euch sein könnte.</p>
<p>Wir bei <a href=""https://www.gopathwize.com"">PathWize</a> sind einer der führenden Anbieter für Data Labeling und Annotation im europäischen Raum. Mit einem Netzwerk von über 250.000 Experten können wir die richtigen Köpfe in unterschiedlichen Bereichen für sämtliche Data-Labeling-Bedarfe stellen.</p>
<p>Unternehmen wie z.B. Mistral AI und mittelständische Firmen bis hin zu Konzernen arbeiten bereits mit uns im Rahmen ihrer KI-Vorhaben (Post- und Pre-Training von Modellen, Data Labeling anhand von Bildern, RLHF etc.) zusammen.</p>
<p>Wenn Sie ebenfalls Bedarfe in diesen Bereichen haben, würden wir uns freuen, wenn wir euch hier supporten könnten.</p>
<p>Ich freue mich auf den weiteren Austausch.</p>
<p>Viele Grüße<br>[Ihr Name]<br>PathWize</p>","b.goetemann@univere.de; l.lenz@univere.de; hello@univere.de"
"530","UXUIX Gmbh","https://uxuix.de/","Vielleicht","Geschaeftsfuehrer Michael Klix","ask@uxuix.de","funktional (Mitarbeiter-Mail)","Intro KI Bundesverband - z.Hd. Michael Klix - Data Labeling und Annotation für Ihre KI Vorhaben","Hallo Herr Klix,","Hallo Herr Klix,

wir stehen eng mit dem KI Bundesverband im Austausch und haben dort die Info erhalten, dass wir uns mal bei euch melden sollen, da unser Experten-Netzwerk ggf. spannend für euch sein könnte.

Wir bei PathWize sind einer der führenden Anbieter für Data Labeling und Annotation im europäischen Raum. Mit einem Netzwerk von über 250.000 Experten können wir die richtigen Köpfe in unterschiedlichen Bereichen für sämtliche Data-Labeling-Bedarfe stellen.

Unternehmen wie z.B. Mistral AI und mittelständische Firmen bis hin zu Konzernen arbeiten bereits mit uns im Rahmen ihrer KI-Vorhaben (Post- und Pre-Training von Modellen, Data Labeling anhand von Bildern, RLHF etc.) zusammen.

Wenn Sie ebenfalls Bedarfe in diesen Bereichen haben, würden wir uns freuen, wenn wir euch hier supporten könnten.

Ich freue mich auf den weiteren Austausch.

Viele Grüße
[Ihr Name]
PathWize","<p>Hallo Herr Klix,</p>
<p>wir stehen eng mit dem KI Bundesverband im Austausch und haben dort die Info erhalten, dass wir uns mal bei euch melden sollen, da unser Experten-Netzwerk ggf. spannend für euch sein könnte.</p>
<p>Wir bei <a href=""https://www.gopathwize.com"">PathWize</a> sind einer der führenden Anbieter für Data Labeling und Annotation im europäischen Raum. Mit einem Netzwerk von über 250.000 Experten können wir die richtigen Köpfe in unterschiedlichen Bereichen für sämtliche Data-Labeling-Bedarfe stellen.</p>
<p>Unternehmen wie z.B. Mistral AI und mittelständische Firmen bis hin zu Konzernen arbeiten bereits mit uns im Rahmen ihrer KI-Vorhaben (Post- und Pre-Training von Modellen, Data Labeling anhand von Bildern, RLHF etc.) zusammen.</p>
<p>Wenn Sie ebenfalls Bedarfe in diesen Bereichen haben, würden wir uns freuen, wenn wir euch hier supporten könnten.</p>
<p>Ich freue mich auf den weiteren Austausch.</p>
<p>Viele Grüße<br>[Ihr Name]<br>PathWize</p>","ask@uxuix.de"
"532","VAGO Solutions","https://www.vago-solutions.ai/","Ja","Vertreten durch: Dr. Daryoush Daniel Vaziri, David Habib Golchinfar","info@vago-solutions.ai","funktional","Intro KI Bundesverband - z.Hd. Daryoush Vaziri - Data Labeling und Annotation für Ihre KI Vorhaben","Hallo Herr Dr. Vaziri,","Hallo Herr Dr. Vaziri,

wir stehen eng mit dem KI Bundesverband im Austausch und haben dort die Info erhalten, dass wir uns mal bei euch melden sollen, da unser Experten-Netzwerk ggf. spannend für euch sein könnte.

Wir bei PathWize sind einer der führenden Anbieter für Data Labeling und Annotation im europäischen Raum. Mit einem Netzwerk von über 250.000 Experten können wir die richtigen Köpfe in unterschiedlichen Bereichen für sämtliche Data-Labeling-Bedarfe stellen.

Unternehmen wie z.B. Mistral AI und mittelständische Firmen bis hin zu Konzernen arbeiten bereits mit uns im Rahmen ihrer KI-Vorhaben (Post- und Pre-Training von Modellen, Data Labeling anhand von Bildern, RLHF etc.) zusammen.

Wenn Sie ebenfalls Bedarfe in diesen Bereichen haben, würden wir uns freuen, wenn wir euch hier supporten könnten.

Ich freue mich auf den weiteren Austausch.

Viele Grüße
[Ihr Name]
PathWize","<p>Hallo Herr Dr. Vaziri,</p>
<p>wir stehen eng mit dem KI Bundesverband im Austausch und haben dort die Info erhalten, dass wir uns mal bei euch melden sollen, da unser Experten-Netzwerk ggf. spannend für euch sein könnte.</p>
<p>Wir bei <a href=""https://www.gopathwize.com"">PathWize</a> sind einer der führenden Anbieter für Data Labeling und Annotation im europäischen Raum. Mit einem Netzwerk von über 250.000 Experten können wir die richtigen Köpfe in unterschiedlichen Bereichen für sämtliche Data-Labeling-Bedarfe stellen.</p>
<p>Unternehmen wie z.B. Mistral AI und mittelständische Firmen bis hin zu Konzernen arbeiten bereits mit uns im Rahmen ihrer KI-Vorhaben (Post- und Pre-Training von Modellen, Data Labeling anhand von Bildern, RLHF etc.) zusammen.</p>
<p>Wenn Sie ebenfalls Bedarfe in diesen Bereichen haben, würden wir uns freuen, wenn wir euch hier supporten könnten.</p>
<p>Ich freue mich auf den weiteren Austausch.</p>
<p>Viele Grüße<br>[Ihr Name]<br>PathWize</p>","info@vago-solutions.ai"
"533","Valculus GmbH","http://valculus.com/home/","Vielleicht","Vertreten durch: Dr. Markus Franke","markus.franke@valculus.com","direkt (belegt)","Intro KI Bundesverband - Data Labeling und Annotation für Ihre KI Vorhaben","Hallo Herr Dr. Franke,","Hallo Herr Dr. Franke,

wir stehen eng mit dem KI Bundesverband im Austausch und haben dort die Info erhalten, dass wir uns mal bei euch melden sollen, da unser Experten-Netzwerk ggf. spannend für euch sein könnte.

Wir bei PathWize sind einer der führenden Anbieter für Data Labeling und Annotation im europäischen Raum. Mit einem Netzwerk von über 250.000 Experten können wir die richtigen Köpfe in unterschiedlichen Bereichen für sämtliche Data-Labeling-Bedarfe stellen.

Unternehmen wie z.B. Mistral AI und mittelständische Firmen bis hin zu Konzernen arbeiten bereits mit uns im Rahmen ihrer KI-Vorhaben (Post- und Pre-Training von Modellen, Data Labeling anhand von Bildern, RLHF etc.) zusammen.

Wenn Sie ebenfalls Bedarfe in diesen Bereichen haben, würden wir uns freuen, wenn wir euch hier supporten könnten.

Ich freue mich auf den weiteren Austausch.

Viele Grüße
[Ihr Name]
PathWize","<p>Hallo Herr Dr. Franke,</p>
<p>wir stehen eng mit dem KI Bundesverband im Austausch und haben dort die Info erhalten, dass wir uns mal bei euch melden sollen, da unser Experten-Netzwerk ggf. spannend für euch sein könnte.</p>
<p>Wir bei <a href=""https://www.gopathwize.com"">PathWize</a> sind einer der führenden Anbieter für Data Labeling und Annotation im europäischen Raum. Mit einem Netzwerk von über 250.000 Experten können wir die richtigen Köpfe in unterschiedlichen Bereichen für sämtliche Data-Labeling-Bedarfe stellen.</p>
<p>Unternehmen wie z.B. Mistral AI und mittelständische Firmen bis hin zu Konzernen arbeiten bereits mit uns im Rahmen ihrer KI-Vorhaben (Post- und Pre-Training von Modellen, Data Labeling anhand von Bildern, RLHF etc.) zusammen.</p>
<p>Wenn Sie ebenfalls Bedarfe in diesen Bereichen haben, würden wir uns freuen, wenn wir euch hier supporten könnten.</p>
<p>Ich freue mich auf den weiteren Austausch.</p>
<p>Viele Grüße<br>[Ihr Name]<br>PathWize</p>","markus.franke@valculus.com"
"534","VAVisual Abstract GmbH","https://visual-abstract.com/","Vielleicht","Vertreten durch: Saribek Karapetyan, Dr. Benito Campos","info@visual-abstract.com","funktional","Intro KI Bundesverband - z.Hd. Saribek Karapetyan - Data Labeling und Annotation für Ihre KI Vorhaben","Hallo Herr Karapetyan,","Hallo Herr Karapetyan,

wir stehen eng mit dem KI Bundesverband im Austausch und haben dort die Info erhalten, dass wir uns mal bei euch melden sollen, da unser Experten-Netzwerk ggf. spannend für euch sein könnte.

Wir bei PathWize sind einer der führenden Anbieter für Data Labeling und Annotation im europäischen Raum. Mit einem Netzwerk von über 250.000 Experten können wir die richtigen Köpfe in unterschiedlichen Bereichen für sämtliche Data-Labeling-Bedarfe stellen.

Unternehmen wie z.B. Mistral AI und mittelständische Firmen bis hin zu Konzernen arbeiten bereits mit uns im Rahmen ihrer KI-Vorhaben (Post- und Pre-Training von Modellen, Data Labeling anhand von Bildern, RLHF etc.) zusammen.

Wenn Sie ebenfalls Bedarfe in diesen Bereichen haben, würden wir uns freuen, wenn wir euch hier supporten könnten.

Ich freue mich auf den weiteren Austausch.

Viele Grüße
[Ihr Name]
PathWize","<p>Hallo Herr Karapetyan,</p>
<p>wir stehen eng mit dem KI Bundesverband im Austausch und haben dort die Info erhalten, dass wir uns mal bei euch melden sollen, da unser Experten-Netzwerk ggf. spannend für euch sein könnte.</p>
<p>Wir bei <a href=""https://www.gopathwize.com"">PathWize</a> sind einer der führenden Anbieter für Data Labeling und Annotation im europäischen Raum. Mit einem Netzwerk von über 250.000 Experten können wir die richtigen Köpfe in unterschiedlichen Bereichen für sämtliche Data-Labeling-Bedarfe stellen.</p>
<p>Unternehmen wie z.B. Mistral AI und mittelständische Firmen bis hin zu Konzernen arbeiten bereits mit uns im Rahmen ihrer KI-Vorhaben (Post- und Pre-Training von Modellen, Data Labeling anhand von Bildern, RLHF etc.) zusammen.</p>
<p>Wenn Sie ebenfalls Bedarfe in diesen Bereichen haben, würden wir uns freuen, wenn wir euch hier supporten könnten.</p>
<p>Ich freue mich auf den weiteren Austausch.</p>
<p>Viele Grüße<br>[Ihr Name]<br>PathWize</p>","info@visual-abstract.com"
"535","Vector AI UG (haftungsbeschraenkt)","https://www.vectorai.de/","Vielleicht","","","keine Mail gefunden","Intro KI Bundesverband - Data Labeling und Annotation für Ihre KI Vorhaben","Guten Tag,","Guten Tag,

wir stehen eng mit dem KI Bundesverband im Austausch und haben dort die Info erhalten, dass wir uns mal bei euch melden sollen, da unser Experten-Netzwerk ggf. spannend für euch sein könnte.

Wir bei PathWize sind einer der führenden Anbieter für Data Labeling und Annotation im europäischen Raum. Mit einem Netzwerk von über 250.000 Experten können wir die richtigen Köpfe in unterschiedlichen Bereichen für sämtliche Data-Labeling-Bedarfe stellen.

Unternehmen wie z.B. Mistral AI und mittelständische Firmen bis hin zu Konzernen arbeiten bereits mit uns im Rahmen ihrer KI-Vorhaben (Post- und Pre-Training von Modellen, Data Labeling anhand von Bildern, RLHF etc.) zusammen.

Wenn Sie ebenfalls Bedarfe in diesen Bereichen haben, würden wir uns freuen, wenn wir euch hier supporten könnten.

Ich freue mich auf den weiteren Austausch.

Viele Grüße
[Ihr Name]
PathWize","<p>Guten Tag,</p>
<p>wir stehen eng mit dem KI Bundesverband im Austausch und haben dort die Info erhalten, dass wir uns mal bei euch melden sollen, da unser Experten-Netzwerk ggf. spannend für euch sein könnte.</p>
<p>Wir bei <a href=""https://www.gopathwize.com"">PathWize</a> sind einer der führenden Anbieter für Data Labeling und Annotation im europäischen Raum. Mit einem Netzwerk von über 250.000 Experten können wir die richtigen Köpfe in unterschiedlichen Bereichen für sämtliche Data-Labeling-Bedarfe stellen.</p>
<p>Unternehmen wie z.B. Mistral AI und mittelständische Firmen bis hin zu Konzernen arbeiten bereits mit uns im Rahmen ihrer KI-Vorhaben (Post- und Pre-Training von Modellen, Data Labeling anhand von Bildern, RLHF etc.) zusammen.</p>
<p>Wenn Sie ebenfalls Bedarfe in diesen Bereichen haben, würden wir uns freuen, wenn wir euch hier supporten könnten.</p>
<p>Ich freue mich auf den weiteren Austausch.</p>
<p>Viele Grüße<br>[Ihr Name]<br>PathWize</p>",""
"536","Veigel GmbH+Co.KG / SYNPLI","https://www.synpli.de/","Vielleicht","","info@synpli.de","funktional","Intro KI Bundesverband - Data Labeling und Annotation für Ihre KI Vorhaben","Guten Tag,","Guten Tag,

wir stehen eng mit dem KI Bundesverband im Austausch und haben dort die Info erhalten, dass wir uns mal bei euch melden sollen, da unser Experten-Netzwerk ggf. spannend für euch sein könnte.

Wir bei PathWize sind einer der führenden Anbieter für Data Labeling und Annotation im europäischen Raum. Mit einem Netzwerk von über 250.000 Experten können wir die richtigen Köpfe in unterschiedlichen Bereichen für sämtliche Data-Labeling-Bedarfe stellen.

Unternehmen wie z.B. Mistral AI und mittelständische Firmen bis hin zu Konzernen arbeiten bereits mit uns im Rahmen ihrer KI-Vorhaben (Post- und Pre-Training von Modellen, Data Labeling anhand von Bildern, RLHF etc.) zusammen.

Wenn Sie ebenfalls Bedarfe in diesen Bereichen haben, würden wir uns freuen, wenn wir euch hier supporten könnten.

Ich freue mich auf den weiteren Austausch.

Viele Grüße
[Ihr Name]
PathWize","<p>Guten Tag,</p>
<p>wir stehen eng mit dem KI Bundesverband im Austausch und haben dort die Info erhalten, dass wir uns mal bei euch melden sollen, da unser Experten-Netzwerk ggf. spannend für euch sein könnte.</p>
<p>Wir bei <a href=""https://www.gopathwize.com"">PathWize</a> sind einer der führenden Anbieter für Data Labeling und Annotation im europäischen Raum. Mit einem Netzwerk von über 250.000 Experten können wir die richtigen Köpfe in unterschiedlichen Bereichen für sämtliche Data-Labeling-Bedarfe stellen.</p>
<p>Unternehmen wie z.B. Mistral AI und mittelständische Firmen bis hin zu Konzernen arbeiten bereits mit uns im Rahmen ihrer KI-Vorhaben (Post- und Pre-Training von Modellen, Data Labeling anhand von Bildern, RLHF etc.) zusammen.</p>
<p>Wenn Sie ebenfalls Bedarfe in diesen Bereichen haben, würden wir uns freuen, wenn wir euch hier supporten könnten.</p>
<p>Ich freue mich auf den weiteren Austausch.</p>
<p>Viele Grüße<br>[Ihr Name]<br>PathWize</p>","info@synpli.de"
"538","Vernaio","https://www.vernaio.com/","Ja","Managing Director: Fabian Ruechardt (Redaktion: Robert Meissner)","hello@vernaio.com","funktional","Intro KI Bundesverband - z.Hd. Fabian Ruechardt - Data Labeling und Annotation für Ihre KI Vorhaben","Hallo Herr Ruechardt,","Hallo Herr Ruechardt,

wir stehen eng mit dem KI Bundesverband im Austausch und haben dort die Info erhalten, dass wir uns mal bei euch melden sollen, da unser Experten-Netzwerk ggf. spannend für euch sein könnte.

Wir bei PathWize sind einer der führenden Anbieter für Data Labeling und Annotation im europäischen Raum. Mit einem Netzwerk von über 250.000 Experten können wir die richtigen Köpfe in unterschiedlichen Bereichen für sämtliche Data-Labeling-Bedarfe stellen.

Unternehmen wie z.B. Mistral AI und mittelständische Firmen bis hin zu Konzernen arbeiten bereits mit uns im Rahmen ihrer KI-Vorhaben (Post- und Pre-Training von Modellen, Data Labeling anhand von Bildern, RLHF etc.) zusammen.

Wenn Sie ebenfalls Bedarfe in diesen Bereichen haben, würden wir uns freuen, wenn wir euch hier supporten könnten.

Ich freue mich auf den weiteren Austausch.

Viele Grüße
[Ihr Name]
PathWize","<p>Hallo Herr Ruechardt,</p>
<p>wir stehen eng mit dem KI Bundesverband im Austausch und haben dort die Info erhalten, dass wir uns mal bei euch melden sollen, da unser Experten-Netzwerk ggf. spannend für euch sein könnte.</p>
<p>Wir bei <a href=""https://www.gopathwize.com"">PathWize</a> sind einer der führenden Anbieter für Data Labeling und Annotation im europäischen Raum. Mit einem Netzwerk von über 250.000 Experten können wir die richtigen Köpfe in unterschiedlichen Bereichen für sämtliche Data-Labeling-Bedarfe stellen.</p>
<p>Unternehmen wie z.B. Mistral AI und mittelständische Firmen bis hin zu Konzernen arbeiten bereits mit uns im Rahmen ihrer KI-Vorhaben (Post- und Pre-Training von Modellen, Data Labeling anhand von Bildern, RLHF etc.) zusammen.</p>
<p>Wenn Sie ebenfalls Bedarfe in diesen Bereichen haben, würden wir uns freuen, wenn wir euch hier supporten könnten.</p>
<p>Ich freue mich auf den weiteren Austausch.</p>
<p>Viele Grüße<br>[Ihr Name]<br>PathWize</p>","hello@vernaio.com"
"539","VidLab7 GmbH","https://www.vidlab7.com/","Ja","Managing Director: Fabian Beringer","info@moonscale.com","funktional","Intro KI Bundesverband - z.Hd. Fabian Beringer - Data Labeling und Annotation für Ihre KI Vorhaben","Hallo Herr Beringer,","Hallo Herr Beringer,

wir stehen eng mit dem KI Bundesverband im Austausch und haben dort die Info erhalten, dass wir uns mal bei euch melden sollen, da unser Experten-Netzwerk ggf. spannend für euch sein könnte.

Wir bei PathWize sind einer der führenden Anbieter für Data Labeling und Annotation im europäischen Raum. Mit einem Netzwerk von über 250.000 Experten können wir die richtigen Köpfe in unterschiedlichen Bereichen für sämtliche Data-Labeling-Bedarfe stellen.

Unternehmen wie z.B. Mistral AI und mittelständische Firmen bis hin zu Konzernen arbeiten bereits mit uns im Rahmen ihrer KI-Vorhaben (Post- und Pre-Training von Modellen, Data Labeling anhand von Bildern, RLHF etc.) zusammen.

Wenn Sie ebenfalls Bedarfe in diesen Bereichen haben, würden wir uns freuen, wenn wir euch hier supporten könnten.

Ich freue mich auf den weiteren Austausch.

Viele Grüße
[Ihr Name]
PathWize","<p>Hallo Herr Beringer,</p>
<p>wir stehen eng mit dem KI Bundesverband im Austausch und haben dort die Info erhalten, dass wir uns mal bei euch melden sollen, da unser Experten-Netzwerk ggf. spannend für euch sein könnte.</p>
<p>Wir bei <a href=""https://www.gopathwize.com"">PathWize</a> sind einer der führenden Anbieter für Data Labeling und Annotation im europäischen Raum. Mit einem Netzwerk von über 250.000 Experten können wir die richtigen Köpfe in unterschiedlichen Bereichen für sämtliche Data-Labeling-Bedarfe stellen.</p>
<p>Unternehmen wie z.B. Mistral AI und mittelständische Firmen bis hin zu Konzernen arbeiten bereits mit uns im Rahmen ihrer KI-Vorhaben (Post- und Pre-Training von Modellen, Data Labeling anhand von Bildern, RLHF etc.) zusammen.</p>
<p>Wenn Sie ebenfalls Bedarfe in diesen Bereichen haben, würden wir uns freuen, wenn wir euch hier supporten könnten.</p>
<p>Ich freue mich auf den weiteren Austausch.</p>
<p>Viele Grüße<br>[Ihr Name]<br>PathWize</p>","info@moonscale.com"
"540","VIER GmbH","https://www.vier.ai/","Ja","Geschaeftsfuehrer: Rainer Holler","info@vier.ai","funktional","Intro KI Bundesverband - z.Hd. Rainer Holler - Data Labeling und Annotation für Ihre KI Vorhaben","Hallo Herr Holler,","Hallo Herr Holler,

wir stehen eng mit dem KI Bundesverband im Austausch und haben dort die Info erhalten, dass wir uns mal bei euch melden sollen, da unser Experten-Netzwerk ggf. spannend für euch sein könnte.

Wir bei PathWize sind einer der führenden Anbieter für Data Labeling und Annotation im europäischen Raum. Mit einem Netzwerk von über 250.000 Experten können wir die richtigen Köpfe in unterschiedlichen Bereichen für sämtliche Data-Labeling-Bedarfe stellen.

Unternehmen wie z.B. Mistral AI und mittelständische Firmen bis hin zu Konzernen arbeiten bereits mit uns im Rahmen ihrer KI-Vorhaben (Post- und Pre-Training von Modellen, Data Labeling anhand von Bildern, RLHF etc.) zusammen.

Wenn Sie ebenfalls Bedarfe in diesen Bereichen haben, würden wir uns freuen, wenn wir euch hier supporten könnten.

Ich freue mich auf den weiteren Austausch.

Viele Grüße
[Ihr Name]
PathWize","<p>Hallo Herr Holler,</p>
<p>wir stehen eng mit dem KI Bundesverband im Austausch und haben dort die Info erhalten, dass wir uns mal bei euch melden sollen, da unser Experten-Netzwerk ggf. spannend für euch sein könnte.</p>
<p>Wir bei <a href=""https://www.gopathwize.com"">PathWize</a> sind einer der führenden Anbieter für Data Labeling und Annotation im europäischen Raum. Mit einem Netzwerk von über 250.000 Experten können wir die richtigen Köpfe in unterschiedlichen Bereichen für sämtliche Data-Labeling-Bedarfe stellen.</p>
<p>Unternehmen wie z.B. Mistral AI und mittelständische Firmen bis hin zu Konzernen arbeiten bereits mit uns im Rahmen ihrer KI-Vorhaben (Post- und Pre-Training von Modellen, Data Labeling anhand von Bildern, RLHF etc.) zusammen.</p>
<p>Wenn Sie ebenfalls Bedarfe in diesen Bereichen haben, würden wir uns freuen, wenn wir euch hier supporten könnten.</p>
<p>Ich freue mich auf den weiteren Austausch.</p>
<p>Viele Grüße<br>[Ihr Name]<br>PathWize</p>","info@vier.ai; sales@vier.ai; support@vier.ai; businesspartner@vier.ai; customersuccess@vier.ai"
"541","viind GmbH","https://www.viind.com/","Ja","Matthias Clad, Michael Gabler","info@viind.com","funktional","Intro KI Bundesverband - z.Hd. Matthias Clad - Data Labeling und Annotation für Ihre KI Vorhaben","Hallo Herr Clad,","Hallo Herr Clad,

wir stehen eng mit dem KI Bundesverband im Austausch und haben dort die Info erhalten, dass wir uns mal bei euch melden sollen, da unser Experten-Netzwerk ggf. spannend für euch sein könnte.

Wir bei PathWize sind einer der führenden Anbieter für Data Labeling und Annotation im europäischen Raum. Mit einem Netzwerk von über 250.000 Experten können wir die richtigen Köpfe in unterschiedlichen Bereichen für sämtliche Data-Labeling-Bedarfe stellen.

Unternehmen wie z.B. Mistral AI und mittelständische Firmen bis hin zu Konzernen arbeiten bereits mit uns im Rahmen ihrer KI-Vorhaben (Post- und Pre-Training von Modellen, Data Labeling anhand von Bildern, RLHF etc.) zusammen.

Wenn Sie ebenfalls Bedarfe in diesen Bereichen haben, würden wir uns freuen, wenn wir euch hier supporten könnten.

Ich freue mich auf den weiteren Austausch.

Viele Grüße
[Ihr Name]
PathWize","<p>Hallo Herr Clad,</p>
<p>wir stehen eng mit dem KI Bundesverband im Austausch und haben dort die Info erhalten, dass wir uns mal bei euch melden sollen, da unser Experten-Netzwerk ggf. spannend für euch sein könnte.</p>
<p>Wir bei <a href=""https://www.gopathwize.com"">PathWize</a> sind einer der führenden Anbieter für Data Labeling und Annotation im europäischen Raum. Mit einem Netzwerk von über 250.000 Experten können wir die richtigen Köpfe in unterschiedlichen Bereichen für sämtliche Data-Labeling-Bedarfe stellen.</p>
<p>Unternehmen wie z.B. Mistral AI und mittelständische Firmen bis hin zu Konzernen arbeiten bereits mit uns im Rahmen ihrer KI-Vorhaben (Post- und Pre-Training von Modellen, Data Labeling anhand von Bildern, RLHF etc.) zusammen.</p>
<p>Wenn Sie ebenfalls Bedarfe in diesen Bereichen haben, würden wir uns freuen, wenn wir euch hier supporten könnten.</p>
<p>Ich freue mich auf den weiteren Austausch.</p>
<p>Viele Grüße<br>[Ihr Name]<br>PathWize</p>","info@viind.com"
"543","VisCheck GmbH","https://www.vischeck.de/","Ja","Christel Hufschmied","info@vischeck.de","funktional","Intro KI Bundesverband - z.Hd. Christel Hufschmied - Data Labeling und Annotation für Ihre KI Vorhaben","Hallo Frau Hufschmied,","Hallo Frau Hufschmied,

wir stehen eng mit dem KI Bundesverband im Austausch und haben dort die Info erhalten, dass wir uns mal bei euch melden sollen, da unser Experten-Netzwerk ggf. spannend für euch sein könnte.

Wir bei PathWize sind einer der führenden Anbieter für Data Labeling und Annotation im europäischen Raum. Mit einem Netzwerk von über 250.000 Experten können wir die richtigen Köpfe in unterschiedlichen Bereichen für sämtliche Data-Labeling-Bedarfe stellen.

Unternehmen wie z.B. Mistral AI und mittelständische Firmen bis hin zu Konzernen arbeiten bereits mit uns im Rahmen ihrer KI-Vorhaben (Post- und Pre-Training von Modellen, Data Labeling anhand von Bildern, RLHF etc.) zusammen.

Wenn Sie ebenfalls Bedarfe in diesen Bereichen haben, würden wir uns freuen, wenn wir euch hier supporten könnten.

Ich freue mich auf den weiteren Austausch.

Viele Grüße
[Ihr Name]
PathWize","<p>Hallo Frau Hufschmied,</p>
<p>wir stehen eng mit dem KI Bundesverband im Austausch und haben dort die Info erhalten, dass wir uns mal bei euch melden sollen, da unser Experten-Netzwerk ggf. spannend für euch sein könnte.</p>
<p>Wir bei <a href=""https://www.gopathwize.com"">PathWize</a> sind einer der führenden Anbieter für Data Labeling und Annotation im europäischen Raum. Mit einem Netzwerk von über 250.000 Experten können wir die richtigen Köpfe in unterschiedlichen Bereichen für sämtliche Data-Labeling-Bedarfe stellen.</p>
<p>Unternehmen wie z.B. Mistral AI und mittelständische Firmen bis hin zu Konzernen arbeiten bereits mit uns im Rahmen ihrer KI-Vorhaben (Post- und Pre-Training von Modellen, Data Labeling anhand von Bildern, RLHF etc.) zusammen.</p>
<p>Wenn Sie ebenfalls Bedarfe in diesen Bereichen haben, würden wir uns freuen, wenn wir euch hier supporten könnten.</p>
<p>Ich freue mich auf den weiteren Austausch.</p>
<p>Viele Grüße<br>[Ihr Name]<br>PathWize</p>","anfrage@vischeck.de; info@vischeck.de"
"544","VisualMakers Gmbh","https://www.visualmakers.de/","Vielleicht","Lilith Brockhaus","info@visualmakers.de","funktional","Intro KI Bundesverband - z.Hd. Lilith Brockhaus - Data Labeling und Annotation für Ihre KI Vorhaben","Hallo Frau Brockhaus,","Hallo Frau Brockhaus,

wir stehen eng mit dem KI Bundesverband im Austausch und haben dort die Info erhalten, dass wir uns mal bei euch melden sollen, da unser Experten-Netzwerk ggf. spannend für euch sein könnte.

Wir bei PathWize sind einer der führenden Anbieter für Data Labeling und Annotation im europäischen Raum. Mit einem Netzwerk von über 250.000 Experten können wir die richtigen Köpfe in unterschiedlichen Bereichen für sämtliche Data-Labeling-Bedarfe stellen.

Unternehmen wie z.B. Mistral AI und mittelständische Firmen bis hin zu Konzernen arbeiten bereits mit uns im Rahmen ihrer KI-Vorhaben (Post- und Pre-Training von Modellen, Data Labeling anhand von Bildern, RLHF etc.) zusammen.

Wenn Sie ebenfalls Bedarfe in diesen Bereichen haben, würden wir uns freuen, wenn wir euch hier supporten könnten.

Ich freue mich auf den weiteren Austausch.

Viele Grüße
[Ihr Name]
PathWize","<p>Hallo Frau Brockhaus,</p>
<p>wir stehen eng mit dem KI Bundesverband im Austausch und haben dort die Info erhalten, dass wir uns mal bei euch melden sollen, da unser Experten-Netzwerk ggf. spannend für euch sein könnte.</p>
<p>Wir bei <a href=""https://www.gopathwize.com"">PathWize</a> sind einer der führenden Anbieter für Data Labeling und Annotation im europäischen Raum. Mit einem Netzwerk von über 250.000 Experten können wir die richtigen Köpfe in unterschiedlichen Bereichen für sämtliche Data-Labeling-Bedarfe stellen.</p>
<p>Unternehmen wie z.B. Mistral AI und mittelständische Firmen bis hin zu Konzernen arbeiten bereits mit uns im Rahmen ihrer KI-Vorhaben (Post- und Pre-Training von Modellen, Data Labeling anhand von Bildern, RLHF etc.) zusammen.</p>
<p>Wenn Sie ebenfalls Bedarfe in diesen Bereichen haben, würden wir uns freuen, wenn wir euch hier supporten könnten.</p>
<p>Ich freue mich auf den weiteren Austausch.</p>
<p>Viele Grüße<br>[Ihr Name]<br>PathWize</p>","info@visualmakers.de"
"545","VITAS GmbH","https://www.vitas.ai/","Ja","Thomas Abend","kontakt@vitas.ai","funktional","Intro KI Bundesverband - z.Hd. Thomas Abend - Data Labeling und Annotation für Ihre KI Vorhaben","Hallo Herr Abend,","Hallo Herr Abend,

wir stehen eng mit dem KI Bundesverband im Austausch und haben dort die Info erhalten, dass wir uns mal bei euch melden sollen, da unser Experten-Netzwerk ggf. spannend für euch sein könnte.

Wir bei PathWize sind einer der führenden Anbieter für Data Labeling und Annotation im europäischen Raum. Mit einem Netzwerk von über 250.000 Experten können wir die richtigen Köpfe in unterschiedlichen Bereichen für sämtliche Data-Labeling-Bedarfe stellen.

Unternehmen wie z.B. Mistral AI und mittelständische Firmen bis hin zu Konzernen arbeiten bereits mit uns im Rahmen ihrer KI-Vorhaben (Post- und Pre-Training von Modellen, Data Labeling anhand von Bildern, RLHF etc.) zusammen.

Wenn Sie ebenfalls Bedarfe in diesen Bereichen haben, würden wir uns freuen, wenn wir euch hier supporten könnten.

Ich freue mich auf den weiteren Austausch.

Viele Grüße
[Ihr Name]
PathWize","<p>Hallo Herr Abend,</p>
<p>wir stehen eng mit dem KI Bundesverband im Austausch und haben dort die Info erhalten, dass wir uns mal bei euch melden sollen, da unser Experten-Netzwerk ggf. spannend für euch sein könnte.</p>
<p>Wir bei <a href=""https://www.gopathwize.com"">PathWize</a> sind einer der führenden Anbieter für Data Labeling und Annotation im europäischen Raum. Mit einem Netzwerk von über 250.000 Experten können wir die richtigen Köpfe in unterschiedlichen Bereichen für sämtliche Data-Labeling-Bedarfe stellen.</p>
<p>Unternehmen wie z.B. Mistral AI und mittelständische Firmen bis hin zu Konzernen arbeiten bereits mit uns im Rahmen ihrer KI-Vorhaben (Post- und Pre-Training von Modellen, Data Labeling anhand von Bildern, RLHF etc.) zusammen.</p>
<p>Wenn Sie ebenfalls Bedarfe in diesen Bereichen haben, würden wir uns freuen, wenn wir euch hier supporten könnten.</p>
<p>Ich freue mich auf den weiteren Austausch.</p>
<p>Viele Grüße<br>[Ihr Name]<br>PathWize</p>","kontakt@vitas.ai"
"546","Voiceagenten e.K.","https://www.voiceagenten.com/","Vielleicht","","","keine Mail gefunden","Intro KI Bundesverband - Data Labeling und Annotation für Ihre KI Vorhaben","Guten Tag,","Guten Tag,

wir stehen eng mit dem KI Bundesverband im Austausch und haben dort die Info erhalten, dass wir uns mal bei euch melden sollen, da unser Experten-Netzwerk ggf. spannend für euch sein könnte.

Wir bei PathWize sind einer der führenden Anbieter für Data Labeling und Annotation im europäischen Raum. Mit einem Netzwerk von über 250.000 Experten können wir die richtigen Köpfe in unterschiedlichen Bereichen für sämtliche Data-Labeling-Bedarfe stellen.

Unternehmen wie z.B. Mistral AI und mittelständische Firmen bis hin zu Konzernen arbeiten bereits mit uns im Rahmen ihrer KI-Vorhaben (Post- und Pre-Training von Modellen, Data Labeling anhand von Bildern, RLHF etc.) zusammen.

Wenn Sie ebenfalls Bedarfe in diesen Bereichen haben, würden wir uns freuen, wenn wir euch hier supporten könnten.

Ich freue mich auf den weiteren Austausch.

Viele Grüße
[Ihr Name]
PathWize","<p>Guten Tag,</p>
<p>wir stehen eng mit dem KI Bundesverband im Austausch und haben dort die Info erhalten, dass wir uns mal bei euch melden sollen, da unser Experten-Netzwerk ggf. spannend für euch sein könnte.</p>
<p>Wir bei <a href=""https://www.gopathwize.com"">PathWize</a> sind einer der führenden Anbieter für Data Labeling und Annotation im europäischen Raum. Mit einem Netzwerk von über 250.000 Experten können wir die richtigen Köpfe in unterschiedlichen Bereichen für sämtliche Data-Labeling-Bedarfe stellen.</p>
<p>Unternehmen wie z.B. Mistral AI und mittelständische Firmen bis hin zu Konzernen arbeiten bereits mit uns im Rahmen ihrer KI-Vorhaben (Post- und Pre-Training von Modellen, Data Labeling anhand von Bildern, RLHF etc.) zusammen.</p>
<p>Wenn Sie ebenfalls Bedarfe in diesen Bereichen haben, würden wir uns freuen, wenn wir euch hier supporten könnten.</p>
<p>Ich freue mich auf den weiteren Austausch.</p>
<p>Viele Grüße<br>[Ihr Name]<br>PathWize</p>",""
"547","VoiceLine GmbH","https://getvoiceline.com/","Ja","","hello@getvoiceline.com","funktional","Intro KI Bundesverband - Data Labeling und Annotation für Ihre KI Vorhaben","Guten Tag,","Guten Tag,

wir stehen eng mit dem KI Bundesverband im Austausch und haben dort die Info erhalten, dass wir uns mal bei euch melden sollen, da unser Experten-Netzwerk ggf. spannend für euch sein könnte.

Wir bei PathWize sind einer der führenden Anbieter für Data Labeling und Annotation im europäischen Raum. Mit einem Netzwerk von über 250.000 Experten können wir die richtigen Köpfe in unterschiedlichen Bereichen für sämtliche Data-Labeling-Bedarfe stellen.

Unternehmen wie z.B. Mistral AI und mittelständische Firmen bis hin zu Konzernen arbeiten bereits mit uns im Rahmen ihrer KI-Vorhaben (Post- und Pre-Training von Modellen, Data Labeling anhand von Bildern, RLHF etc.) zusammen.

Wenn Sie ebenfalls Bedarfe in diesen Bereichen haben, würden wir uns freuen, wenn wir euch hier supporten könnten.

Ich freue mich auf den weiteren Austausch.

Viele Grüße
[Ihr Name]
PathWize","<p>Guten Tag,</p>
<p>wir stehen eng mit dem KI Bundesverband im Austausch und haben dort die Info erhalten, dass wir uns mal bei euch melden sollen, da unser Experten-Netzwerk ggf. spannend für euch sein könnte.</p>
<p>Wir bei <a href=""https://www.gopathwize.com"">PathWize</a> sind einer der führenden Anbieter für Data Labeling und Annotation im europäischen Raum. Mit einem Netzwerk von über 250.000 Experten können wir die richtigen Köpfe in unterschiedlichen Bereichen für sämtliche Data-Labeling-Bedarfe stellen.</p>
<p>Unternehmen wie z.B. Mistral AI und mittelständische Firmen bis hin zu Konzernen arbeiten bereits mit uns im Rahmen ihrer KI-Vorhaben (Post- und Pre-Training von Modellen, Data Labeling anhand von Bildern, RLHF etc.) zusammen.</p>
<p>Wenn Sie ebenfalls Bedarfe in diesen Bereichen haben, würden wir uns freuen, wenn wir euch hier supporten könnten.</p>
<p>Ich freue mich auf den weiteren Austausch.</p>
<p>Viele Grüße<br>[Ihr Name]<br>PathWize</p>","hello@getvoiceline.com"
"548","VoiceLine GmbH","https://voiceline.ai/","Ja","","hello@getvoiceline.com","funktional","Intro KI Bundesverband - Data Labeling und Annotation für Ihre KI Vorhaben","Guten Tag,","Guten Tag,

wir stehen eng mit dem KI Bundesverband im Austausch und haben dort die Info erhalten, dass wir uns mal bei euch melden sollen, da unser Experten-Netzwerk ggf. spannend für euch sein könnte.

Wir bei PathWize sind einer der führenden Anbieter für Data Labeling und Annotation im europäischen Raum. Mit einem Netzwerk von über 250.000 Experten können wir die richtigen Köpfe in unterschiedlichen Bereichen für sämtliche Data-Labeling-Bedarfe stellen.

Unternehmen wie z.B. Mistral AI und mittelständische Firmen bis hin zu Konzernen arbeiten bereits mit uns im Rahmen ihrer KI-Vorhaben (Post- und Pre-Training von Modellen, Data Labeling anhand von Bildern, RLHF etc.) zusammen.

Wenn Sie ebenfalls Bedarfe in diesen Bereichen haben, würden wir uns freuen, wenn wir euch hier supporten könnten.

Ich freue mich auf den weiteren Austausch.

Viele Grüße
[Ihr Name]
PathWize","<p>Guten Tag,</p>
<p>wir stehen eng mit dem KI Bundesverband im Austausch und haben dort die Info erhalten, dass wir uns mal bei euch melden sollen, da unser Experten-Netzwerk ggf. spannend für euch sein könnte.</p>
<p>Wir bei <a href=""https://www.gopathwize.com"">PathWize</a> sind einer der führenden Anbieter für Data Labeling und Annotation im europäischen Raum. Mit einem Netzwerk von über 250.000 Experten können wir die richtigen Köpfe in unterschiedlichen Bereichen für sämtliche Data-Labeling-Bedarfe stellen.</p>
<p>Unternehmen wie z.B. Mistral AI und mittelständische Firmen bis hin zu Konzernen arbeiten bereits mit uns im Rahmen ihrer KI-Vorhaben (Post- und Pre-Training von Modellen, Data Labeling anhand von Bildern, RLHF etc.) zusammen.</p>
<p>Wenn Sie ebenfalls Bedarfe in diesen Bereichen haben, würden wir uns freuen, wenn wir euch hier supporten könnten.</p>
<p>Ich freue mich auf den weiteren Austausch.</p>
<p>Viele Grüße<br>[Ihr Name]<br>PathWize</p>","hello@getvoiceline.com"
"549","voltAIc Systems","https://voltaic.systems/","Ja","","","keine Mail gefunden","Intro KI Bundesverband - Data Labeling und Annotation für Ihre KI Vorhaben","Guten Tag,","Guten Tag,

wir stehen eng mit dem KI Bundesverband im Austausch und haben dort die Info erhalten, dass wir uns mal bei euch melden sollen, da unser Experten-Netzwerk ggf. spannend für euch sein könnte.

Wir bei PathWize sind einer der führenden Anbieter für Data Labeling und Annotation im europäischen Raum. Mit einem Netzwerk von über 250.000 Experten können wir die richtigen Köpfe in unterschiedlichen Bereichen für sämtliche Data-Labeling-Bedarfe stellen.

Unternehmen wie z.B. Mistral AI und mittelständische Firmen bis hin zu Konzernen arbeiten bereits mit uns im Rahmen ihrer KI-Vorhaben (Post- und Pre-Training von Modellen, Data Labeling anhand von Bildern, RLHF etc.) zusammen.

Wenn Sie ebenfalls Bedarfe in diesen Bereichen haben, würden wir uns freuen, wenn wir euch hier supporten könnten.

Ich freue mich auf den weiteren Austausch.

Viele Grüße
[Ihr Name]
PathWize","<p>Guten Tag,</p>
<p>wir stehen eng mit dem KI Bundesverband im Austausch und haben dort die Info erhalten, dass wir uns mal bei euch melden sollen, da unser Experten-Netzwerk ggf. spannend für euch sein könnte.</p>
<p>Wir bei <a href=""https://www.gopathwize.com"">PathWize</a> sind einer der führenden Anbieter für Data Labeling und Annotation im europäischen Raum. Mit einem Netzwerk von über 250.000 Experten können wir die richtigen Köpfe in unterschiedlichen Bereichen für sämtliche Data-Labeling-Bedarfe stellen.</p>
<p>Unternehmen wie z.B. Mistral AI und mittelständische Firmen bis hin zu Konzernen arbeiten bereits mit uns im Rahmen ihrer KI-Vorhaben (Post- und Pre-Training von Modellen, Data Labeling anhand von Bildern, RLHF etc.) zusammen.</p>
<p>Wenn Sie ebenfalls Bedarfe in diesen Bereichen haben, würden wir uns freuen, wenn wir euch hier supporten könnten.</p>
<p>Ich freue mich auf den weiteren Austausch.</p>
<p>Viele Grüße<br>[Ihr Name]<br>PathWize</p>",""
"552","Wach & Wegener UG","https://www.yesterday-ai.de/","Vielleicht","Sidney Wach, Alexander Wegener","hello@yesterday-ai.de","funktional","Intro KI Bundesverband - z.Hd. Sidney Wach - Data Labeling und Annotation für Ihre KI Vorhaben","Hallo Sidney Wach,","Hallo Sidney Wach,

wir stehen eng mit dem KI Bundesverband im Austausch und haben dort die Info erhalten, dass wir uns mal bei euch melden sollen, da unser Experten-Netzwerk ggf. spannend für euch sein könnte.

Wir bei PathWize sind einer der führenden Anbieter für Data Labeling und Annotation im europäischen Raum. Mit einem Netzwerk von über 250.000 Experten können wir die richtigen Köpfe in unterschiedlichen Bereichen für sämtliche Data-Labeling-Bedarfe stellen.

Unternehmen wie z.B. Mistral AI und mittelständische Firmen bis hin zu Konzernen arbeiten bereits mit uns im Rahmen ihrer KI-Vorhaben (Post- und Pre-Training von Modellen, Data Labeling anhand von Bildern, RLHF etc.) zusammen.

Wenn Sie ebenfalls Bedarfe in diesen Bereichen haben, würden wir uns freuen, wenn wir euch hier supporten könnten.

Ich freue mich auf den weiteren Austausch.

Viele Grüße
[Ihr Name]
PathWize","<p>Hallo Sidney Wach,</p>
<p>wir stehen eng mit dem KI Bundesverband im Austausch und haben dort die Info erhalten, dass wir uns mal bei euch melden sollen, da unser Experten-Netzwerk ggf. spannend für euch sein könnte.</p>
<p>Wir bei <a href=""https://www.gopathwize.com"">PathWize</a> sind einer der führenden Anbieter für Data Labeling und Annotation im europäischen Raum. Mit einem Netzwerk von über 250.000 Experten können wir die richtigen Köpfe in unterschiedlichen Bereichen für sämtliche Data-Labeling-Bedarfe stellen.</p>
<p>Unternehmen wie z.B. Mistral AI und mittelständische Firmen bis hin zu Konzernen arbeiten bereits mit uns im Rahmen ihrer KI-Vorhaben (Post- und Pre-Training von Modellen, Data Labeling anhand von Bildern, RLHF etc.) zusammen.</p>
<p>Wenn Sie ebenfalls Bedarfe in diesen Bereichen haben, würden wir uns freuen, wenn wir euch hier supporten könnten.</p>
<p>Ich freue mich auf den weiteren Austausch.</p>
<p>Viele Grüße<br>[Ihr Name]<br>PathWize</p>","hello@yesterday-ai.de"
"553","Web Computing GmbH","https://www.web-computing.de/","Vielleicht","Marc Bober, Antonius Ostermann","marc.bober@web-computing.de","direkt (rekonstruiert)","Intro KI Bundesverband - Data Labeling und Annotation für Ihre KI Vorhaben","Hallo Herr Bober,","Hallo Herr Bober,

wir stehen eng mit dem KI Bundesverband im Austausch und haben dort die Info erhalten, dass wir uns mal bei euch melden sollen, da unser Experten-Netzwerk ggf. spannend für euch sein könnte.

Wir bei PathWize sind einer der führenden Anbieter für Data Labeling und Annotation im europäischen Raum. Mit einem Netzwerk von über 250.000 Experten können wir die richtigen Köpfe in unterschiedlichen Bereichen für sämtliche Data-Labeling-Bedarfe stellen.

Unternehmen wie z.B. Mistral AI und mittelständische Firmen bis hin zu Konzernen arbeiten bereits mit uns im Rahmen ihrer KI-Vorhaben (Post- und Pre-Training von Modellen, Data Labeling anhand von Bildern, RLHF etc.) zusammen.

Wenn Sie ebenfalls Bedarfe in diesen Bereichen haben, würden wir uns freuen, wenn wir euch hier supporten könnten.

Ich freue mich auf den weiteren Austausch.

Viele Grüße
[Ihr Name]
PathWize","<p>Hallo Herr Bober,</p>
<p>wir stehen eng mit dem KI Bundesverband im Austausch und haben dort die Info erhalten, dass wir uns mal bei euch melden sollen, da unser Experten-Netzwerk ggf. spannend für euch sein könnte.</p>
<p>Wir bei <a href=""https://www.gopathwize.com"">PathWize</a> sind einer der führenden Anbieter für Data Labeling und Annotation im europäischen Raum. Mit einem Netzwerk von über 250.000 Experten können wir die richtigen Köpfe in unterschiedlichen Bereichen für sämtliche Data-Labeling-Bedarfe stellen.</p>
<p>Unternehmen wie z.B. Mistral AI und mittelständische Firmen bis hin zu Konzernen arbeiten bereits mit uns im Rahmen ihrer KI-Vorhaben (Post- und Pre-Training von Modellen, Data Labeling anhand von Bildern, RLHF etc.) zusammen.</p>
<p>Wenn Sie ebenfalls Bedarfe in diesen Bereichen haben, würden wir uns freuen, wenn wir euch hier supporten könnten.</p>
<p>Ich freue mich auf den weiteren Austausch.</p>
<p>Viele Grüße<br>[Ihr Name]<br>PathWize</p>","info@web-computing.de; dsb@web-computing.de; dennis.roettger@web-computing.de"
"555","weyer data engineering gmbh","https://weyer-data-engineering.com/","Vielleicht","Philip Weyer","p.weyer@weyer-data-engineering.com","direkt (rekonstruiert)","Intro KI Bundesverband - Data Labeling und Annotation für Ihre KI Vorhaben","Hallo Herr Weyer,","Hallo Herr Weyer,

wir stehen eng mit dem KI Bundesverband im Austausch und haben dort die Info erhalten, dass wir uns mal bei euch melden sollen, da unser Experten-Netzwerk ggf. spannend für euch sein könnte.

Wir bei PathWize sind einer der führenden Anbieter für Data Labeling und Annotation im europäischen Raum. Mit einem Netzwerk von über 250.000 Experten können wir die richtigen Köpfe in unterschiedlichen Bereichen für sämtliche Data-Labeling-Bedarfe stellen.

Unternehmen wie z.B. Mistral AI und mittelständische Firmen bis hin zu Konzernen arbeiten bereits mit uns im Rahmen ihrer KI-Vorhaben (Post- und Pre-Training von Modellen, Data Labeling anhand von Bildern, RLHF etc.) zusammen.

Wenn Sie ebenfalls Bedarfe in diesen Bereichen haben, würden wir uns freuen, wenn wir euch hier supporten könnten.

Ich freue mich auf den weiteren Austausch.

Viele Grüße
[Ihr Name]
PathWize","<p>Hallo Herr Weyer,</p>
<p>wir stehen eng mit dem KI Bundesverband im Austausch und haben dort die Info erhalten, dass wir uns mal bei euch melden sollen, da unser Experten-Netzwerk ggf. spannend für euch sein könnte.</p>
<p>Wir bei <a href=""https://www.gopathwize.com"">PathWize</a> sind einer der führenden Anbieter für Data Labeling und Annotation im europäischen Raum. Mit einem Netzwerk von über 250.000 Experten können wir die richtigen Köpfe in unterschiedlichen Bereichen für sämtliche Data-Labeling-Bedarfe stellen.</p>
<p>Unternehmen wie z.B. Mistral AI und mittelständische Firmen bis hin zu Konzernen arbeiten bereits mit uns im Rahmen ihrer KI-Vorhaben (Post- und Pre-Training von Modellen, Data Labeling anhand von Bildern, RLHF etc.) zusammen.</p>
<p>Wenn Sie ebenfalls Bedarfe in diesen Bereichen haben, würden wir uns freuen, wenn wir euch hier supporten könnten.</p>
<p>Ich freue mich auf den weiteren Austausch.</p>
<p>Viele Grüße<br>[Ihr Name]<br>PathWize</p>","info@weyer-data-engineering.com; m.ansorge@weyer-data-engineering.com"
"556","Widhold Analytics GmbH","https://www.widhold.de/","Vielleicht","Guido Deutsch","","keine Mail gefunden","Intro KI Bundesverband - z.Hd. Guido Deutsch - Data Labeling und Annotation für Ihre KI Vorhaben","Hallo Herr Deutsch,","Hallo Herr Deutsch,

wir stehen eng mit dem KI Bundesverband im Austausch und haben dort die Info erhalten, dass wir uns mal bei euch melden sollen, da unser Experten-Netzwerk ggf. spannend für euch sein könnte.

Wir bei PathWize sind einer der führenden Anbieter für Data Labeling und Annotation im europäischen Raum. Mit einem Netzwerk von über 250.000 Experten können wir die richtigen Köpfe in unterschiedlichen Bereichen für sämtliche Data-Labeling-Bedarfe stellen.

Unternehmen wie z.B. Mistral AI und mittelständische Firmen bis hin zu Konzernen arbeiten bereits mit uns im Rahmen ihrer KI-Vorhaben (Post- und Pre-Training von Modellen, Data Labeling anhand von Bildern, RLHF etc.) zusammen.

Wenn Sie ebenfalls Bedarfe in diesen Bereichen haben, würden wir uns freuen, wenn wir euch hier supporten könnten.

Ich freue mich auf den weiteren Austausch.

Viele Grüße
[Ihr Name]
PathWize","<p>Hallo Herr Deutsch,</p>
<p>wir stehen eng mit dem KI Bundesverband im Austausch und haben dort die Info erhalten, dass wir uns mal bei euch melden sollen, da unser Experten-Netzwerk ggf. spannend für euch sein könnte.</p>
<p>Wir bei <a href=""https://www.gopathwize.com"">PathWize</a> sind einer der führenden Anbieter für Data Labeling und Annotation im europäischen Raum. Mit einem Netzwerk von über 250.000 Experten können wir die richtigen Köpfe in unterschiedlichen Bereichen für sämtliche Data-Labeling-Bedarfe stellen.</p>
<p>Unternehmen wie z.B. Mistral AI und mittelständische Firmen bis hin zu Konzernen arbeiten bereits mit uns im Rahmen ihrer KI-Vorhaben (Post- und Pre-Training von Modellen, Data Labeling anhand von Bildern, RLHF etc.) zusammen.</p>
<p>Wenn Sie ebenfalls Bedarfe in diesen Bereichen haben, würden wir uns freuen, wenn wir euch hier supporten könnten.</p>
<p>Ich freue mich auf den weiteren Austausch.</p>
<p>Viele Grüße<br>[Ihr Name]<br>PathWize</p>",""
"557","Wingman AIS GmbH","https://wingman-ais.de/","Vielleicht","","mail@wingman-ais.de","funktional","Intro KI Bundesverband - Data Labeling und Annotation für Ihre KI Vorhaben","Guten Tag,","Guten Tag,

wir stehen eng mit dem KI Bundesverband im Austausch und haben dort die Info erhalten, dass wir uns mal bei euch melden sollen, da unser Experten-Netzwerk ggf. spannend für euch sein könnte.

Wir bei PathWize sind einer der führenden Anbieter für Data Labeling und Annotation im europäischen Raum. Mit einem Netzwerk von über 250.000 Experten können wir die richtigen Köpfe in unterschiedlichen Bereichen für sämtliche Data-Labeling-Bedarfe stellen.

Unternehmen wie z.B. Mistral AI und mittelständische Firmen bis hin zu Konzernen arbeiten bereits mit uns im Rahmen ihrer KI-Vorhaben (Post- und Pre-Training von Modellen, Data Labeling anhand von Bildern, RLHF etc.) zusammen.

Wenn Sie ebenfalls Bedarfe in diesen Bereichen haben, würden wir uns freuen, wenn wir euch hier supporten könnten.

Ich freue mich auf den weiteren Austausch.

Viele Grüße
[Ihr Name]
PathWize","<p>Guten Tag,</p>
<p>wir stehen eng mit dem KI Bundesverband im Austausch und haben dort die Info erhalten, dass wir uns mal bei euch melden sollen, da unser Experten-Netzwerk ggf. spannend für euch sein könnte.</p>
<p>Wir bei <a href=""https://www.gopathwize.com"">PathWize</a> sind einer der führenden Anbieter für Data Labeling und Annotation im europäischen Raum. Mit einem Netzwerk von über 250.000 Experten können wir die richtigen Köpfe in unterschiedlichen Bereichen für sämtliche Data-Labeling-Bedarfe stellen.</p>
<p>Unternehmen wie z.B. Mistral AI und mittelständische Firmen bis hin zu Konzernen arbeiten bereits mit uns im Rahmen ihrer KI-Vorhaben (Post- und Pre-Training von Modellen, Data Labeling anhand von Bildern, RLHF etc.) zusammen.</p>
<p>Wenn Sie ebenfalls Bedarfe in diesen Bereichen haben, würden wir uns freuen, wenn wir euch hier supporten könnten.</p>
<p>Ich freue mich auf den weiteren Austausch.</p>
<p>Viele Grüße<br>[Ihr Name]<br>PathWize</p>","mail@wingman-ais.de"
"558","wiseadvice GmbH & Co. KG","https://wiseadvice.eu/#company","Vielleicht","","info@wiseadvice.eu","funktional","Intro KI Bundesverband - Data Labeling und Annotation für Ihre KI Vorhaben","Guten Tag,","Guten Tag,

wir stehen eng mit dem KI Bundesverband im Austausch und haben dort die Info erhalten, dass wir uns mal bei euch melden sollen, da unser Experten-Netzwerk ggf. spannend für euch sein könnte.

Wir bei PathWize sind einer der führenden Anbieter für Data Labeling und Annotation im europäischen Raum. Mit einem Netzwerk von über 250.000 Experten können wir die richtigen Köpfe in unterschiedlichen Bereichen für sämtliche Data-Labeling-Bedarfe stellen.

Unternehmen wie z.B. Mistral AI und mittelständische Firmen bis hin zu Konzernen arbeiten bereits mit uns im Rahmen ihrer KI-Vorhaben (Post- und Pre-Training von Modellen, Data Labeling anhand von Bildern, RLHF etc.) zusammen.

Wenn Sie ebenfalls Bedarfe in diesen Bereichen haben, würden wir uns freuen, wenn wir euch hier supporten könnten.

Ich freue mich auf den weiteren Austausch.

Viele Grüße
[Ihr Name]
PathWize","<p>Guten Tag,</p>
<p>wir stehen eng mit dem KI Bundesverband im Austausch und haben dort die Info erhalten, dass wir uns mal bei euch melden sollen, da unser Experten-Netzwerk ggf. spannend für euch sein könnte.</p>
<p>Wir bei <a href=""https://www.gopathwize.com"">PathWize</a> sind einer der führenden Anbieter für Data Labeling und Annotation im europäischen Raum. Mit einem Netzwerk von über 250.000 Experten können wir die richtigen Köpfe in unterschiedlichen Bereichen für sämtliche Data-Labeling-Bedarfe stellen.</p>
<p>Unternehmen wie z.B. Mistral AI und mittelständische Firmen bis hin zu Konzernen arbeiten bereits mit uns im Rahmen ihrer KI-Vorhaben (Post- und Pre-Training von Modellen, Data Labeling anhand von Bildern, RLHF etc.) zusammen.</p>
<p>Wenn Sie ebenfalls Bedarfe in diesen Bereichen haben, würden wir uns freuen, wenn wir euch hier supporten könnten.</p>
<p>Ich freue mich auf den weiteren Austausch.</p>
<p>Viele Grüße<br>[Ihr Name]<br>PathWize</p>","info@wiseadvice.eu"
"559","wooms WMS GmbH","https://de.wooms.io/","Vielleicht","Ansgar Sohn","info@wooms.io","funktional","Intro KI Bundesverband - z.Hd. Ansgar Sohn - Data Labeling und Annotation für Ihre KI Vorhaben","Hallo Herr Sohn,","Hallo Herr Sohn,

wir stehen eng mit dem KI Bundesverband im Austausch und haben dort die Info erhalten, dass wir uns mal bei euch melden sollen, da unser Experten-Netzwerk ggf. spannend für euch sein könnte.

Wir bei PathWize sind einer der führenden Anbieter für Data Labeling und Annotation im europäischen Raum. Mit einem Netzwerk von über 250.000 Experten können wir die richtigen Köpfe in unterschiedlichen Bereichen für sämtliche Data-Labeling-Bedarfe stellen.

Unternehmen wie z.B. Mistral AI und mittelständische Firmen bis hin zu Konzernen arbeiten bereits mit uns im Rahmen ihrer KI-Vorhaben (Post- und Pre-Training von Modellen, Data Labeling anhand von Bildern, RLHF etc.) zusammen.

Wenn Sie ebenfalls Bedarfe in diesen Bereichen haben, würden wir uns freuen, wenn wir euch hier supporten könnten.

Ich freue mich auf den weiteren Austausch.

Viele Grüße
[Ihr Name]
PathWize","<p>Hallo Herr Sohn,</p>
<p>wir stehen eng mit dem KI Bundesverband im Austausch und haben dort die Info erhalten, dass wir uns mal bei euch melden sollen, da unser Experten-Netzwerk ggf. spannend für euch sein könnte.</p>
<p>Wir bei <a href=""https://www.gopathwize.com"">PathWize</a> sind einer der führenden Anbieter für Data Labeling und Annotation im europäischen Raum. Mit einem Netzwerk von über 250.000 Experten können wir die richtigen Köpfe in unterschiedlichen Bereichen für sämtliche Data-Labeling-Bedarfe stellen.</p>
<p>Unternehmen wie z.B. Mistral AI und mittelständische Firmen bis hin zu Konzernen arbeiten bereits mit uns im Rahmen ihrer KI-Vorhaben (Post- und Pre-Training von Modellen, Data Labeling anhand von Bildern, RLHF etc.) zusammen.</p>
<p>Wenn Sie ebenfalls Bedarfe in diesen Bereichen haben, würden wir uns freuen, wenn wir euch hier supporten könnten.</p>
<p>Ich freue mich auf den weiteren Austausch.</p>
<p>Viele Grüße<br>[Ihr Name]<br>PathWize</p>","info@wooms.io"
"560","Workist GmbH","https://workist.com/","Ja","Alexander Mueller, Tim Wegner, Dr. Fabian Brosig","info@workist.com","funktional","Intro KI Bundesverband - z.Hd. Alexander Mueller - Data Labeling und Annotation für Ihre KI Vorhaben","Hallo Herr Mueller,","Hallo Herr Mueller,

wir stehen eng mit dem KI Bundesverband im Austausch und haben dort die Info erhalten, dass wir uns mal bei euch melden sollen, da unser Experten-Netzwerk ggf. spannend für euch sein könnte.

Wir bei PathWize sind einer der führenden Anbieter für Data Labeling und Annotation im europäischen Raum. Mit einem Netzwerk von über 250.000 Experten können wir die richtigen Köpfe in unterschiedlichen Bereichen für sämtliche Data-Labeling-Bedarfe stellen.

Unternehmen wie z.B. Mistral AI und mittelständische Firmen bis hin zu Konzernen arbeiten bereits mit uns im Rahmen ihrer KI-Vorhaben (Post- und Pre-Training von Modellen, Data Labeling anhand von Bildern, RLHF etc.) zusammen.

Wenn Sie ebenfalls Bedarfe in diesen Bereichen haben, würden wir uns freuen, wenn wir euch hier supporten könnten.

Ich freue mich auf den weiteren Austausch.

Viele Grüße
[Ihr Name]
PathWize","<p>Hallo Herr Mueller,</p>
<p>wir stehen eng mit dem KI Bundesverband im Austausch und haben dort die Info erhalten, dass wir uns mal bei euch melden sollen, da unser Experten-Netzwerk ggf. spannend für euch sein könnte.</p>
<p>Wir bei <a href=""https://www.gopathwize.com"">PathWize</a> sind einer der führenden Anbieter für Data Labeling und Annotation im europäischen Raum. Mit einem Netzwerk von über 250.000 Experten können wir die richtigen Köpfe in unterschiedlichen Bereichen für sämtliche Data-Labeling-Bedarfe stellen.</p>
<p>Unternehmen wie z.B. Mistral AI und mittelständische Firmen bis hin zu Konzernen arbeiten bereits mit uns im Rahmen ihrer KI-Vorhaben (Post- und Pre-Training von Modellen, Data Labeling anhand von Bildern, RLHF etc.) zusammen.</p>
<p>Wenn Sie ebenfalls Bedarfe in diesen Bereichen haben, würden wir uns freuen, wenn wir euch hier supporten könnten.</p>
<p>Ich freue mich auf den weiteren Austausch.</p>
<p>Viele Grüße<br>[Ihr Name]<br>PathWize</p>","hello@workist.com; info@workist.com"
"561","WTS PSP AI GmbH","https://wts.com/de-de/aiplatform#Intro","Vielleicht","","info@wts.de","funktional","Intro KI Bundesverband - Data Labeling und Annotation für Ihre KI Vorhaben","Guten Tag,","Guten Tag,

wir stehen eng mit dem KI Bundesverband im Austausch und haben dort die Info erhalten, dass wir uns mal bei euch melden sollen, da unser Experten-Netzwerk ggf. spannend für euch sein könnte.

Wir bei PathWize sind einer der führenden Anbieter für Data Labeling und Annotation im europäischen Raum. Mit einem Netzwerk von über 250.000 Experten können wir die richtigen Köpfe in unterschiedlichen Bereichen für sämtliche Data-Labeling-Bedarfe stellen.

Unternehmen wie z.B. Mistral AI und mittelständische Firmen bis hin zu Konzernen arbeiten bereits mit uns im Rahmen ihrer KI-Vorhaben (Post- und Pre-Training von Modellen, Data Labeling anhand von Bildern, RLHF etc.) zusammen.

Wenn Sie ebenfalls Bedarfe in diesen Bereichen haben, würden wir uns freuen, wenn wir euch hier supporten könnten.

Ich freue mich auf den weiteren Austausch.

Viele Grüße
[Ihr Name]
PathWize","<p>Guten Tag,</p>
<p>wir stehen eng mit dem KI Bundesverband im Austausch und haben dort die Info erhalten, dass wir uns mal bei euch melden sollen, da unser Experten-Netzwerk ggf. spannend für euch sein könnte.</p>
<p>Wir bei <a href=""https://www.gopathwize.com"">PathWize</a> sind einer der führenden Anbieter für Data Labeling und Annotation im europäischen Raum. Mit einem Netzwerk von über 250.000 Experten können wir die richtigen Köpfe in unterschiedlichen Bereichen für sämtliche Data-Labeling-Bedarfe stellen.</p>
<p>Unternehmen wie z.B. Mistral AI und mittelständische Firmen bis hin zu Konzernen arbeiten bereits mit uns im Rahmen ihrer KI-Vorhaben (Post- und Pre-Training von Modellen, Data Labeling anhand von Bildern, RLHF etc.) zusammen.</p>
<p>Wenn Sie ebenfalls Bedarfe in diesen Bereichen haben, würden wir uns freuen, wenn wir euch hier supporten könnten.</p>
<p>Ich freue mich auf den weiteren Austausch.</p>
<p>Viele Grüße<br>[Ihr Name]<br>PathWize</p>","info@wts.de"
"562","X-INTEGRATE Software & Consulting GmbH","https://www.x-integrate.com/","Vielleicht","Stefan Gierl","","keine Mail gefunden","Intro KI Bundesverband - z.Hd. Stefan Gierl - Data Labeling und Annotation für Ihre KI Vorhaben","Hallo Herr Gierl,","Hallo Herr Gierl,

wir stehen eng mit dem KI Bundesverband im Austausch und haben dort die Info erhalten, dass wir uns mal bei euch melden sollen, da unser Experten-Netzwerk ggf. spannend für euch sein könnte.

Wir bei PathWize sind einer der führenden Anbieter für Data Labeling und Annotation im europäischen Raum. Mit einem Netzwerk von über 250.000 Experten können wir die richtigen Köpfe in unterschiedlichen Bereichen für sämtliche Data-Labeling-Bedarfe stellen.

Unternehmen wie z.B. Mistral AI und mittelständische Firmen bis hin zu Konzernen arbeiten bereits mit uns im Rahmen ihrer KI-Vorhaben (Post- und Pre-Training von Modellen, Data Labeling anhand von Bildern, RLHF etc.) zusammen.

Wenn Sie ebenfalls Bedarfe in diesen Bereichen haben, würden wir uns freuen, wenn wir euch hier supporten könnten.

Ich freue mich auf den weiteren Austausch.

Viele Grüße
[Ihr Name]
PathWize","<p>Hallo Herr Gierl,</p>
<p>wir stehen eng mit dem KI Bundesverband im Austausch und haben dort die Info erhalten, dass wir uns mal bei euch melden sollen, da unser Experten-Netzwerk ggf. spannend für euch sein könnte.</p>
<p>Wir bei <a href=""https://www.gopathwize.com"">PathWize</a> sind einer der führenden Anbieter für Data Labeling und Annotation im europäischen Raum. Mit einem Netzwerk von über 250.000 Experten können wir die richtigen Köpfe in unterschiedlichen Bereichen für sämtliche Data-Labeling-Bedarfe stellen.</p>
<p>Unternehmen wie z.B. Mistral AI und mittelständische Firmen bis hin zu Konzernen arbeiten bereits mit uns im Rahmen ihrer KI-Vorhaben (Post- und Pre-Training von Modellen, Data Labeling anhand von Bildern, RLHF etc.) zusammen.</p>
<p>Wenn Sie ebenfalls Bedarfe in diesen Bereichen haben, würden wir uns freuen, wenn wir euch hier supporten könnten.</p>
<p>Ich freue mich auf den weiteren Austausch.</p>
<p>Viele Grüße<br>[Ihr Name]<br>PathWize</p>",""
"563","Xayn","https://xayn.com/","Ja","","","keine Mail gefunden","Intro KI Bundesverband - Data Labeling und Annotation für Ihre KI Vorhaben","Guten Tag,","Guten Tag,

wir stehen eng mit dem KI Bundesverband im Austausch und haben dort die Info erhalten, dass wir uns mal bei euch melden sollen, da unser Experten-Netzwerk ggf. spannend für euch sein könnte.

Wir bei PathWize sind einer der führenden Anbieter für Data Labeling und Annotation im europäischen Raum. Mit einem Netzwerk von über 250.000 Experten können wir die richtigen Köpfe in unterschiedlichen Bereichen für sämtliche Data-Labeling-Bedarfe stellen.

Unternehmen wie z.B. Mistral AI und mittelständische Firmen bis hin zu Konzernen arbeiten bereits mit uns im Rahmen ihrer KI-Vorhaben (Post- und Pre-Training von Modellen, Data Labeling anhand von Bildern, RLHF etc.) zusammen.

Wenn Sie ebenfalls Bedarfe in diesen Bereichen haben, würden wir uns freuen, wenn wir euch hier supporten könnten.

Ich freue mich auf den weiteren Austausch.

Viele Grüße
[Ihr Name]
PathWize","<p>Guten Tag,</p>
<p>wir stehen eng mit dem KI Bundesverband im Austausch und haben dort die Info erhalten, dass wir uns mal bei euch melden sollen, da unser Experten-Netzwerk ggf. spannend für euch sein könnte.</p>
<p>Wir bei <a href=""https://www.gopathwize.com"">PathWize</a> sind einer der führenden Anbieter für Data Labeling und Annotation im europäischen Raum. Mit einem Netzwerk von über 250.000 Experten können wir die richtigen Köpfe in unterschiedlichen Bereichen für sämtliche Data-Labeling-Bedarfe stellen.</p>
<p>Unternehmen wie z.B. Mistral AI und mittelständische Firmen bis hin zu Konzernen arbeiten bereits mit uns im Rahmen ihrer KI-Vorhaben (Post- und Pre-Training von Modellen, Data Labeling anhand von Bildern, RLHF etc.) zusammen.</p>
<p>Wenn Sie ebenfalls Bedarfe in diesen Bereichen haben, würden wir uns freuen, wenn wir euch hier supporten könnten.</p>
<p>Ich freue mich auf den weiteren Austausch.</p>
<p>Viele Grüße<br>[Ihr Name]<br>PathWize</p>",""
"564","xelonic technology GmbH","https://xelonic.com/de","Vielleicht","","","keine Mail gefunden","Intro KI Bundesverband - Data Labeling und Annotation für Ihre KI Vorhaben","Guten Tag,","Guten Tag,

wir stehen eng mit dem KI Bundesverband im Austausch und haben dort die Info erhalten, dass wir uns mal bei euch melden sollen, da unser Experten-Netzwerk ggf. spannend für euch sein könnte.

Wir bei PathWize sind einer der führenden Anbieter für Data Labeling und Annotation im europäischen Raum. Mit einem Netzwerk von über 250.000 Experten können wir die richtigen Köpfe in unterschiedlichen Bereichen für sämtliche Data-Labeling-Bedarfe stellen.

Unternehmen wie z.B. Mistral AI und mittelständische Firmen bis hin zu Konzernen arbeiten bereits mit uns im Rahmen ihrer KI-Vorhaben (Post- und Pre-Training von Modellen, Data Labeling anhand von Bildern, RLHF etc.) zusammen.

Wenn Sie ebenfalls Bedarfe in diesen Bereichen haben, würden wir uns freuen, wenn wir euch hier supporten könnten.

Ich freue mich auf den weiteren Austausch.

Viele Grüße
[Ihr Name]
PathWize","<p>Guten Tag,</p>
<p>wir stehen eng mit dem KI Bundesverband im Austausch und haben dort die Info erhalten, dass wir uns mal bei euch melden sollen, da unser Experten-Netzwerk ggf. spannend für euch sein könnte.</p>
<p>Wir bei <a href=""https://www.gopathwize.com"">PathWize</a> sind einer der führenden Anbieter für Data Labeling und Annotation im europäischen Raum. Mit einem Netzwerk von über 250.000 Experten können wir die richtigen Köpfe in unterschiedlichen Bereichen für sämtliche Data-Labeling-Bedarfe stellen.</p>
<p>Unternehmen wie z.B. Mistral AI und mittelständische Firmen bis hin zu Konzernen arbeiten bereits mit uns im Rahmen ihrer KI-Vorhaben (Post- und Pre-Training von Modellen, Data Labeling anhand von Bildern, RLHF etc.) zusammen.</p>
<p>Wenn Sie ebenfalls Bedarfe in diesen Bereichen haben, würden wir uns freuen, wenn wir euch hier supporten könnten.</p>
<p>Ich freue mich auf den weiteren Austausch.</p>
<p>Viele Grüße<br>[Ihr Name]<br>PathWize</p>",""
"565","Xpertim GmbH","https://xpertim.com/en/","Vielleicht","Kader Diagne (Managing Director)","xpert.info@xpertim.com","funktional (Mitarbeiter-Mail)","Intro KI Bundesverband - z.Hd. Kader Diagne - Data Labeling und Annotation für Ihre KI Vorhaben","Hallo Kader Diagne,","Hallo Kader Diagne,

wir stehen eng mit dem KI Bundesverband im Austausch und haben dort die Info erhalten, dass wir uns mal bei euch melden sollen, da unser Experten-Netzwerk ggf. spannend für euch sein könnte.

Wir bei PathWize sind einer der führenden Anbieter für Data Labeling und Annotation im europäischen Raum. Mit einem Netzwerk von über 250.000 Experten können wir die richtigen Köpfe in unterschiedlichen Bereichen für sämtliche Data-Labeling-Bedarfe stellen.

Unternehmen wie z.B. Mistral AI und mittelständische Firmen bis hin zu Konzernen arbeiten bereits mit uns im Rahmen ihrer KI-Vorhaben (Post- und Pre-Training von Modellen, Data Labeling anhand von Bildern, RLHF etc.) zusammen.

Wenn Sie ebenfalls Bedarfe in diesen Bereichen haben, würden wir uns freuen, wenn wir euch hier supporten könnten.

Ich freue mich auf den weiteren Austausch.

Viele Grüße
[Ihr Name]
PathWize","<p>Hallo Kader Diagne,</p>
<p>wir stehen eng mit dem KI Bundesverband im Austausch und haben dort die Info erhalten, dass wir uns mal bei euch melden sollen, da unser Experten-Netzwerk ggf. spannend für euch sein könnte.</p>
<p>Wir bei <a href=""https://www.gopathwize.com"">PathWize</a> sind einer der führenden Anbieter für Data Labeling und Annotation im europäischen Raum. Mit einem Netzwerk von über 250.000 Experten können wir die richtigen Köpfe in unterschiedlichen Bereichen für sämtliche Data-Labeling-Bedarfe stellen.</p>
<p>Unternehmen wie z.B. Mistral AI und mittelständische Firmen bis hin zu Konzernen arbeiten bereits mit uns im Rahmen ihrer KI-Vorhaben (Post- und Pre-Training von Modellen, Data Labeling anhand von Bildern, RLHF etc.) zusammen.</p>
<p>Wenn Sie ebenfalls Bedarfe in diesen Bereichen haben, würden wir uns freuen, wenn wir euch hier supporten könnten.</p>
<p>Ich freue mich auf den weiteren Austausch.</p>
<p>Viele Grüße<br>[Ihr Name]<br>PathWize</p>","xpert.info@xpertim.com"
"566","yasp.ai GmbH","https://yasp.ai/","Vielleicht","Stefan Krassin","contact@yasp.ai","funktional","Intro KI Bundesverband - z.Hd. Stefan Krassin - Data Labeling und Annotation für Ihre KI Vorhaben","Hallo Herr Krassin,","Hallo Herr Krassin,

wir stehen eng mit dem KI Bundesverband im Austausch und haben dort die Info erhalten, dass wir uns mal bei euch melden sollen, da unser Experten-Netzwerk ggf. spannend für euch sein könnte.

Wir bei PathWize sind einer der führenden Anbieter für Data Labeling und Annotation im europäischen Raum. Mit einem Netzwerk von über 250.000 Experten können wir die richtigen Köpfe in unterschiedlichen Bereichen für sämtliche Data-Labeling-Bedarfe stellen.

Unternehmen wie z.B. Mistral AI und mittelständische Firmen bis hin zu Konzernen arbeiten bereits mit uns im Rahmen ihrer KI-Vorhaben (Post- und Pre-Training von Modellen, Data Labeling anhand von Bildern, RLHF etc.) zusammen.

Wenn Sie ebenfalls Bedarfe in diesen Bereichen haben, würden wir uns freuen, wenn wir euch hier supporten könnten.

Ich freue mich auf den weiteren Austausch.

Viele Grüße
[Ihr Name]
PathWize","<p>Hallo Herr Krassin,</p>
<p>wir stehen eng mit dem KI Bundesverband im Austausch und haben dort die Info erhalten, dass wir uns mal bei euch melden sollen, da unser Experten-Netzwerk ggf. spannend für euch sein könnte.</p>
<p>Wir bei <a href=""https://www.gopathwize.com"">PathWize</a> sind einer der führenden Anbieter für Data Labeling und Annotation im europäischen Raum. Mit einem Netzwerk von über 250.000 Experten können wir die richtigen Köpfe in unterschiedlichen Bereichen für sämtliche Data-Labeling-Bedarfe stellen.</p>
<p>Unternehmen wie z.B. Mistral AI und mittelständische Firmen bis hin zu Konzernen arbeiten bereits mit uns im Rahmen ihrer KI-Vorhaben (Post- und Pre-Training von Modellen, Data Labeling anhand von Bildern, RLHF etc.) zusammen.</p>
<p>Wenn Sie ebenfalls Bedarfe in diesen Bereichen haben, würden wir uns freuen, wenn wir euch hier supporten könnten.</p>
<p>Ich freue mich auf den weiteren Austausch.</p>
<p>Viele Grüße<br>[Ihr Name]<br>PathWize</p>","contact@yasp.ai"
"567","Zero Workarounds Solutions GmbH","https://bestcase.work/","Vielleicht","","","keine Mail gefunden","Intro KI Bundesverband - Data Labeling und Annotation für Ihre KI Vorhaben","Guten Tag,","Guten Tag,

wir stehen eng mit dem KI Bundesverband im Austausch und haben dort die Info erhalten, dass wir uns mal bei euch melden sollen, da unser Experten-Netzwerk ggf. spannend für euch sein könnte.

Wir bei PathWize sind einer der führenden Anbieter für Data Labeling und Annotation im europäischen Raum. Mit einem Netzwerk von über 250.000 Experten können wir die richtigen Köpfe in unterschiedlichen Bereichen für sämtliche Data-Labeling-Bedarfe stellen.

Unternehmen wie z.B. Mistral AI und mittelständische Firmen bis hin zu Konzernen arbeiten bereits mit uns im Rahmen ihrer KI-Vorhaben (Post- und Pre-Training von Modellen, Data Labeling anhand von Bildern, RLHF etc.) zusammen.

Wenn Sie ebenfalls Bedarfe in diesen Bereichen haben, würden wir uns freuen, wenn wir euch hier supporten könnten.

Ich freue mich auf den weiteren Austausch.

Viele Grüße
[Ihr Name]
PathWize","<p>Guten Tag,</p>
<p>wir stehen eng mit dem KI Bundesverband im Austausch und haben dort die Info erhalten, dass wir uns mal bei euch melden sollen, da unser Experten-Netzwerk ggf. spannend für euch sein könnte.</p>
<p>Wir bei <a href=""https://www.gopathwize.com"">PathWize</a> sind einer der führenden Anbieter für Data Labeling und Annotation im europäischen Raum. Mit einem Netzwerk von über 250.000 Experten können wir die richtigen Köpfe in unterschiedlichen Bereichen für sämtliche Data-Labeling-Bedarfe stellen.</p>
<p>Unternehmen wie z.B. Mistral AI und mittelständische Firmen bis hin zu Konzernen arbeiten bereits mit uns im Rahmen ihrer KI-Vorhaben (Post- und Pre-Training von Modellen, Data Labeling anhand von Bildern, RLHF etc.) zusammen.</p>
<p>Wenn Sie ebenfalls Bedarfe in diesen Bereichen haben, würden wir uns freuen, wenn wir euch hier supporten könnten.</p>
<p>Ich freue mich auf den weiteren Austausch.</p>
<p>Viele Grüße<br>[Ihr Name]<br>PathWize</p>",""
"568","Zive GmbH","https://www.german.ai/","Vielleicht","","","keine Mail gefunden","Intro KI Bundesverband - Data Labeling und Annotation für Ihre KI Vorhaben","Guten Tag,","Guten Tag,

wir stehen eng mit dem KI Bundesverband im Austausch und haben dort die Info erhalten, dass wir uns mal bei euch melden sollen, da unser Experten-Netzwerk ggf. spannend für euch sein könnte.

Wir bei PathWize sind einer der führenden Anbieter für Data Labeling und Annotation im europäischen Raum. Mit einem Netzwerk von über 250.000 Experten können wir die richtigen Köpfe in unterschiedlichen Bereichen für sämtliche Data-Labeling-Bedarfe stellen.

Unternehmen wie z.B. Mistral AI und mittelständische Firmen bis hin zu Konzernen arbeiten bereits mit uns im Rahmen ihrer KI-Vorhaben (Post- und Pre-Training von Modellen, Data Labeling anhand von Bildern, RLHF etc.) zusammen.

Wenn Sie ebenfalls Bedarfe in diesen Bereichen haben, würden wir uns freuen, wenn wir euch hier supporten könnten.

Ich freue mich auf den weiteren Austausch.

Viele Grüße
[Ihr Name]
PathWize","<p>Guten Tag,</p>
<p>wir stehen eng mit dem KI Bundesverband im Austausch und haben dort die Info erhalten, dass wir uns mal bei euch melden sollen, da unser Experten-Netzwerk ggf. spannend für euch sein könnte.</p>
<p>Wir bei <a href=""https://www.gopathwize.com"">PathWize</a> sind einer der führenden Anbieter für Data Labeling und Annotation im europäischen Raum. Mit einem Netzwerk von über 250.000 Experten können wir die richtigen Köpfe in unterschiedlichen Bereichen für sämtliche Data-Labeling-Bedarfe stellen.</p>
<p>Unternehmen wie z.B. Mistral AI und mittelständische Firmen bis hin zu Konzernen arbeiten bereits mit uns im Rahmen ihrer KI-Vorhaben (Post- und Pre-Training von Modellen, Data Labeling anhand von Bildern, RLHF etc.) zusammen.</p>
<p>Wenn Sie ebenfalls Bedarfe in diesen Bereichen haben, würden wir uns freuen, wenn wir euch hier supporten könnten.</p>
<p>Ich freue mich auf den weiteren Austausch.</p>
<p>Viele Grüße<br>[Ihr Name]<br>PathWize</p>",""
